
===== EXECUTING CELL 1 =====
Found 4 transition/LT_comp groups in Z:\Lab Data\Qudit_Ramsey_raw_data\Bussed_ramsey_detuning_calibration_data\Paper_data
Transitions=[[0, 3, -1], [0, 2, 0]], LT_comp=False, wait groups=33, paper files=199, wait range=[0.0, 32000.0] us
Transitions=[[0, 3, -1], [0, 2, 0]], LT_comp=True, wait groups=33, paper files=141, wait range=[0.0, 32000.0] us
Transitions=[[0, 3, 2], [0, 2, 0]], LT_comp=False, wait groups=21, paper files=158, wait range=[0.0, 4000.0] us
Transitions=[[0, 3, 2], [0, 2, 0]], LT_comp=True, wait groups=21, paper files=155, wait range=[0.0, 4000.0] us

===== EXECUTING CELL 3 =====
-------------------------------------------------------------------------
Wait time: 0.0 Processing files: Z:\Lab Data\Qudit_Ramsey_raw_data\Raw_data_copied\2026\2026_04\2026_04_27\qudit_ramsey_scan_bused_1003
Threshold recalculated using histogram: 11.5
(6, 100, 2)
11.5
Warning: Expected at least 3 columns in the data for shelving detection.
[97, 91, 99, 98, 97, 96]
-------------------------------------------------------------------------
Wait time: 0.0 Processing files: Z:\Lab Data\Qudit_Ramsey_raw_data\Raw_data_copied\2026\2026_04\2026_04_27\qudit_ramsey_scan_bused_1656
Threshold recalculated using histogram: 10.5
(6, 100, 2)
10.5
Warning: Expected at least 3 columns in the data for shelving detection.
[97, 99, 98, 95, 98, 97]
-------------------------------------------------------------------------
Wait time: 0.0 Processing files: Z:\Lab Data\Qudit_Ramsey_raw_data\Raw_data_copied\2026\2026_04\2026_04_27\qudit_ramsey_scan_bused_2274
Threshold recalculated using histogram: 9.5
(6, 100, 2)
9.5
Warning: Expected at least 3 columns in the data for shelving detection.
[99, 98, 98, 99, 98, 99]
-------------------------------------------------------------------------
Wait time: 0.0 Processing files: Z:\Lab Data\Qudit_Ramsey_raw_data\Raw_data_copied\2026\2026_04\2026_04_28\qudit_ramsey_scan_bused_257
Threshold recalculated using histogram: 9.5
(6, 100, 2)
9.5
Warning: Expected at least 3 columns in the data for shelving detection.
[95, 99, 96, 98, 99, 97]
-------------------------------------------------------------------------
Wait time: 0.0 Processing files: Z:\Lab Data\Qudit_Ramsey_raw_data\Raw_data_copied\2026\2026_04\2026_04_28\qudit_ramsey_scan_bused_657
Threshold recalculated using histogram: 9.5
(6, 100, 2)
9.5
Warning: Expected at least 3 columns in the data for shelving detection.
[100, 99, 99, 100, 99, 98]
-------------------------------------------------------------------------
Wait time: 0.0 Processing files: Z:\Lab Data\Qudit_Ramsey_raw_data\Raw_data_copied\2026\2026_04\2026_04_28\qudit_ramsey_scan_bused_1258
Threshold recalculated using histogram: 10.5
(6, 100, 2)
10.5
Warning: Expected at least 3 columns in the data for shelving detection.
[99, 99, 98, 99, 100, 99]
-------------------------------------------------------------------------
Wait time: 0.0 Processing files: Z:\Lab Data\Qudit_Ramsey_raw_data\Raw_data_copied\2026\2026_05\2026_05_01\qudit_ramsey_scan_bused_1146
Threshold recalculated using histogram: 11.5
(6, 100, 2)
11.5
Warning: Expected at least 3 columns in the data for shelving detection.
[95, 92, 91, 94, 93, 96]
-------------------------------------------------------------------------
Wait time: 0.0 Processing files: Z:\Lab Data\Qudit_Ramsey_raw_data\Raw_data_copied\2026\2026_05\2026_05_01\qudit_ramsey_scan_bused_1756
Threshold recalculated using histogram: 9.5
(6, 100, 2)
9.5
Warning: Expected at least 3 columns in the data for shelving detection.
[99, 98, 95, 94, 97, 91]
-------------------------------------------------------------------------
Wait time: 200.0 Processing files: Z:\Lab Data\Qudit_Ramsey_raw_data\Raw_data_copied\2026\2026_04\2026_04_27\qudit_ramsey_scan_bused_1017
Threshold recalculated using histogram: 11.5
(6, 100, 2)
11.5
Warning: Expected at least 3 columns in the data for shelving detection.
[96, 93, 97, 99, 97, 100]
-------------------------------------------------------------------------
Wait time: 200.0 Processing files: Z:\Lab Data\Qudit_Ramsey_raw_data\Raw_data_copied\2026\2026_04\2026_04_27\qudit_ramsey_scan_bused_1670
Threshold recalculated using histogram: 11.5
(6, 100, 2)
11.5
Warning: Expected at least 3 columns in the data for shelving detection.
[94, 95, 95, 98, 98, 99]
-------------------------------------------------------------------------
Wait time: 200.0 Processing files: Z:\Lab Data\Qudit_Ramsey_raw_data\Raw_data_copied\2026\2026_04\2026_04_27\qudit_ramsey_scan_bused_2288
Threshold recalculated using histogram: 11.5
(6, 100, 2)
11.5
Warning: Expected at least 3 columns in the data for shelving detection.
[100, 98, 99, 99, 100, 98]
-------------------------------------------------------------------------
Wait time: 200.0 Processing files: Z:\Lab Data\Qudit_Ramsey_raw_data\Raw_data_copied\2026\2026_04\2026_04_28\qudit_ramsey_scan_bused_271
Threshold recalculated using histogram: 9.5
(6, 100, 2)
9.5
Warning: Expected at least 3 columns in the data for shelving detection.
[99, 98, 100, 97, 99, 99]
-------------------------------------------------------------------------
Wait time: 200.0 Processing files: Z:\Lab Data\Qudit_Ramsey_raw_data\Raw_data_copied\2026\2026_04\2026_04_28\qudit_ramsey_scan_bused_671
Threshold recalculated using histogram: 10.5
(6, 100, 2)
10.5
Warning: Expected at least 3 columns in the data for shelving detection.
[98, 99, 99, 100, 100, 100]
-------------------------------------------------------------------------
Wait time: 200.0 Processing files: Z:\Lab Data\Qudit_Ramsey_raw_data\Raw_data_copied\2026\2026_04\2026_04_28\qudit_ramsey_scan_bused_1272
Threshold recalculated using histogram: 10.5
(6, 100, 2)
10.5
Warning: Expected at least 3 columns in the data for shelving detection.
[99, 100, 99, 99, 100, 99]
-------------------------------------------------------------------------
Wait time: 200.0 Processing files: Z:\Lab Data\Qudit_Ramsey_raw_data\Raw_data_copied\2026\2026_05\2026_05_01\qudit_ramsey_scan_bused_1163
Threshold recalculated using histogram: 9.5
(6, 100, 2)
9.5
Warning: Expected at least 3 columns in the data for shelving detection.
[94, 88, 92, 94, 92, 89]
-------------------------------------------------------------------------
Wait time: 200.0 Processing files: Z:\Lab Data\Qudit_Ramsey_raw_data\Raw_data_copied\2026\2026_05\2026_05_01\qudit_ramsey_scan_bused_1770
Threshold recalculated using histogram: 10.5
(6, 100, 2)
10.5
Warning: Expected at least 3 columns in the data for shelving detection.
[96, 94, 97, 95, 94, 97]
-------------------------------------------------------------------------
Wait time: 400.0 Processing files: Z:\Lab Data\Qudit_Ramsey_raw_data\Raw_data_copied\2026\2026_04\2026_04_27\qudit_ramsey_scan_bused_1031
Threshold recalculated using histogram: 11.5
(6, 100, 2)
11.5
Warning: Expected at least 3 columns in the data for shelving detection.
[99, 96, 95, 96, 94, 99]
-------------------------------------------------------------------------
Wait time: 400.0 Processing files: Z:\Lab Data\Qudit_Ramsey_raw_data\Raw_data_copied\2026\2026_04\2026_04_27\qudit_ramsey_scan_bused_1684
Threshold recalculated using histogram: 11.5
(6, 100, 2)
11.5
Warning: Expected at least 3 columns in the data for shelving detection.
[97, 99, 97, 97, 99, 98]
-------------------------------------------------------------------------
Wait time: 400.0 Processing files: Z:\Lab Data\Qudit_Ramsey_raw_data\Raw_data_copied\2026\2026_04\2026_04_27\qudit_ramsey_scan_bused_2302
Threshold recalculated using histogram: 12.5
(6, 100, 2)
12.5
Warning: Expected at least 3 columns in the data for shelving detection.
[92, 98, 97, 97, 99, 97]
-------------------------------------------------------------------------
Wait time: 400.0 Processing files: Z:\Lab Data\Qudit_Ramsey_raw_data\Raw_data_copied\2026\2026_04\2026_04_28\qudit_ramsey_scan_bused_285
Threshold recalculated using histogram: 10.5
(6, 100, 2)
10.5
Warning: Expected at least 3 columns in the data for shelving detection.
[99, 99, 99, 100, 100, 100]
-------------------------------------------------------------------------
Wait time: 400.0 Processing files: Z:\Lab Data\Qudit_Ramsey_raw_data\Raw_data_copied\2026\2026_04\2026_04_28\qudit_ramsey_scan_bused_685
Threshold recalculated using histogram: 10.5
(6, 100, 2)
10.5
Warning: Expected at least 3 columns in the data for shelving detection.
[98, 100, 99, 99, 99, 100]
-------------------------------------------------------------------------
Wait time: 400.0 Processing files: Z:\Lab Data\Qudit_Ramsey_raw_data\Raw_data_copied\2026\2026_04\2026_04_28\qudit_ramsey_scan_bused_1286
Threshold recalculated using histogram: 9.5
(6, 100, 2)
9.5
Warning: Expected at least 3 columns in the data for shelving detection.
[98, 100, 98, 98, 100, 100]
-------------------------------------------------------------------------
Wait time: 400.0 Processing files: Z:\Lab Data\Qudit_Ramsey_raw_data\Raw_data_copied\2026\2026_05\2026_05_01\qudit_ramsey_scan_bused_1177
Threshold recalculated using histogram: 10.5
(6, 100, 2)
10.5
Warning: Expected at least 3 columns in the data for shelving detection.
[94, 95, 96, 91, 93, 89]
-------------------------------------------------------------------------
Wait time: 400.0 Processing files: Z:\Lab Data\Qudit_Ramsey_raw_data\Raw_data_copied\2026\2026_05\2026_05_01\qudit_ramsey_scan_bused_1784
Threshold recalculated using histogram: 11.5
(6, 100, 2)
11.5
Warning: Expected at least 3 columns in the data for shelving detection.
[93, 93, 93, 96, 94, 94]
-------------------------------------------------------------------------
Wait time: 600.0 Processing files: Z:\Lab Data\Qudit_Ramsey_raw_data\Raw_data_copied\2026\2026_04\2026_04_27\qudit_ramsey_scan_bused_1045
Threshold recalculated using histogram: 11.5
(6, 100, 2)
11.5
Warning: Expected at least 3 columns in the data for shelving detection.
[96, 96, 95, 99, 97, 99]
-------------------------------------------------------------------------
Wait time: 600.0 Processing files: Z:\Lab Data\Qudit_Ramsey_raw_data\Raw_data_copied\2026\2026_04\2026_04_27\qudit_ramsey_scan_bused_1698
Threshold recalculated using histogram: 11.5
(6, 100, 2)
11.5
Warning: Expected at least 3 columns in the data for shelving detection.
[92, 97, 97, 98, 95, 99]
-------------------------------------------------------------------------
Wait time: 600.0 Processing files: Z:\Lab Data\Qudit_Ramsey_raw_data\Raw_data_copied\2026\2026_04\2026_04_27\qudit_ramsey_scan_bused_2316
Threshold recalculated using histogram: 10.5
(6, 100, 2)
10.5
Warning: Expected at least 3 columns in the data for shelving detection.
[95, 98, 97, 99, 96, 99]
-------------------------------------------------------------------------
Wait time: 600.0 Processing files: Z:\Lab Data\Qudit_Ramsey_raw_data\Raw_data_copied\2026\2026_04\2026_04_28\qudit_ramsey_scan_bused_299
Threshold recalculated using histogram: 11.5
(6, 100, 2)
11.5
Warning: Expected at least 3 columns in the data for shelving detection.
[98, 98, 97, 98, 99, 99]
-------------------------------------------------------------------------
Wait time: 600.0 Processing files: Z:\Lab Data\Qudit_Ramsey_raw_data\Raw_data_copied\2026\2026_04\2026_04_28\qudit_ramsey_scan_bused_699
Threshold recalculated using histogram: 10.5
(6, 100, 2)
10.5
Warning: Expected at least 3 columns in the data for shelving detection.
[99, 98, 100, 98, 100, 99]
-------------------------------------------------------------------------
Wait time: 600.0 Processing files: Z:\Lab Data\Qudit_Ramsey_raw_data\Raw_data_copied\2026\2026_04\2026_04_28\qudit_ramsey_scan_bused_1303
Threshold recalculated using histogram: 10.5
(6, 100, 2)
10.5
Warning: Expected at least 3 columns in the data for shelving detection.
[100, 100, 98, 100, 98, 100]
-------------------------------------------------------------------------
Wait time: 600.0 Processing files: Z:\Lab Data\Qudit_Ramsey_raw_data\Raw_data_copied\2026\2026_05\2026_05_01\qudit_ramsey_scan_bused_1191
Threshold recalculated using histogram: 10.5
(6, 100, 2)
10.5
Warning: Expected at least 3 columns in the data for shelving detection.
[91, 92, 95, 96, 96, 94]
-------------------------------------------------------------------------
Wait time: 600.0 Processing files: Z:\Lab Data\Qudit_Ramsey_raw_data\Raw_data_copied\2026\2026_05\2026_05_01\qudit_ramsey_scan_bused_1801
Threshold recalculated using histogram: 11.5
(6, 100, 2)
11.5
Warning: Expected at least 3 columns in the data for shelving detection.
[95, 94, 94, 99, 97, 96]
-------------------------------------------------------------------------
Wait time: 800.0 Processing files: Z:\Lab Data\Qudit_Ramsey_raw_data\Raw_data_copied\2026\2026_04\2026_04_27\qudit_ramsey_scan_bused_1059
Threshold recalculated using histogram: 12.5
(6, 100, 2)
12.5
Warning: Expected at least 3 columns in the data for shelving detection.
[97, 97, 97, 99, 96, 91]
-------------------------------------------------------------------------
Wait time: 800.0 Processing files: Z:\Lab Data\Qudit_Ramsey_raw_data\Raw_data_copied\2026\2026_04\2026_04_27\qudit_ramsey_scan_bused_1712
Threshold recalculated using histogram: 10.5
(6, 100, 2)
10.5
Warning: Expected at least 3 columns in the data for shelving detection.
[99, 92, 93, 89, 95, 95]
-------------------------------------------------------------------------
Wait time: 800.0 Processing files: Z:\Lab Data\Qudit_Ramsey_raw_data\Raw_data_copied\2026\2026_04\2026_04_27\qudit_ramsey_scan_bused_2330
Threshold recalculated using histogram: 12.5
(6, 100, 2)
12.5
Warning: Expected at least 3 columns in the data for shelving detection.
[97, 99, 99, 98, 99, 99]
-------------------------------------------------------------------------
Wait time: 800.0 Processing files: Z:\Lab Data\Qudit_Ramsey_raw_data\Raw_data_copied\2026\2026_04\2026_04_28\qudit_ramsey_scan_bused_313
Threshold recalculated using histogram: 10.5
(6, 100, 2)
10.5
Warning: Expected at least 3 columns in the data for shelving detection.
[100, 100, 99, 100, 100, 99]
-------------------------------------------------------------------------
Wait time: 800.0 Processing files: Z:\Lab Data\Qudit_Ramsey_raw_data\Raw_data_copied\2026\2026_04\2026_04_28\qudit_ramsey_scan_bused_713
Threshold recalculated using histogram: 9.5
(6, 100, 2)
9.5
Warning: Expected at least 3 columns in the data for shelving detection.
[99, 99, 100, 98, 99, 100]
-------------------------------------------------------------------------
Wait time: 800.0 Processing files: Z:\Lab Data\Qudit_Ramsey_raw_data\Raw_data_copied\2026\2026_04\2026_04_28\qudit_ramsey_scan_bused_1317
Threshold recalculated using histogram: 10.5
(6, 100, 2)
10.5
Warning: Expected at least 3 columns in the data for shelving detection.
[99, 98, 98, 100, 98, 99]
-------------------------------------------------------------------------
Wait time: 800.0 Processing files: Z:\Lab Data\Qudit_Ramsey_raw_data\Raw_data_copied\2026\2026_05\2026_05_01\qudit_ramsey_scan_bused_1205
Threshold recalculated using histogram: 10.5
(6, 100, 2)
10.5
Warning: Expected at least 3 columns in the data for shelving detection.
[91, 97, 94, 95, 96, 95]
-------------------------------------------------------------------------
Wait time: 800.0 Processing files: Z:\Lab Data\Qudit_Ramsey_raw_data\Raw_data_copied\2026\2026_05\2026_05_01\qudit_ramsey_scan_bused_1815
Threshold recalculated using histogram: 10.5
(6, 100, 2)
10.5
Warning: Expected at least 3 columns in the data for shelving detection.
[95, 93, 95, 95, 100, 97]
-------------------------------------------------------------------------
Wait time: 1000.0 Processing files: Z:\Lab Data\Qudit_Ramsey_raw_data\Raw_data_copied\2026\2026_04\2026_04_27\qudit_ramsey_scan_bused_1073
Threshold recalculated using histogram: 10.5
(6, 100, 2)
10.5
Warning: Expected at least 3 columns in the data for shelving detection.
[94, 96, 98, 97, 96, 92]
-------------------------------------------------------------------------
Wait time: 1000.0 Processing files: Z:\Lab Data\Qudit_Ramsey_raw_data\Raw_data_copied\2026\2026_04\2026_04_27\qudit_ramsey_scan_bused_1726
Threshold recalculated using histogram: 11.5
(6, 100, 2)
11.5
Warning: Expected at least 3 columns in the data for shelving detection.
[96, 99, 96, 97, 96, 98]
-------------------------------------------------------------------------
Wait time: 1000.0 Processing files: Z:\Lab Data\Qudit_Ramsey_raw_data\Raw_data_copied\2026\2026_04\2026_04_27\qudit_ramsey_scan_bused_2344
Threshold recalculated using histogram: 10.5
(6, 100, 2)
10.5
Warning: Expected at least 3 columns in the data for shelving detection.
[98, 96, 98, 98, 98, 98]
-------------------------------------------------------------------------
Wait time: 1000.0 Processing files: Z:\Lab Data\Qudit_Ramsey_raw_data\Raw_data_copied\2026\2026_04\2026_04_28\qudit_ramsey_scan_bused_327
Threshold recalculated using histogram: 10.5
(6, 100, 2)
10.5
Warning: Expected at least 3 columns in the data for shelving detection.
[99, 96, 100, 100, 98, 100]
-------------------------------------------------------------------------
Wait time: 1000.0 Processing files: Z:\Lab Data\Qudit_Ramsey_raw_data\Raw_data_copied\2026\2026_04\2026_04_28\qudit_ramsey_scan_bused_727
Threshold recalculated using histogram: 9.5
(6, 100, 2)
9.5
Warning: Expected at least 3 columns in the data for shelving detection.
[99, 99, 99, 100, 99, 100]
-------------------------------------------------------------------------
Wait time: 1000.0 Processing files: Z:\Lab Data\Qudit_Ramsey_raw_data\Raw_data_copied\2026\2026_04\2026_04_28\qudit_ramsey_scan_bused_1331
Threshold recalculated using histogram: 10.5
(6, 100, 2)
10.5
Warning: Expected at least 3 columns in the data for shelving detection.
[95, 96, 98, 99, 100, 98]
-------------------------------------------------------------------------
Wait time: 1000.0 Processing files: Z:\Lab Data\Qudit_Ramsey_raw_data\Raw_data_copied\2026\2026_05\2026_05_01\qudit_ramsey_scan_bused_1219
Threshold recalculated using histogram: 13.5
(6, 100, 2)
13.5
Warning: Expected at least 3 columns in the data for shelving detection.
[91, 98, 90, 95, 93, 96]
-------------------------------------------------------------------------
Wait time: 1000.0 Processing files: Z:\Lab Data\Qudit_Ramsey_raw_data\Raw_data_copied\2026\2026_05\2026_05_01\qudit_ramsey_scan_bused_1829
Threshold recalculated using histogram: 11.5
(6, 100, 2)
11.5
Warning: Expected at least 3 columns in the data for shelving detection.
[99, 97, 98, 100, 97, 93]
-------------------------------------------------------------------------
Wait time: 1200.0 Processing files: Z:\Lab Data\Qudit_Ramsey_raw_data\Raw_data_copied\2026\2026_04\2026_04_27\qudit_ramsey_scan_bused_1087
Threshold recalculated using histogram: 10.5
(6, 100, 2)
10.5
Warning: Expected at least 3 columns in the data for shelving detection.
[98, 95, 94, 92, 96, 23]
-------------------------------------------------------------------------
Wait time: 1200.0 Processing files: Z:\Lab Data\Qudit_Ramsey_raw_data\Raw_data_copied\2026\2026_04\2026_04_27\qudit_ramsey_scan_bused_1740
Threshold recalculated using histogram: 10.5
(6, 100, 2)
10.5
Warning: Expected at least 3 columns in the data for shelving detection.
[96, 100, 99, 100, 98, 97]
-------------------------------------------------------------------------
Wait time: 1200.0 Processing files: Z:\Lab Data\Qudit_Ramsey_raw_data\Raw_data_copied\2026\2026_04\2026_04_27\qudit_ramsey_scan_bused_2358
Threshold recalculated using histogram: 11.5
(6, 100, 2)
11.5
Warning: Expected at least 3 columns in the data for shelving detection.
[96, 99, 97, 98, 98, 98]
-------------------------------------------------------------------------
Wait time: 1200.0 Processing files: Z:\Lab Data\Qudit_Ramsey_raw_data\Raw_data_copied\2026\2026_04\2026_04_28\qudit_ramsey_scan_bused_344
Threshold recalculated using histogram: 11.5
(6, 100, 2)
11.5
Warning: Expected at least 3 columns in the data for shelving detection.
[100, 99, 98, 99, 99, 96]
-------------------------------------------------------------------------
Wait time: 1200.0 Processing files: Z:\Lab Data\Qudit_Ramsey_raw_data\Raw_data_copied\2026\2026_04\2026_04_28\qudit_ramsey_scan_bused_741
Threshold recalculated using histogram: 9.5
(6, 100, 2)
9.5
Warning: Expected at least 3 columns in the data for shelving detection.
[99, 100, 99, 98, 100, 99]
-------------------------------------------------------------------------
Wait time: 1200.0 Processing files: Z:\Lab Data\Qudit_Ramsey_raw_data\Raw_data_copied\2026\2026_04\2026_04_28\qudit_ramsey_scan_bused_1345
Threshold recalculated using histogram: 11.5
(6, 100, 2)
11.5
Warning: Expected at least 3 columns in the data for shelving detection.
[96, 97, 100, 98, 100, 96]
-------------------------------------------------------------------------
Wait time: 1200.0 Processing files: Z:\Lab Data\Qudit_Ramsey_raw_data\Raw_data_copied\2026\2026_05\2026_05_01\qudit_ramsey_scan_bused_1233
Threshold recalculated using histogram: 10.5
(6, 100, 2)
10.5
Warning: Expected at least 3 columns in the data for shelving detection.
[87, 95, 93, 95, 96, 95]
-------------------------------------------------------------------------
Wait time: 1200.0 Processing files: Z:\Lab Data\Qudit_Ramsey_raw_data\Raw_data_copied\2026\2026_05\2026_05_01\qudit_ramsey_scan_bused_1843
Threshold recalculated using histogram: 9.5
(6, 100, 2)
9.5
Warning: Expected at least 3 columns in the data for shelving detection.
[98, 96, 97, 97, 98, 94]
-------------------------------------------------------------------------
Wait time: 1400.0 Processing files: Z:\Lab Data\Qudit_Ramsey_raw_data\Raw_data_copied\2026\2026_04\2026_04_27\qudit_ramsey_scan_bused_1107
Threshold recalculated using histogram: 10.5
(6, 100, 2)
10.5
Warning: Expected at least 3 columns in the data for shelving detection.
[91, 97, 98, 98, 97, 93]
-------------------------------------------------------------------------
Wait time: 1400.0 Processing files: Z:\Lab Data\Qudit_Ramsey_raw_data\Raw_data_copied\2026\2026_04\2026_04_27\qudit_ramsey_scan_bused_1754
Threshold recalculated using histogram: 11.5
(6, 100, 2)
11.5
Warning: Expected at least 3 columns in the data for shelving detection.
[98, 96, 97, 98, 94, 99]
-------------------------------------------------------------------------
Wait time: 1400.0 Processing files: Z:\Lab Data\Qudit_Ramsey_raw_data\Raw_data_copied\2026\2026_04\2026_04_27\qudit_ramsey_scan_bused_2372
Threshold recalculated using histogram: 10.5
(6, 100, 2)
10.5
Warning: Expected at least 3 columns in the data for shelving detection.
[97, 98, 100, 99, 100, 99]
-------------------------------------------------------------------------
Wait time: 1400.0 Processing files: Z:\Lab Data\Qudit_Ramsey_raw_data\Raw_data_copied\2026\2026_04\2026_04_28\qudit_ramsey_scan_bused_358
Threshold recalculated using histogram: 10.5
(6, 100, 2)
10.5
Warning: Expected at least 3 columns in the data for shelving detection.
[98, 100, 99, 100, 99, 100]
-------------------------------------------------------------------------
Wait time: 1400.0 Processing files: Z:\Lab Data\Qudit_Ramsey_raw_data\Raw_data_copied\2026\2026_04\2026_04_28\qudit_ramsey_scan_bused_755
Threshold recalculated using histogram: 9.5
(6, 100, 2)
9.5
Warning: Expected at least 3 columns in the data for shelving detection.
[100, 99, 99, 100, 98, 100]
-------------------------------------------------------------------------
Wait time: 1400.0 Processing files: Z:\Lab Data\Qudit_Ramsey_raw_data\Raw_data_copied\2026\2026_04\2026_04_28\qudit_ramsey_scan_bused_1359
Threshold recalculated using histogram: 9.5
(6, 100, 2)
9.5
Warning: Expected at least 3 columns in the data for shelving detection.
[100, 99, 99, 98, 100, 100]
-------------------------------------------------------------------------
Wait time: 1400.0 Processing files: Z:\Lab Data\Qudit_Ramsey_raw_data\Raw_data_copied\2026\2026_05\2026_05_01\qudit_ramsey_scan_bused_1247
Threshold recalculated using histogram: 11.5
(6, 100, 2)
11.5
Warning: Expected at least 3 columns in the data for shelving detection.
[95, 91, 95, 96, 92, 95]
-------------------------------------------------------------------------
Wait time: 1600.0 Processing files: Z:\Lab Data\Qudit_Ramsey_raw_data\Raw_data_copied\2026\2026_04\2026_04_27\qudit_ramsey_scan_bused_1121
Threshold recalculated using histogram: 14.5
(6, 100, 2)
14.5
Warning: Expected at least 3 columns in the data for shelving detection.
[98, 98, 100, 99, 96, 97]
-------------------------------------------------------------------------
Wait time: 1600.0 Processing files: Z:\Lab Data\Qudit_Ramsey_raw_data\Raw_data_copied\2026\2026_04\2026_04_27\qudit_ramsey_scan_bused_1768
Threshold recalculated using histogram: 9.5
(6, 100, 2)
9.5
Warning: Expected at least 3 columns in the data for shelving detection.
[99, 99, 98, 100, 99, 96]
-------------------------------------------------------------------------
Wait time: 1600.0 Processing files: Z:\Lab Data\Qudit_Ramsey_raw_data\Raw_data_copied\2026\2026_04\2026_04_27\qudit_ramsey_scan_bused_2386
Threshold recalculated using histogram: 10.5
(6, 100, 2)
10.5
Warning: Expected at least 3 columns in the data for shelving detection.
[99, 100, 100, 99, 99, 100]
-------------------------------------------------------------------------
Wait time: 1600.0 Processing files: Z:\Lab Data\Qudit_Ramsey_raw_data\Raw_data_copied\2026\2026_04\2026_04_28\qudit_ramsey_scan_bused_372
Threshold recalculated using histogram: 9.5
(6, 100, 2)
9.5
Warning: Expected at least 3 columns in the data for shelving detection.
[97, 99, 99, 98, 100, 99]
-------------------------------------------------------------------------
Wait time: 1600.0 Processing files: Z:\Lab Data\Qudit_Ramsey_raw_data\Raw_data_copied\2026\2026_04\2026_04_28\qudit_ramsey_scan_bused_769
Threshold recalculated using histogram: 10.5
(6, 100, 2)
10.5
Warning: Expected at least 3 columns in the data for shelving detection.
[100, 100, 98, 100, 98, 98]
-------------------------------------------------------------------------
Wait time: 1600.0 Processing files: Z:\Lab Data\Qudit_Ramsey_raw_data\Raw_data_copied\2026\2026_04\2026_04_28\qudit_ramsey_scan_bused_1373
Threshold recalculated using histogram: 11.5
(6, 100, 2)
11.5
Warning: Expected at least 3 columns in the data for shelving detection.
[99, 96, 99, 97, 98, 96]
-------------------------------------------------------------------------
Wait time: 1600.0 Processing files: Z:\Lab Data\Qudit_Ramsey_raw_data\Raw_data_copied\2026\2026_05\2026_05_01\qudit_ramsey_scan_bused_1278
Threshold recalculated using histogram: 10.5
(6, 100, 2)
10.5
Warning: Expected at least 3 columns in the data for shelving detection.
[95, 95, 96, 95, 97, 94]
-------------------------------------------------------------------------
Wait time: 1600.0 Processing files: Z:\Lab Data\Qudit_Ramsey_raw_data\Raw_data_copied\2026\2026_05\2026_05_01\qudit_ramsey_scan_bused_1908
Threshold recalculated using histogram: 9.5
(6, 100, 2)
9.5
Warning: Expected at least 3 columns in the data for shelving detection.
[98, 99, 99, 100, 99, 99]
-------------------------------------------------------------------------
Wait time: 1800.0 Processing files: Z:\Lab Data\Qudit_Ramsey_raw_data\Raw_data_copied\2026\2026_04\2026_04_27\qudit_ramsey_scan_bused_1135
Threshold recalculated using histogram: 9.5
(6, 100, 2)
9.5
Warning: Expected at least 3 columns in the data for shelving detection.
[98, 99, 99, 96, 97, 98]
-------------------------------------------------------------------------
Wait time: 1800.0 Processing files: Z:\Lab Data\Qudit_Ramsey_raw_data\Raw_data_copied\2026\2026_04\2026_04_27\qudit_ramsey_scan_bused_1782
Threshold recalculated using histogram: 11.5
(6, 100, 2)
11.5
Warning: Expected at least 3 columns in the data for shelving detection.
[98, 98, 99, 98, 99, 99]
-------------------------------------------------------------------------
Wait time: 1800.0 Processing files: Z:\Lab Data\Qudit_Ramsey_raw_data\Raw_data_copied\2026\2026_04\2026_04_27\qudit_ramsey_scan_bused_2400
Threshold recalculated using histogram: 10.5
(6, 100, 2)
10.5
Warning: Expected at least 3 columns in the data for shelving detection.
[99, 100, 99, 99, 99, 99]
-------------------------------------------------------------------------
Wait time: 1800.0 Processing files: Z:\Lab Data\Qudit_Ramsey_raw_data\Raw_data_copied\2026\2026_04\2026_04_28\qudit_ramsey_scan_bused_783
Threshold recalculated using histogram: 8.5
(6, 100, 2)
8.5
Warning: Expected at least 3 columns in the data for shelving detection.
[98, 99, 99, 100, 100, 99]
-------------------------------------------------------------------------
Wait time: 1800.0 Processing files: Z:\Lab Data\Qudit_Ramsey_raw_data\Raw_data_copied\2026\2026_04\2026_04_28\qudit_ramsey_scan_bused_1387
Threshold recalculated using histogram: 10.5
(6, 100, 2)
10.5
Warning: Expected at least 3 columns in the data for shelving detection.
[100, 97, 97, 98, 100, 100]
-------------------------------------------------------------------------
Wait time: 1800.0 Processing files: Z:\Lab Data\Qudit_Ramsey_raw_data\Raw_data_copied\2026\2026_05\2026_05_01\qudit_ramsey_scan_bused_1292
Threshold recalculated using histogram: 10.5
(6, 100, 2)
10.5
Warning: Expected at least 3 columns in the data for shelving detection.
[93, 95, 95, 93, 99, 96]
-------------------------------------------------------------------------
Wait time: 1800.0 Processing files: Z:\Lab Data\Qudit_Ramsey_raw_data\Raw_data_copied\2026\2026_05\2026_05_01\qudit_ramsey_scan_bused_1922
Threshold recalculated using histogram: 9.5
(6, 100, 2)
9.5
Warning: Expected at least 3 columns in the data for shelving detection.
[97, 100, 97, 98, 98, 98]
-------------------------------------------------------------------------
Wait time: 2000.0 Processing files: Z:\Lab Data\Qudit_Ramsey_raw_data\Raw_data_copied\2026\2026_04\2026_04_27\qudit_ramsey_scan_bused_1149
Threshold recalculated using histogram: 10.5
(6, 100, 2)
10.5
Warning: Expected at least 3 columns in the data for shelving detection.
[95, 98, 98, 99, 98, 93]
-------------------------------------------------------------------------
Wait time: 2000.0 Processing files: Z:\Lab Data\Qudit_Ramsey_raw_data\Raw_data_copied\2026\2026_04\2026_04_27\qudit_ramsey_scan_bused_1796
Threshold recalculated using histogram: 10.5
(6, 100, 2)
10.5
Warning: Expected at least 3 columns in the data for shelving detection.
[100, 98, 100, 97, 99, 98]
-------------------------------------------------------------------------
Wait time: 2000.0 Processing files: Z:\Lab Data\Qudit_Ramsey_raw_data\Raw_data_copied\2026\2026_04\2026_04_27\qudit_ramsey_scan_bused_2414
Threshold recalculated using histogram: 10.5
(6, 100, 2)
10.5
Warning: Expected at least 3 columns in the data for shelving detection.
[99, 99, 99, 97, 99, 99]
-------------------------------------------------------------------------
Wait time: 2000.0 Processing files: Z:\Lab Data\Qudit_Ramsey_raw_data\Raw_data_copied\2026\2026_04\2026_04_28\qudit_ramsey_scan_bused_797
Threshold recalculated using histogram: 10.5
(6, 100, 2)
10.5
Warning: Expected at least 3 columns in the data for shelving detection.
[100, 100, 98, 98, 99, 98]
-------------------------------------------------------------------------
Wait time: 2000.0 Processing files: Z:\Lab Data\Qudit_Ramsey_raw_data\Raw_data_copied\2026\2026_04\2026_04_28\qudit_ramsey_scan_bused_1401
Threshold recalculated using histogram: 9.5
(6, 100, 2)
9.5
Warning: Expected at least 3 columns in the data for shelving detection.
[98, 97, 100, 100, 99, 99]
-------------------------------------------------------------------------
Wait time: 2000.0 Processing files: Z:\Lab Data\Qudit_Ramsey_raw_data\Raw_data_copied\2026\2026_05\2026_05_01\qudit_ramsey_scan_bused_1306
Threshold recalculated using histogram: 11.5
(6, 100, 2)
11.5
Warning: Expected at least 3 columns in the data for shelving detection.
[95, 95, 98, 93, 92, 95]
-------------------------------------------------------------------------
Wait time: 2000.0 Processing files: Z:\Lab Data\Qudit_Ramsey_raw_data\Raw_data_copied\2026\2026_05\2026_05_01\qudit_ramsey_scan_bused_1936
Threshold recalculated using histogram: 8.5
(6, 100, 2)
8.5
Warning: Expected at least 3 columns in the data for shelving detection.
[100, 100, 100, 96, 97, 100]
-------------------------------------------------------------------------
Wait time: 2200.0 Processing files: Z:\Lab Data\Qudit_Ramsey_raw_data\Raw_data_copied\2026\2026_04\2026_04_27\qudit_ramsey_scan_bused_1163
Threshold recalculated using histogram: 12.5
(6, 100, 2)
12.5
Warning: Expected at least 3 columns in the data for shelving detection.
[96, 97, 95, 99, 100, 99]
-------------------------------------------------------------------------
Wait time: 2200.0 Processing files: Z:\Lab Data\Qudit_Ramsey_raw_data\Raw_data_copied\2026\2026_04\2026_04_27\qudit_ramsey_scan_bused_1810
Threshold recalculated using histogram: 10.5
(6, 100, 2)
10.5
Warning: Expected at least 3 columns in the data for shelving detection.
[98, 98, 99, 98, 96, 97]
-------------------------------------------------------------------------
Wait time: 2200.0 Processing files: Z:\Lab Data\Qudit_Ramsey_raw_data\Raw_data_copied\2026\2026_04\2026_04_27\qudit_ramsey_scan_bused_2428
Threshold recalculated using histogram: 12.5
(6, 100, 2)
12.5
Warning: Expected at least 3 columns in the data for shelving detection.
[98, 94, 96, 96, 100, 98]
-------------------------------------------------------------------------
Wait time: 2200.0 Processing files: Z:\Lab Data\Qudit_Ramsey_raw_data\Raw_data_copied\2026\2026_04\2026_04_28\qudit_ramsey_scan_bused_811
Threshold recalculated using histogram: 9.5
(6, 100, 2)
9.5
Warning: Expected at least 3 columns in the data for shelving detection.
[99, 98, 98, 97, 99, 98]
-------------------------------------------------------------------------
Wait time: 2200.0 Processing files: Z:\Lab Data\Qudit_Ramsey_raw_data\Raw_data_copied\2026\2026_04\2026_04_28\qudit_ramsey_scan_bused_1417
Threshold recalculated using histogram: 10.5
(6, 100, 2)
10.5
Warning: Expected at least 3 columns in the data for shelving detection.
[99, 99, 100, 100, 98, 99]
-------------------------------------------------------------------------
Wait time: 2200.0 Processing files: Z:\Lab Data\Qudit_Ramsey_raw_data\Raw_data_copied\2026\2026_05\2026_05_01\qudit_ramsey_scan_bused_1320
Threshold recalculated using histogram: 9.5
(6, 100, 2)
9.5
Warning: Expected at least 3 columns in the data for shelving detection.
[96, 93, 97, 95, 97, 94]
-------------------------------------------------------------------------
Wait time: 2200.0 Processing files: Z:\Lab Data\Qudit_Ramsey_raw_data\Raw_data_copied\2026\2026_05\2026_05_01\qudit_ramsey_scan_bused_1950
Threshold recalculated using histogram: 9.5
(6, 100, 2)
9.5
Warning: Expected at least 3 columns in the data for shelving detection.
[98, 100, 99, 96, 97, 100]
-------------------------------------------------------------------------
Wait time: 2400.0 Processing files: Z:\Lab Data\Qudit_Ramsey_raw_data\Raw_data_copied\2026\2026_04\2026_04_27\qudit_ramsey_scan_bused_1177
Threshold recalculated using histogram: 10.5
(6, 100, 2)
10.5
Warning: Expected at least 3 columns in the data for shelving detection.
[97, 99, 94, 93, 97, 97]
-------------------------------------------------------------------------
Wait time: 2400.0 Processing files: Z:\Lab Data\Qudit_Ramsey_raw_data\Raw_data_copied\2026\2026_04\2026_04_27\qudit_ramsey_scan_bused_1824
Threshold recalculated using histogram: 10.5
(6, 100, 2)
10.5
Warning: Expected at least 3 columns in the data for shelving detection.
[96, 97, 99, 96, 96, 99]
-------------------------------------------------------------------------
Wait time: 2400.0 Processing files: Z:\Lab Data\Qudit_Ramsey_raw_data\Raw_data_copied\2026\2026_04\2026_04_27\qudit_ramsey_scan_bused_2442
Threshold recalculated using histogram: 11.5
(6, 100, 2)
11.5
Warning: Expected at least 3 columns in the data for shelving detection.
[99, 99, 96, 97, 99, 99]
-------------------------------------------------------------------------
Wait time: 2400.0 Processing files: Z:\Lab Data\Qudit_Ramsey_raw_data\Raw_data_copied\2026\2026_04\2026_04_28\qudit_ramsey_scan_bused_825
Threshold recalculated using histogram: 9.5
(6, 100, 2)
9.5
Warning: Expected at least 3 columns in the data for shelving detection.
[100, 100, 99, 100, 98, 99]
-------------------------------------------------------------------------
Wait time: 2400.0 Processing files: Z:\Lab Data\Qudit_Ramsey_raw_data\Raw_data_copied\2026\2026_04\2026_04_28\qudit_ramsey_scan_bused_1431
Threshold recalculated using histogram: 9.5
(6, 100, 2)
9.5
Warning: Expected at least 3 columns in the data for shelving detection.
[99, 99, 96, 99, 97, 100]
-------------------------------------------------------------------------
Wait time: 2400.0 Processing files: Z:\Lab Data\Qudit_Ramsey_raw_data\Raw_data_copied\2026\2026_05\2026_05_01\qudit_ramsey_scan_bused_1334
Threshold recalculated using histogram: 10.5
(6, 100, 2)
10.5
Warning: Expected at least 3 columns in the data for shelving detection.
[96, 94, 97, 99, 98, 96]
-------------------------------------------------------------------------
Wait time: 2400.0 Processing files: Z:\Lab Data\Qudit_Ramsey_raw_data\Raw_data_copied\2026\2026_05\2026_05_01\qudit_ramsey_scan_bused_1964
Threshold recalculated using histogram: 9.5
(6, 100, 2)
9.5
Warning: Expected at least 3 columns in the data for shelving detection.
[99, 100, 97, 99, 100, 98]
-------------------------------------------------------------------------
Wait time: 2600.0 Processing files: Z:\Lab Data\Qudit_Ramsey_raw_data\Raw_data_copied\2026\2026_04\2026_04_27\qudit_ramsey_scan_bused_1191
Threshold recalculated using histogram: 9.5
(6, 100, 2)
9.5
Warning: Expected at least 3 columns in the data for shelving detection.
[94, 98, 97, 93, 94, 87]
-------------------------------------------------------------------------
Wait time: 2600.0 Processing files: Z:\Lab Data\Qudit_Ramsey_raw_data\Raw_data_copied\2026\2026_04\2026_04_27\qudit_ramsey_scan_bused_1838
Threshold recalculated using histogram: 13.5
(6, 100, 2)
13.5
Warning: Expected at least 3 columns in the data for shelving detection.
[97, 97, 96, 99, 98, 100]
-------------------------------------------------------------------------
Wait time: 2600.0 Processing files: Z:\Lab Data\Qudit_Ramsey_raw_data\Raw_data_copied\2026\2026_04\2026_04_27\qudit_ramsey_scan_bused_2456
Threshold recalculated using histogram: 10.5
(6, 100, 2)
10.5
Warning: Expected at least 3 columns in the data for shelving detection.
[99, 98, 95, 95, 97, 95]
-------------------------------------------------------------------------
Wait time: 2600.0 Processing files: Z:\Lab Data\Qudit_Ramsey_raw_data\Raw_data_copied\2026\2026_04\2026_04_28\qudit_ramsey_scan_bused_839
Threshold recalculated using histogram: 10.5
(6, 100, 2)
10.5
Warning: Expected at least 3 columns in the data for shelving detection.
[99, 98, 100, 100, 97, 99]
-------------------------------------------------------------------------
Wait time: 2600.0 Processing files: Z:\Lab Data\Qudit_Ramsey_raw_data\Raw_data_copied\2026\2026_04\2026_04_28\qudit_ramsey_scan_bused_1445
Threshold recalculated using histogram: 9.5
(6, 100, 2)
9.5
Warning: Expected at least 3 columns in the data for shelving detection.
[100, 99, 98, 99, 99, 99]
-------------------------------------------------------------------------
Wait time: 2600.0 Processing files: Z:\Lab Data\Qudit_Ramsey_raw_data\Raw_data_copied\2026\2026_05\2026_05_01\qudit_ramsey_scan_bused_1348
Threshold recalculated using histogram: 9.5
(6, 100, 2)
9.5
Warning: Expected at least 3 columns in the data for shelving detection.
[97, 98, 98, 100, 99, 97]
-------------------------------------------------------------------------
Wait time: 2600.0 Processing files: Z:\Lab Data\Qudit_Ramsey_raw_data\Raw_data_copied\2026\2026_05\2026_05_01\qudit_ramsey_scan_bused_1978
Threshold recalculated using histogram: 11.5
(6, 100, 2)
11.5
Warning: Expected at least 3 columns in the data for shelving detection.
[97, 100, 100, 97, 99, 98]
-------------------------------------------------------------------------
Wait time: 2800.0 Processing files: Z:\Lab Data\Qudit_Ramsey_raw_data\Raw_data_copied\2026\2026_04\2026_04_27\qudit_ramsey_scan_bused_1205
Threshold recalculated using histogram: 10.5
(6, 100, 2)
10.5
Warning: Expected at least 3 columns in the data for shelving detection.
[92, 91, 91, 90, 95, 96]
-------------------------------------------------------------------------
Wait time: 2800.0 Processing files: Z:\Lab Data\Qudit_Ramsey_raw_data\Raw_data_copied\2026\2026_04\2026_04_27\qudit_ramsey_scan_bused_1852
Threshold recalculated using histogram: 11.5
(6, 100, 2)
11.5
Warning: Expected at least 3 columns in the data for shelving detection.
[97, 99, 95, 100, 99, 96]
-------------------------------------------------------------------------
Wait time: 2800.0 Processing files: Z:\Lab Data\Qudit_Ramsey_raw_data\Raw_data_copied\2026\2026_04\2026_04_27\qudit_ramsey_scan_bused_2470
Threshold recalculated using histogram: 10.5
(6, 100, 2)
10.5
Warning: Expected at least 3 columns in the data for shelving detection.
[94, 99, 99, 97, 97, 98]
-------------------------------------------------------------------------
Wait time: 2800.0 Processing files: Z:\Lab Data\Qudit_Ramsey_raw_data\Raw_data_copied\2026\2026_04\2026_04_28\qudit_ramsey_scan_bused_853
Threshold recalculated using histogram: 9.5
(6, 100, 2)
9.5
Warning: Expected at least 3 columns in the data for shelving detection.
[98, 98, 100, 100, 100, 99]
-------------------------------------------------------------------------
Wait time: 2800.0 Processing files: Z:\Lab Data\Qudit_Ramsey_raw_data\Raw_data_copied\2026\2026_04\2026_04_28\qudit_ramsey_scan_bused_1459
Threshold recalculated using histogram: 10.5
(6, 100, 2)
10.5
Warning: Expected at least 3 columns in the data for shelving detection.
[98, 99, 99, 99, 99, 100]
-------------------------------------------------------------------------
Wait time: 2800.0 Processing files: Z:\Lab Data\Qudit_Ramsey_raw_data\Raw_data_copied\2026\2026_05\2026_05_01\qudit_ramsey_scan_bused_1362
Threshold recalculated using histogram: 11.5
(6, 100, 2)
11.5
Warning: Expected at least 3 columns in the data for shelving detection.
[95, 98, 98, 100, 98, 99]
-------------------------------------------------------------------------
Wait time: 2800.0 Processing files: Z:\Lab Data\Qudit_Ramsey_raw_data\Raw_data_copied\2026\2026_05\2026_05_01\qudit_ramsey_scan_bused_1992
Threshold recalculated using histogram: 10.5
(6, 100, 2)
10.5
Warning: Expected at least 3 columns in the data for shelving detection.
[98, 100, 99, 98, 99, 99]
-------------------------------------------------------------------------
Wait time: 3000.0 Processing files: Z:\Lab Data\Qudit_Ramsey_raw_data\Raw_data_copied\2026\2026_04\2026_04_27\qudit_ramsey_scan_bused_1219
Threshold recalculated using histogram: 11.5
(6, 100, 2)
11.5
Warning: Expected at least 3 columns in the data for shelving detection.
[97, 95, 96, 94, 95, 98]
-------------------------------------------------------------------------
Wait time: 3000.0 Processing files: Z:\Lab Data\Qudit_Ramsey_raw_data\Raw_data_copied\2026\2026_04\2026_04_27\qudit_ramsey_scan_bused_1866
Threshold recalculated using histogram: 11.5
(6, 100, 2)
11.5
Warning: Expected at least 3 columns in the data for shelving detection.
[97, 99, 99, 95, 99, 94]
-------------------------------------------------------------------------
Wait time: 3000.0 Processing files: Z:\Lab Data\Qudit_Ramsey_raw_data\Raw_data_copied\2026\2026_04\2026_04_27\qudit_ramsey_scan_bused_2484
Threshold recalculated using histogram: 9.5
(6, 100, 2)
9.5
Warning: Expected at least 3 columns in the data for shelving detection.
[95, 99, 95, 95, 97, 95]
-------------------------------------------------------------------------
Wait time: 3000.0 Processing files: Z:\Lab Data\Qudit_Ramsey_raw_data\Raw_data_copied\2026\2026_04\2026_04_28\qudit_ramsey_scan_bused_872
Threshold recalculated using histogram: 9.5
(6, 100, 2)
9.5
Warning: Expected at least 3 columns in the data for shelving detection.
[97, 100, 99, 100, 98, 100]
-------------------------------------------------------------------------
Wait time: 3000.0 Processing files: Z:\Lab Data\Qudit_Ramsey_raw_data\Raw_data_copied\2026\2026_04\2026_04_28\qudit_ramsey_scan_bused_1473
Threshold recalculated using histogram: 10.5
(6, 100, 2)
10.5
Warning: Expected at least 3 columns in the data for shelving detection.
[99, 98, 98, 100, 100, 100]
-------------------------------------------------------------------------
Wait time: 3000.0 Processing files: Z:\Lab Data\Qudit_Ramsey_raw_data\Raw_data_copied\2026\2026_05\2026_05_01\qudit_ramsey_scan_bused_1376
Threshold recalculated using histogram: 10.5
(6, 100, 2)
10.5
Warning: Expected at least 3 columns in the data for shelving detection.
[94, 97, 99, 97, 97, 97]
-------------------------------------------------------------------------
Wait time: 3000.0 Processing files: Z:\Lab Data\Qudit_Ramsey_raw_data\Raw_data_copied\2026\2026_05\2026_05_01\qudit_ramsey_scan_bused_2006
Threshold recalculated using histogram: 10.5
(6, 100, 2)
10.5
Warning: Expected at least 3 columns in the data for shelving detection.
[100, 99, 99, 99, 100, 98]
-------------------------------------------------------------------------
Wait time: 3200.0 Processing files: Z:\Lab Data\Qudit_Ramsey_raw_data\Raw_data_copied\2026\2026_04\2026_04_27\qudit_ramsey_scan_bused_1233
Threshold recalculated using histogram: 11.5
(6, 100, 2)
11.5
Warning: Expected at least 3 columns in the data for shelving detection.
[96, 98, 96, 97, 97, 98]
-------------------------------------------------------------------------
Wait time: 3200.0 Processing files: Z:\Lab Data\Qudit_Ramsey_raw_data\Raw_data_copied\2026\2026_04\2026_04_27\qudit_ramsey_scan_bused_1880
Threshold recalculated using histogram: 11.5
(6, 100, 2)
11.5
Warning: Expected at least 3 columns in the data for shelving detection.
[97, 100, 99, 97, 99, 96]
-------------------------------------------------------------------------
Wait time: 3200.0 Processing files: Z:\Lab Data\Qudit_Ramsey_raw_data\Raw_data_copied\2026\2026_04\2026_04_27\qudit_ramsey_scan_bused_2498
Threshold recalculated using histogram: 10.5
(6, 100, 2)
10.5
Warning: Expected at least 3 columns in the data for shelving detection.
[98, 98, 97, 95, 99, 100]
-------------------------------------------------------------------------
Wait time: 3200.0 Processing files: Z:\Lab Data\Qudit_Ramsey_raw_data\Raw_data_copied\2026\2026_04\2026_04_28\qudit_ramsey_scan_bused_886
Threshold recalculated using histogram: 9.5
(6, 100, 2)
9.5
Warning: Expected at least 3 columns in the data for shelving detection.
[98, 98, 99, 100, 98, 98]
-------------------------------------------------------------------------
Wait time: 3200.0 Processing files: Z:\Lab Data\Qudit_Ramsey_raw_data\Raw_data_copied\2026\2026_04\2026_04_28\qudit_ramsey_scan_bused_1487
Threshold recalculated using histogram: 9.5
(6, 100, 2)
9.5
Warning: Expected at least 3 columns in the data for shelving detection.
[99, 98, 100, 99, 99, 98]
-------------------------------------------------------------------------
Wait time: 3200.0 Processing files: Z:\Lab Data\Qudit_Ramsey_raw_data\Raw_data_copied\2026\2026_05\2026_05_01\qudit_ramsey_scan_bused_1390
Threshold recalculated using histogram: 11.5
(6, 100, 2)
11.5
Warning: Expected at least 3 columns in the data for shelving detection.
[98, 99, 98, 95, 96, 99]
-------------------------------------------------------------------------
Wait time: 3200.0 Processing files: Z:\Lab Data\Qudit_Ramsey_raw_data\Raw_data_copied\2026\2026_05\2026_05_01\qudit_ramsey_scan_bused_2020
Threshold recalculated using histogram: 9.5
(6, 100, 2)
9.5
Warning: Expected at least 3 columns in the data for shelving detection.
[98, 99, 99, 97, 98, 98]
-------------------------------------------------------------------------
Wait time: 3400.0 Processing files: Z:\Lab Data\Qudit_Ramsey_raw_data\Raw_data_copied\2026\2026_04\2026_04_27\qudit_ramsey_scan_bused_1247
Threshold recalculated using histogram: 11.5
(6, 100, 2)
11.5
Warning: Expected at least 3 columns in the data for shelving detection.
[98, 99, 97, 97, 99, 98]
-------------------------------------------------------------------------
Wait time: 3400.0 Processing files: Z:\Lab Data\Qudit_Ramsey_raw_data\Raw_data_copied\2026\2026_04\2026_04_27\qudit_ramsey_scan_bused_1894
Threshold recalculated using histogram: 10.5
(6, 100, 2)
10.5
Warning: Expected at least 3 columns in the data for shelving detection.
[96, 100, 97, 97, 98, 100]
-------------------------------------------------------------------------
Wait time: 3400.0 Processing files: Z:\Lab Data\Qudit_Ramsey_raw_data\Raw_data_copied\2026\2026_04\2026_04_27\qudit_ramsey_scan_bused_2512
Threshold recalculated using histogram: 12.5
(6, 100, 2)
12.5
Warning: Expected at least 3 columns in the data for shelving detection.
[99, 97, 99, 100, 98, 99]
-------------------------------------------------------------------------
Wait time: 3400.0 Processing files: Z:\Lab Data\Qudit_Ramsey_raw_data\Raw_data_copied\2026\2026_04\2026_04_28\qudit_ramsey_scan_bused_900
Threshold recalculated using histogram: 10.5
(6, 100, 2)
10.5
Warning: Expected at least 3 columns in the data for shelving detection.
[99, 99, 99, 99, 98, 100]
-------------------------------------------------------------------------
Wait time: 3400.0 Processing files: Z:\Lab Data\Qudit_Ramsey_raw_data\Raw_data_copied\2026\2026_04\2026_04_28\qudit_ramsey_scan_bused_1504
Threshold recalculated using histogram: 11.5
(6, 100, 2)
11.5
Warning: Expected at least 3 columns in the data for shelving detection.
[98, 98, 96, 99, 99, 99]
-------------------------------------------------------------------------
Wait time: 3400.0 Processing files: Z:\Lab Data\Qudit_Ramsey_raw_data\Raw_data_copied\2026\2026_05\2026_05_01\qudit_ramsey_scan_bused_1404
Threshold recalculated using histogram: 11.5
(6, 100, 2)
11.5
Warning: Expected at least 3 columns in the data for shelving detection.
[95, 100, 100, 97, 96, 100]
-------------------------------------------------------------------------
Wait time: 3400.0 Processing files: Z:\Lab Data\Qudit_Ramsey_raw_data\Raw_data_copied\2026\2026_05\2026_05_01\qudit_ramsey_scan_bused_2034
Threshold recalculated using histogram: 9.5
(6, 100, 2)
9.5
Warning: Expected at least 3 columns in the data for shelving detection.
[100, 99, 98, 98, 100, 99]
-------------------------------------------------------------------------
Wait time: 3600.0 Processing files: Z:\Lab Data\Qudit_Ramsey_raw_data\Raw_data_copied\2026\2026_04\2026_04_27\qudit_ramsey_scan_bused_1261
Threshold recalculated using histogram: 11.5
(6, 100, 2)
11.5
Warning: Expected at least 3 columns in the data for shelving detection.
[98, 100, 98, 98, 97, 98]
-------------------------------------------------------------------------
Wait time: 3600.0 Processing files: Z:\Lab Data\Qudit_Ramsey_raw_data\Raw_data_copied\2026\2026_04\2026_04_27\qudit_ramsey_scan_bused_1908
Threshold recalculated using histogram: 10.5
(6, 100, 2)
10.5
Warning: Expected at least 3 columns in the data for shelving detection.
[99, 100, 100, 98, 97, 99]
-------------------------------------------------------------------------
Wait time: 3600.0 Processing files: Z:\Lab Data\Qudit_Ramsey_raw_data\Raw_data_copied\2026\2026_04\2026_04_27\qudit_ramsey_scan_bused_2526
Threshold recalculated using histogram: 11.5
(6, 100, 2)
11.5
Warning: Expected at least 3 columns in the data for shelving detection.
[96, 99, 99, 98, 97, 99]
-------------------------------------------------------------------------
Wait time: 3600.0 Processing files: Z:\Lab Data\Qudit_Ramsey_raw_data\Raw_data_copied\2026\2026_04\2026_04_28\qudit_ramsey_scan_bused_914
Threshold recalculated using histogram: 10.5
(6, 100, 2)
10.5
Warning: Expected at least 3 columns in the data for shelving detection.
[98, 99, 99, 97, 100, 99]
-------------------------------------------------------------------------
Wait time: 3600.0 Processing files: Z:\Lab Data\Qudit_Ramsey_raw_data\Raw_data_copied\2026\2026_04\2026_04_28\qudit_ramsey_scan_bused_1518
Threshold recalculated using histogram: 11.5
(6, 100, 2)
11.5
Warning: Expected at least 3 columns in the data for shelving detection.
[99, 99, 100, 99, 98, 98]
-------------------------------------------------------------------------
Wait time: 3600.0 Processing files: Z:\Lab Data\Qudit_Ramsey_raw_data\Raw_data_copied\2026\2026_05\2026_05_01\qudit_ramsey_scan_bused_1418
Threshold recalculated using histogram: 10.5
(6, 100, 2)
10.5
Warning: Expected at least 3 columns in the data for shelving detection.
[99, 100, 99, 95, 98, 99]
-------------------------------------------------------------------------
Wait time: 3600.0 Processing files: Z:\Lab Data\Qudit_Ramsey_raw_data\Raw_data_copied\2026\2026_05\2026_05_01\qudit_ramsey_scan_bused_2048
Threshold recalculated using histogram: 11.5
(6, 100, 2)
11.5
Warning: Expected at least 3 columns in the data for shelving detection.
[99, 99, 100, 99, 100, 100]
-------------------------------------------------------------------------
Wait time: 3800.0 Processing files: Z:\Lab Data\Qudit_Ramsey_raw_data\Raw_data_copied\2026\2026_04\2026_04_27\qudit_ramsey_scan_bused_1275
Threshold recalculated using histogram: 10.5
(6, 100, 2)
10.5
Warning: Expected at least 3 columns in the data for shelving detection.
[97, 98, 99, 97, 97, 99]
-------------------------------------------------------------------------
Wait time: 3800.0 Processing files: Z:\Lab Data\Qudit_Ramsey_raw_data\Raw_data_copied\2026\2026_04\2026_04_27\qudit_ramsey_scan_bused_1922
Threshold recalculated using histogram: 10.5
(6, 100, 2)
10.5
Warning: Expected at least 3 columns in the data for shelving detection.
[99, 99, 97, 99, 97, 99]
-------------------------------------------------------------------------
Wait time: 3800.0 Processing files: Z:\Lab Data\Qudit_Ramsey_raw_data\Raw_data_copied\2026\2026_04\2026_04_27\qudit_ramsey_scan_bused_2540
Threshold recalculated using histogram: 10.5
(6, 100, 2)
10.5
Warning: Expected at least 3 columns in the data for shelving detection.
[97, 97, 99, 96, 95, 98]
-------------------------------------------------------------------------
Wait time: 3800.0 Processing files: Z:\Lab Data\Qudit_Ramsey_raw_data\Raw_data_copied\2026\2026_04\2026_04_28\qudit_ramsey_scan_bused_928
Threshold recalculated using histogram: 9.5
(6, 100, 2)
9.5
Warning: Expected at least 3 columns in the data for shelving detection.
[98, 100, 99, 99, 100, 100]
-------------------------------------------------------------------------
Wait time: 3800.0 Processing files: Z:\Lab Data\Qudit_Ramsey_raw_data\Raw_data_copied\2026\2026_04\2026_04_28\qudit_ramsey_scan_bused_1532
Threshold recalculated using histogram: 10.5
(6, 100, 2)
10.5
Warning: Expected at least 3 columns in the data for shelving detection.
[100, 100, 99, 99, 99, 100]
-------------------------------------------------------------------------
Wait time: 3800.0 Processing files: Z:\Lab Data\Qudit_Ramsey_raw_data\Raw_data_copied\2026\2026_05\2026_05_01\qudit_ramsey_scan_bused_1432
Threshold recalculated using histogram: 10.5
(6, 100, 2)
10.5
Warning: Expected at least 3 columns in the data for shelving detection.
[98, 96, 96, 98, 95, 100]
-------------------------------------------------------------------------
Wait time: 3800.0 Processing files: Z:\Lab Data\Qudit_Ramsey_raw_data\Raw_data_copied\2026\2026_05\2026_05_01\qudit_ramsey_scan_bused_2062
Threshold recalculated using histogram: 10.5
(6, 100, 2)
10.5
Warning: Expected at least 3 columns in the data for shelving detection.
[99, 98, 100, 100, 100, 98]
-------------------------------------------------------------------------
Wait time: 4000.0 Processing files: Z:\Lab Data\Qudit_Ramsey_raw_data\Raw_data_copied\2026\2026_04\2026_04_27\qudit_ramsey_scan_bused_1289
Threshold recalculated using histogram: 10.5
(6, 100, 2)
10.5
Warning: Expected at least 3 columns in the data for shelving detection.
[96, 98, 98, 97, 98, 95]
-------------------------------------------------------------------------
Wait time: 4000.0 Processing files: Z:\Lab Data\Qudit_Ramsey_raw_data\Raw_data_copied\2026\2026_04\2026_04_27\qudit_ramsey_scan_bused_1936
Threshold recalculated using histogram: 10.5
(6, 100, 2)
10.5
Warning: Expected at least 3 columns in the data for shelving detection.
[98, 94, 98, 98, 96, 92]
-------------------------------------------------------------------------
Wait time: 4000.0 Processing files: Z:\Lab Data\Qudit_Ramsey_raw_data\Raw_data_copied\2026\2026_04\2026_04_27\qudit_ramsey_scan_bused_2554
Threshold recalculated using histogram: 11.5
(6, 100, 2)
11.5
Warning: Expected at least 3 columns in the data for shelving detection.
[94, 93, 95, 94, 97, 99]
-------------------------------------------------------------------------
Wait time: 4000.0 Processing files: Z:\Lab Data\Qudit_Ramsey_raw_data\Raw_data_copied\2026\2026_04\2026_04_28\qudit_ramsey_scan_bused_942
Threshold recalculated using histogram: 10.5
(6, 100, 2)
10.5
Warning: Expected at least 3 columns in the data for shelving detection.
[100, 100, 98, 100, 100, 98]
-------------------------------------------------------------------------
Wait time: 4000.0 Processing files: Z:\Lab Data\Qudit_Ramsey_raw_data\Raw_data_copied\2026\2026_04\2026_04_28\qudit_ramsey_scan_bused_1546
Threshold recalculated using histogram: 12.5
(6, 100, 2)
12.5
Warning: Expected at least 3 columns in the data for shelving detection.
[100, 98, 98, 100, 99, 97]
-------------------------------------------------------------------------
Wait time: 4000.0 Processing files: Z:\Lab Data\Qudit_Ramsey_raw_data\Raw_data_copied\2026\2026_05\2026_05_01\qudit_ramsey_scan_bused_1446
Threshold recalculated using histogram: 10.5
(6, 100, 2)
10.5
Warning: Expected at least 3 columns in the data for shelving detection.
[97, 98, 99, 98, 98, 99]
-------------------------------------------------------------------------
Wait time: 4000.0 Processing files: Z:\Lab Data\Qudit_Ramsey_raw_data\Raw_data_copied\2026\2026_05\2026_05_01\qudit_ramsey_scan_bused_2079
Threshold recalculated using histogram: 11.5
(6, 100, 2)
11.5
Warning: Expected at least 3 columns in the data for shelving detection.
[100, 98, 100, 100, 100, 99]
\nProcessed individual scans (duplicates in wait time are expected here):
\nPaper file: Ramsey_experiment_[[0, 3, 2], [0, 2, 0]]_0.0_us_LT_comp_True_20260427_1348.txt
Wait Time: 0.0 us
Ket Data (list): [np.float64(0.0), np.float64(0.27472527472527475), np.float64(0.9090909090909091), np.float64(0.8877551020408163), np.float64(0.32989690721649484), np.float64(0.010416666666666666)]
Lower Error (array): [0.         0.04415362 0.0331285  0.03588335 0.04579085 0.00643075]
Upper Error (array): [0.01020408 0.0490509  0.02494668 0.02804992 0.04926234 0.01652525]
\nPaper file: Ramsey_experiment_[[0, 3, 2], [0, 2, 0]]_0.0_us_LT_comp_True_20260427_1653.txt
Wait Time: 0.0 us
Ket Data (list): [np.float64(0.0), np.float64(0.3434343434343434), np.float64(0.8979591836734694), np.float64(0.8631578947368421), np.float64(0.336734693877551), np.float64(0.020618556701030927)]
Lower Error (array): [0.         0.04594564 0.0347069  0.03906304 0.04587689 0.01027356]
Upper Error (array): [0.01020408 0.04907695 0.02666732 0.03149725 0.04917518 0.02005686]
\nPaper file: Ramsey_experiment_[[0, 3, 2], [0, 2, 0]]_0.0_us_LT_comp_True_20260427_1900.txt
Wait Time: 0.0 us
Ket Data (list): [np.float64(0.0707070707070707), np.float64(0.2653061224489796), np.float64(0.9183673469387755), np.float64(0.8282828282828283), np.float64(0.3469387755102041), np.float64(0.010101010101010102)]
Lower Error (array): [0.02169755 0.04206466 0.03206689 0.04113888 0.04631831 0.00623609]
Upper Error (array): [0.03028341 0.04680595 0.02361502 0.03457323 0.04941045 0.01603407]
\nPaper file: Ramsey_experiment_[[0, 3, 2], [0, 2, 0]]_0.0_us_LT_comp_True_20260428_1106.txt
Wait Time: 0.0 us
Ket Data (list): [np.float64(0.0), np.float64(0.36363636363636365), np.float64(0.84375), np.float64(0.8877551020408163), np.float64(0.3838383838383838), np.float64(0.0)]
Lower Error (array): [0.         0.04676026 0.04058017 0.03588335 0.04748419 0.        ]
Upper Error (array): [0.01041667 0.04948753 0.03349255 0.02804992 0.04980742 0.01020408]
\nPaper file: Ramsey_experiment_[[0, 3, 2], [0, 2, 0]]_0.0_us_LT_comp_True_20260428_1654.txt
Wait Time: 0.0 us
Ket Data (list): [np.float64(0.01), np.float64(0.47474747474747475), np.float64(0.9090909090909091), np.float64(0.87), np.float64(0.1919191919191919), np.float64(0.02040816326530612)]
Lower Error (array): [0.00617379 0.0496843  0.0331285  0.03732673 0.0364205  0.0101691 ]
Upper Error (array): [0.01587676 0.05018935 0.02494668 0.03       0.04258212 0.01985782]
\nPaper file: Ramsey_experiment_[[0, 3, 2], [0, 2, 0]]_0.0_us_LT_comp_True_20260428_1919.txt
Wait Time: 0.0 us
Ket Data (list): [np.float64(0.010101010101010102), np.float64(0.3434343434343434), np.float64(0.9081632653061225), np.float64(0.8787878787878788), np.float64(0.33), np.float64(0.030303030303030304)]
Lower Error (array): [0.00623609 0.04594564 0.03343924 0.03664432 0.04513501 0.01307686]
Upper Error (array): [0.01603407 0.04907695 0.02519352 0.02906856 0.04850135 0.0224708 ]
\nPaper file: Ramsey_experiment_[[0, 3, 2], [0, 2, 0]]_0.0_us_LT_comp_True_20260501_1228.txt
Wait Time: 0.0 us
Ket Data (list): [np.float64(0.021052631578947368), np.float64(0.41304347826086957), np.float64(0.8791208791208791), np.float64(0.776595744680851), np.float64(0.34408602150537637), np.float64(0.0)]
Lower Error (array): [0.01048908 0.05013102 0.03835626 0.04574538 0.04736906 0.        ]
Upper Error (array): [0.02046715 0.05200106 0.03011451 0.03992231 0.05068638 0.01030928]
\nPaper file: Ramsey_experiment_[[0, 3, 2], [0, 2, 0]]_0.0_us_LT_comp_True_20260501_1456.txt
Wait Time: 0.0 us
Ket Data (list): [np.float64(0.020202020202020204), np.float64(0.24489795918367346), np.float64(0.6631578947368421), np.float64(0.9148936170212766), np.float64(0.5773195876288659), np.float64(0.02197802197802198)]
Lower Error (array): [0.01006673 0.04071927 0.04996713 0.03332739 0.05069528 0.01094841]
Upper Error (array): [0.01966269 0.04587284 0.04656801 0.02459279 0.04911733 0.02134019]
\nPaper file: Ramsey_experiment_[[0, 3, 2], [0, 2, 0]]_200.0_us_LT_comp_True_20260427_1348.txt
Wait Time: 200.0 us
Ket Data (list): [np.float64(0.052083333333333336), np.float64(0.40860215053763443), np.float64(0.8762886597938144), np.float64(0.8181818181818182), np.float64(0.12371134020618557), np.float64(0.06)]
Lower Error (array): [0.01841052 0.04973914 0.03732005 0.0418823  0.02964069 0.0196726 ]
Upper Error (array): [0.02764592 0.05168378 0.02964069 0.03551866 0.03732005 0.02838547]
\nPaper file: Ramsey_experiment_[[0, 3, 2], [0, 2, 0]]_200.0_us_LT_comp_True_20260427_1653.txt
Wait Time: 200.0 us
Ket Data (list): [np.float64(0.02127659574468085), np.float64(0.24210526315789474), np.float64(0.8210526315789474), np.float64(0.8775510204081632), np.float64(0.29591836734693877), np.float64(0.0)]
Lower Error (array): [1.06002578e-02 4.11151273e-02 4.26082161e-02 3.69791443e-02
 4.38602624e-02 8.67361738e-19]
Upper Error (array): [0.02067865 0.04648793 0.03591962 0.02935185 0.04798312 0.01      ]
\nPaper file: Ramsey_experiment_[[0, 3, 2], [0, 2, 0]]_200.0_us_LT_comp_True_20260427_1900.txt
Wait Time: 200.0 us
Ket Data (list): [np.float64(0.03), np.float64(0.32653061224489793), np.float64(0.8686868686868687), np.float64(0.8787878787878788), np.float64(0.29), np.float64(0.02040816326530612)]
Lower Error (array): [0.01294692 0.04541098 0.03766176 0.03664432 0.04311965 0.0101691 ]
Upper Error (array): [0.02225385 0.04891541 0.03028802 0.02906856 0.04727807 0.01985782]
\nPaper file: Ramsey_experiment_[[0, 3, 2], [0, 2, 0]]_200.0_us_LT_comp_True_20260428_1106.txt
Wait Time: 200.0 us
Ket Data (list): [np.float64(0.010101010101010102), np.float64(0.41836734693877553), np.float64(0.84), np.float64(0.9072164948453608), np.float64(0.32323232323232326), np.float64(0.0)]
Lower Error (array): [6.23608527e-03 4.87599054e-02 4.00000000e-02 3.37558117e-02
 4.50367735e-02 8.67361738e-19]
Upper Error (array): [0.01603407 0.05040905 0.03326733 0.02544527 0.04857213 0.01      ]
\nPaper file: Ramsey_experiment_[[0, 3, 2], [0, 2, 0]]_200.0_us_LT_comp_True_20260428_1654.txt
Wait Time: 200.0 us
Ket Data (list): [np.float64(0.061224489795918366), np.float64(0.45454545454545453), np.float64(0.898989898989899), np.float64(0.83), np.float64(0.28), np.float64(0.04)]
Lower Error (array): [0.0200671  0.04934049 0.0343871  0.04078672 0.04255191 0.01546906]
Upper Error (array): [0.02893125 0.05024958 0.0264073  0.03425207 0.04690834 0.02457797]
\nPaper file: Ramsey_experiment_[[0, 3, 2], [0, 2, 0]]_200.0_us_LT_comp_True_20260428_1919.txt
Wait Time: 200.0 us
Ket Data (list): [np.float64(0.010101010101010102), np.float64(0.41), np.float64(0.9494949494949495), np.float64(0.898989898989899), np.float64(0.3), np.float64(0.030303030303030304)]
Lower Error (array): [0.00623609 0.04805627 0.02684998 0.0343871  0.04366111 0.01307686]
Upper Error (array): [0.01603407 0.04983844 0.01786008 0.0264073  0.04762151 0.0224708 ]
\nPaper file: Ramsey_experiment_[[0, 3, 2], [0, 2, 0]]_200.0_us_LT_comp_True_20260501_1228.txt
Wait Time: 200.0 us
Ket Data (list): [np.float64(0.02127659574468085), np.float64(0.4659090909090909), np.float64(0.8913043478260869), np.float64(0.8297872340425532), np.float64(0.25), np.float64(0.011235955056179775)]
Lower Error (array): [0.01060026 0.0524949  0.03675652 0.04218568 0.04229355 0.00693593]
Upper Error (array): [0.02067865 0.05326099 0.02834137 0.03524279 0.04766989 0.01779735]
\nPaper file: Ramsey_experiment_[[0, 3, 2], [0, 2, 0]]_200.0_us_LT_comp_True_20260501_1456.txt
Wait Time: 200.0 us
Ket Data (list): [np.float64(0.010416666666666666), np.float64(0.3191489361702128), np.float64(0.9175257731958762), np.float64(0.8736842105263158), np.float64(0.2553191489361702), np.float64(0.020618556701030927)]
Lower Error (array): [0.00643075 0.04595984 0.03237305 0.03802078 0.0422353  0.01027356]
Upper Error (array): [0.01652525 0.04976723 0.02385211 0.03023569 0.04738647 0.02005686]
\nPaper file: Ramsey_experiment_[[0, 3, 2], [0, 2, 0]]_400.0_us_LT_comp_True_20260427_1348.txt
Wait Time: 400.0 us
Ket Data (list): [np.float64(0.04040404040404041), np.float64(0.53125), np.float64(0.968421052631579), np.float64(0.7291666666666666), np.float64(0.10638297872340426), np.float64(0.06060606060606061)]
Lower Error (array): [0.01562379 0.05099125 0.02338257 0.04754534 0.02776055 0.01986789]
Upper Error (array): [0.02481571 0.05034692 0.0136238  0.04282025 0.03604723 0.02865577]
\nPaper file: Ramsey_experiment_[[0, 3, 2], [0, 2, 0]]_400.0_us_LT_comp_True_20260427_1653.txt
Wait Time: 400.0 us
Ket Data (list): [np.float64(0.020618556701030927), np.float64(0.42424242424242425), np.float64(0.9175257731958762), np.float64(0.8556701030927835), np.float64(0.29292929292929293), np.float64(0.061224489795918366)]
Lower Error (array): [0.01027356 0.04867098 0.03237305 0.0393135  0.043487   0.0200671 ]
Upper Error (array): [0.02005686 0.05018613 0.02385211 0.03205493 0.04762842 0.02893125]
\nPaper file: Ramsey_experiment_[[0, 3, 2], [0, 2, 0]]_400.0_us_LT_comp_True_20260427_1900.txt
Wait Time: 400.0 us
Ket Data (list): [np.float64(0.0), np.float64(0.30612244897959184), np.float64(0.8865979381443299), np.float64(0.8556701030927835), np.float64(0.36363636363636365), np.float64(0.010309278350515464)]
Lower Error (array): [0.         0.04440333 0.03621717 0.0393135  0.04676026 0.00636452]
Upper Error (array): [0.01075269 0.04832004 0.02832742 0.03205493 0.04948753 0.01635821]
\nPaper file: Ramsey_experiment_[[0, 3, 2], [0, 2, 0]]_400.0_us_LT_comp_True_20260428_1106.txt
Wait Time: 400.0 us
Ket Data (list): [np.float64(0.020202020202020204), np.float64(0.36363636363636365), np.float64(0.9494949494949495), np.float64(0.88), np.float64(0.26), np.float64(0.03)]
Lower Error (array): [0.01006673 0.04676026 0.02684998 0.03631541 0.04133414 0.01294692]
Upper Error (array): [0.01966269 0.04948753 0.01786008 0.02879066 0.04608661 0.02225385]
\nPaper file: Ramsey_experiment_[[0, 3, 2], [0, 2, 0]]_400.0_us_LT_comp_True_20260428_1654.txt
Wait Time: 400.0 us
Ket Data (list): [np.float64(0.02040816326530612), np.float64(0.54), np.float64(0.9090909090909091), np.float64(0.8484848484848485), np.float64(0.21212121212121213), np.float64(0.0)]
Lower Error (array): [0.0101691  0.04999002 0.0331285  0.03950883 0.03810347 0.        ]
Upper Error (array): [0.01985782 0.04919794 0.02494668 0.03253913 0.04386105 0.00990099]
\nPaper file: Ramsey_experiment_[[0, 3, 2], [0, 2, 0]]_400.0_us_LT_comp_True_20260428_1919.txt
Wait Time: 400.0 us
Ket Data (list): [np.float64(0.01020408163265306), np.float64(0.32), np.float64(0.9081632653061225), np.float64(0.8775510204081632), np.float64(0.33), np.float64(0.01)]
Lower Error (array): [0.00629965 0.04466814 0.03343924 0.03697914 0.04513501 0.00617379]
Upper Error (array): [0.01619452 0.04823249 0.02519352 0.02935185 0.04850135 0.01587676]
\nPaper file: Ramsey_experiment_[[0, 3, 2], [0, 2, 0]]_400.0_us_LT_comp_True_20260501_1228.txt
Wait Time: 400.0 us
Ket Data (list): [np.float64(0.010638297872340425), np.float64(0.5157894736842106), np.float64(0.96875), np.float64(0.9230769230769231), np.float64(0.24731182795698925), np.float64(0.033707865168539325)]
Lower Error (array): [0.00656742 0.05117032 0.02314777 0.03275805 0.04189357 0.01453572]
Upper Error (array): [0.01686977 0.05084138 0.01348282 0.02356073 0.04726991 0.02489777]
\nPaper file: Ramsey_experiment_[[0, 3, 2], [0, 2, 0]]_400.0_us_LT_comp_True_20260501_1456.txt
Wait Time: 400.0 us
Ket Data (list): [np.float64(0.6129032258064516), np.float64(0.8279569892473119), np.float64(0.9139784946236559), np.float64(0.2604166666666667), np.float64(0.010638297872340425), np.float64(0.30851063829787234)]
Lower Error (array): [0.05145455 0.04257261 0.03365805 0.04215815 0.00656742 0.04541492]
Upper Error (array): [0.04905235 0.03559481 0.02484999 0.04709801 0.01686977 0.04944627]
\nPaper file: Ramsey_experiment_[[0, 3, 2], [0, 2, 0]]_600.0_us_LT_comp_True_20260427_1348.txt
Wait Time: 600.0 us
Ket Data (list): [np.float64(0.09375), np.float64(0.3541666666666667), np.float64(0.8), np.float64(0.6565656565656566), np.float64(0.27835051546391754), np.float64(0.1111111111111111)]
Lower Error (array): [0.0257021  0.04707978 0.04406926 0.04907695 0.04306844 0.02777778]
Upper Error (array): [0.03407839 0.05008665 0.03781926 0.04594564 0.0475919  0.03555556]
\nPaper file: Ramsey_experiment_[[0, 3, 2], [0, 2, 0]]_600.0_us_LT_comp_True_20260427_1653.txt
Wait Time: 600.0 us
Ket Data (list): [np.float64(0.06521739130434782), np.float64(0.5979381443298969), np.float64(0.9690721649484536), np.float64(0.6632653061224489), np.float64(0.09473684210526316), np.float64(0.10101010101010101)]
Lower Error (array): [0.02135152 0.05053867 0.02291763 0.04917518 0.02596415 0.0264073 ]
Upper Error (array): [0.03070169 0.04853994 0.01334473 0.04587689 0.03440713 0.0343871 ]
\nPaper file: Ramsey_experiment_[[0, 3, 2], [0, 2, 0]]_600.0_us_LT_comp_True_20260427_1900.txt
Wait Time: 600.0 us
Ket Data (list): [np.float64(0.010526315789473684), np.float64(0.40816326530612246), np.float64(0.9587628865979382), np.float64(0.7878787878787878), np.float64(0.2916666666666667), np.float64(0.010101010101010102)]
Lower Error (array): [0.00649836 0.04847804 0.02530524 0.04386105 0.04405268 0.00623609]
Upper Error (array): [0.01669573 0.05033332 0.01594274 0.03810347 0.04834821 0.01603407]
\nPaper file: Ramsey_experiment_[[0, 3, 2], [0, 2, 0]]_600.0_us_LT_comp_True_20260428_1106.txt
Wait Time: 600.0 us
Ket Data (list): [np.float64(0.02040816326530612), np.float64(0.3979591836734694), np.float64(0.9278350515463918), np.float64(0.7551020408163265), np.float64(0.15151515151515152), np.float64(0.09090909090909091)]
Lower Error (array): [0.0101691  0.04817436 0.03086652 0.04587284 0.03253913 0.02494668]
Upper Error (array): [0.01985782 0.0502358  0.02213519 0.04071927 0.03950883 0.0331285 ]
\nPaper file: Ramsey_experiment_[[0, 3, 2], [0, 2, 0]]_600.0_us_LT_comp_True_20260428_1654.txt
Wait Time: 600.0 us
Ket Data (list): [np.float64(0.010101010101010102), np.float64(0.09183673469387756), np.float64(0.78), np.float64(0.8877551020408163), np.float64(0.39), np.float64(0.010101010101010102)]
Lower Error (array): [0.00623609 0.02519352 0.04408445 0.03588335 0.04745604 0.00623609]
Upper Error (array): [0.01603407 0.03343924 0.03853989 0.02804992 0.04963426 0.01603407]
\nPaper file: Ramsey_experiment_[[0, 3, 2], [0, 2, 0]]_600.0_us_LT_comp_True_20260428_1919.txt
Wait Time: 600.0 us
Ket Data (list): [np.float64(0.01), np.float64(0.29), np.float64(0.8673469387755102), np.float64(0.88), np.float64(0.35714285714285715), np.float64(0.02)]
Lower Error (array): [0.00617379 0.04311965 0.03800274 0.03631541 0.04673575 0.0099664 ]
Upper Error (array): [0.01587676 0.04727807 0.03058159 0.02879066 0.04962175 0.01947136]
\nPaper file: Ramsey_experiment_[[0, 3, 2], [0, 2, 0]]_600.0_us_LT_comp_True_20260501_1228.txt
Wait Time: 600.0 us
Ket Data (list): [np.float64(0.01098901098901099), np.float64(0.4891304347826087), np.float64(0.8), np.float64(0.84375), np.float64(0.13541666666666666), np.float64(0.0425531914893617)]
Lower Error (array): [0.00678367 0.05171859 0.04406926 0.04058017 0.03118604 0.01644633]
Upper Error (array): [0.01741434 0.05195234 0.03781926 0.03349255 0.03870322 0.02607679]
\nPaper file: Ramsey_experiment_[[0, 3, 2], [0, 2, 0]]_600.0_us_LT_comp_True_20260501_1456.txt
Wait Time: 600.0 us
Ket Data (list): [np.float64(0.0), np.float64(0.851063829787234), np.float64(0.648936170212766), np.float64(0.020202020202020204), np.float64(0.17525773195876287), np.float64(0.7604166666666666)]
Lower Error (array): [0.         0.04040931 0.05056308 0.01006673 0.03523372 0.04610572]
Upper Error (array): [0.01041667 0.03301849 0.04742758 0.01966269 0.04186112 0.04073631]
\nPaper file: Ramsey_experiment_[[0, 3, 2], [0, 2, 0]]_800.0_us_LT_comp_True_20260427_1348.txt
Wait Time: 800.0 us
Ket Data (list): [np.float64(0.08247422680412371), np.float64(0.1958762886597938), np.float64(0.8556701030927835), np.float64(0.8484848484848485), np.float64(0.59375), np.float64(0.0)]
Lower Error (array): [2.38521134e-02 3.71069296e-02 3.93135036e-02 3.95088304e-02
 5.08427899e-02 8.67361738e-19]
Upper Error (array): [0.03237305 0.04331354 0.03205493 0.03253913 0.0489098  0.01086957]
\nPaper file: Ramsey_experiment_[[0, 3, 2], [0, 2, 0]]_800.0_us_LT_comp_True_20260427_1653.txt
Wait Time: 800.0 us
Ket Data (list): [np.float64(0.030303030303030304), np.float64(0.4891304347826087), np.float64(0.9139784946236559), np.float64(0.7078651685393258), np.float64(0.21052631578947367), np.float64(0.06315789473684211)]
Lower Error (array): [0.01307686 0.05171859 0.03365805 0.05029945 0.03870268 0.02068941]
Upper Error (array): [0.0224708  0.05195234 0.02484999 0.04568022 0.04473338 0.02979029]
\nPaper file: Ramsey_experiment_[[0, 3, 2], [0, 2, 0]]_800.0_us_LT_comp_True_20260427_1900.txt
Wait Time: 800.0 us
Ket Data (list): [np.float64(0.030927835051546393), np.float64(0.45454545454545453), np.float64(0.8888888888888888), np.float64(0.9183673469387755), np.float64(0.32323232323232326), np.float64(0.050505050505050504)]
Lower Error (array): [0.01334473 0.04934049 0.03555556 0.03206689 0.04503677 0.01786008]
Upper Error (array): [0.02291763 0.05024958 0.02777778 0.02361502 0.04857213 0.02684998]
\nPaper file: Ramsey_experiment_[[0, 3, 2], [0, 2, 0]]_800.0_us_LT_comp_True_20260428_1106.txt
Wait Time: 800.0 us
Ket Data (list): [np.float64(0.01), np.float64(0.35), np.float64(0.8686868686868687), np.float64(0.81), np.float64(0.39), np.float64(0.020202020202020204)]
Lower Error (array): [0.00617379 0.04599833 0.03766176 0.04222519 0.04745604 0.01006673]
Upper Error (array): [0.01587676 0.04896863 0.03028802 0.03608657 0.04963426 0.01966269]
\nPaper file: Ramsey_experiment_[[0, 3, 2], [0, 2, 0]]_800.0_us_LT_comp_True_20260428_1654.txt
Wait Time: 800.0 us
Ket Data (list): [np.float64(0.20202020202020202), np.float64(0.25252525252525254), np.float64(0.96), np.float64(0.7653061224489796), np.float64(0.3333333333333333), np.float64(0.03)]
Lower Error (array): [0.03728134 0.04104177 0.02457797 0.04535832 0.04550324 0.01294692]
Upper Error (array): [0.04324094 0.04599126 0.01546906 0.0399986  0.04883657 0.02225385]
\nPaper file: Ramsey_experiment_[[0, 3, 2], [0, 2, 0]]_800.0_us_LT_comp_True_20260428_1919.txt
Wait Time: 800.0 us
Ket Data (list): [np.float64(0.020202020202020204), np.float64(0.5306122448979592), np.float64(0.9183673469387755), np.float64(0.82), np.float64(0.23469387755102042), np.float64(0.020202020202020204)]
Lower Error (array): [0.01006673 0.05046779 0.03206689 0.04152747 0.0399986  0.01006673]
Upper Error (array): [0.01966269 0.04984936 0.02361502 0.03519083 0.04535832 0.01966269]
\nPaper file: Ramsey_experiment_[[0, 3, 2], [0, 2, 0]]_800.0_us_LT_comp_True_20260501_1228.txt
Wait Time: 800.0 us
Ket Data (list): [np.float64(0.0), np.float64(0.4536082474226804), np.float64(0.851063829787234), np.float64(0.631578947368421), np.float64(0.16666666666666666), np.float64(0.06315789473684211)]
Lower Error (array): [8.67361738e-19 4.98185956e-02 4.04093114e-02 5.06220231e-02
 3.45590110e-02 2.06894105e-02]
Upper Error (array): [0.01086957 0.05076537 0.03301849 0.0478808  0.04143186 0.02979029]
\nPaper file: Ramsey_experiment_[[0, 3, 2], [0, 2, 0]]_800.0_us_LT_comp_True_20260501_1456.txt
Wait Time: 800.0 us
Ket Data (list): [np.float64(0.16842105263157894), np.float64(0.6666666666666666), np.float64(0.8315789473684211), np.float64(0.4105263157894737), np.float64(0.01), np.float64(0.12371134020618557)]
Lower Error (array): [0.03489759 0.05042703 0.04180548 0.04928396 0.00617379 0.02964069]
Upper Error (array): [0.04180548 0.04688093 0.03489759 0.05114799 0.01587676 0.03732005]
\nPaper file: Ramsey_experiment_[[0, 3, 2], [0, 2, 0]]_1000.0_us_LT_comp_True_20260427_1348.txt
Wait Time: 1000.0 us
Ket Data (list): [np.float64(0.031914893617021274), np.float64(0.22916666666666666), np.float64(0.9183673469387755), np.float64(0.8556701030927835), np.float64(0.3645833333333333), np.float64(0.010869565217391304)]
Lower Error (array): [0.01376776 0.03997381 0.03206689 0.0393135  0.04749383 0.00671002]
Upper Error (array): [0.02362218 0.045558   0.02361502 0.03205493 0.05028593 0.01722895]
\nPaper file: Ramsey_experiment_[[0, 3, 2], [0, 2, 0]]_1000.0_us_LT_comp_True_20260427_1653.txt
Wait Time: 1000.0 us
Ket Data (list): [np.float64(0.0), np.float64(0.41414141414141414), np.float64(0.9479166666666666), np.float64(0.8144329896907216), np.float64(0.3125), np.float64(0.05102040816326531)]
Lower Error (array): [0.         0.04840621 0.02764592 0.04260973 0.04516924 0.01803987]
Upper Error (array): [0.01030928 0.05012338 0.01841052 0.03619273 0.04903522 0.02711017]
\nPaper file: Ramsey_experiment_[[0, 3, 2], [0, 2, 0]]_1000.0_us_LT_comp_True_20260427_1900.txt
Wait Time: 1000.0 us
Ket Data (list): [np.float64(0.02040816326530612), np.float64(0.15625), np.float64(0.7142857142857143), np.float64(0.9591836734693877), np.float64(0.4897959183673469), np.float64(0.02040816326530612)]
Lower Error (array): [0.0101691  0.03349255 0.04761905 0.02505809 0.05013846 0.0101691 ]
Upper Error (array): [0.01985782 0.04058017 0.04329004 0.01578165 0.0503446  0.01985782]
\nPaper file: Ramsey_experiment_[[0, 3, 2], [0, 2, 0]]_1000.0_us_LT_comp_True_20260428_1106.txt
Wait Time: 1000.0 us
Ket Data (list): [np.float64(0.010101010101010102), np.float64(0.40625), np.float64(0.85), np.float64(0.82), np.float64(0.35714285714285715), np.float64(0.04)]
Lower Error (array): [0.00623609 0.0489098  0.03916387 0.04152747 0.04673575 0.01546906]
Upper Error (array): [0.01603407 0.05084279 0.03223318 0.03519083 0.04962175 0.02457797]
\nPaper file: Ramsey_experiment_[[0, 3, 2], [0, 2, 0]]_1000.0_us_LT_comp_True_20260428_1654.txt
Wait Time: 1000.0 us
Ket Data (list): [np.float64(0.030303030303030304), np.float64(0.36363636363636365), np.float64(0.8686868686868687), np.float64(0.92), np.float64(0.42424242424242425), np.float64(0.01)]
Lower Error (array): [0.01307686 0.04676026 0.03766176 0.03147151 0.04867098 0.00617379]
Upper Error (array): [0.0224708  0.04948753 0.03028802 0.02315468 0.05018613 0.01587676]
\nPaper file: Ramsey_experiment_[[0, 3, 2], [0, 2, 0]]_1000.0_us_LT_comp_True_20260428_1919.txt
Wait Time: 1000.0 us
Ket Data (list): [np.float64(0.010526315789473684), np.float64(0.3541666666666667), np.float64(0.9489795918367347), np.float64(0.7575757575757576), np.float64(0.17), np.float64(0.08163265306122448)]
Lower Error (array): [0.00649836 0.04707978 0.02711017 0.04550805 0.03425207 0.02361502]
Upper Error (array): [0.01669573 0.05008665 0.01803987 0.04035654 0.04078672 0.03206689]
\nPaper file: Ramsey_experiment_[[0, 3, 2], [0, 2, 0]]_1000.0_us_LT_comp_True_20260501_1228.txt
Wait Time: 1000.0 us
Ket Data (list): [np.float64(0.01098901098901099), np.float64(0.2755102040816326), np.float64(0.7222222222222222), np.float64(0.8210526315789474), np.float64(0.40860215053763443), np.float64(0.03125)]
Lower Error (array): [0.00678367 0.04269182 0.04945848 0.04260822 0.04973914 0.01348282]
Upper Error (array): [0.01741434 0.04722697 0.04457447 0.03591962 0.05168378 0.02314777]
\nPaper file: Ramsey_experiment_[[0, 3, 2], [0, 2, 0]]_1000.0_us_LT_comp_True_20260501_1456.txt
Wait Time: 1000.0 us
Ket Data (list): [np.float64(0.5252525252525253), np.float64(0.0), np.float64(0.41836734693877553), np.float64(0.92), np.float64(0.6494845360824743), np.float64(0.27956989247311825)]
Lower Error (array): [0.05018935 0.         0.04875991 0.03147151 0.04974703 0.0440033 ]
Upper Error (array): [0.0496843  0.01020408 0.05040905 0.02315468 0.04669633 0.0486933 ]
\nPaper file: Ramsey_experiment_[[0, 3, 2], [0, 2, 0]]_1200.0_us_LT_comp_True_20260427_1348.txt
Wait Time: 1200.0 us
Ket Data (list): [np.float64(0.04081632653061224), np.float64(0.16842105263157894), np.float64(0.9361702127659575), np.float64(0.8260869565217391), np.float64(0.23958333333333334), np.float64(0.0)]
Lower Error (array): [0.01578165 0.03489759 0.03008804 0.04296647 0.04073631 0.        ]
Upper Error (array): [0.02505809 0.04180548 0.02090551 0.03595384 0.04610572 0.04166667]
\nPaper file: Ramsey_experiment_[[0, 3, 2], [0, 2, 0]]_1200.0_us_LT_comp_True_20260427_1653.txt
Wait Time: 1200.0 us
Ket Data (list): [np.float64(0.10416666666666667), np.float64(0.16), np.float64(0.6666666666666666), np.float64(0.87), np.float64(0.5), np.float64(0.010309278350515464)]
Lower Error (array): [0.02720299 0.03326733 0.04883657 0.03732673 0.05025189 0.00636452]
Upper Error (array): [0.0353645  0.04       0.04550324 0.03       0.05025189 0.01635821]
\nPaper file: Ramsey_experiment_[[0, 3, 2], [0, 2, 0]]_1200.0_us_LT_comp_True_20260427_1900.txt
Wait Time: 1200.0 us
Ket Data (list): [np.float64(0.020833333333333332), np.float64(0.08080808080808081), np.float64(0.7628865979381443), np.float64(0.9183673469387755), np.float64(0.5918367346938775), np.float64(0.030612244897959183)]
Lower Error (array): [0.0103802  0.02338259 0.04572922 0.03206689 0.05033332 0.01320944]
Upper Error (array): [0.02025993 0.03176643 0.04036419 0.02361502 0.04847804 0.02269202]
\nPaper file: Ramsey_experiment_[[0, 3, 2], [0, 2, 0]]_1200.0_us_LT_comp_True_20260428_1106.txt
Wait Time: 1200.0 us
Ket Data (list): [np.float64(0.01), np.float64(0.3333333333333333), np.float64(0.8979591836734694), np.float64(0.8484848484848485), np.float64(0.26262626262626265), np.float64(0.052083333333333336)]
Lower Error (array): [0.00617379 0.04550324 0.0347069  0.03950883 0.04169634 0.01841052]
Upper Error (array): [0.01587676 0.04883657 0.02666732 0.03253913 0.04644381 0.02764592]
\nPaper file: Ramsey_experiment_[[0, 3, 2], [0, 2, 0]]_1200.0_us_LT_comp_True_20260428_1654.txt
Wait Time: 1200.0 us
Ket Data (list): [np.float64(0.010101010101010102), np.float64(0.33), np.float64(0.8585858585858586), np.float64(0.8469387755102041), np.float64(0.32), np.float64(0.04040404040404041)]
Lower Error (array): [0.00623609 0.04513501 0.03861471 0.03985976 0.04466814 0.01562379]
Upper Error (array): [0.01603407 0.04850135 0.03144299 0.0328509  0.04823249 0.02481571]
\nPaper file: Ramsey_experiment_[[0, 3, 2], [0, 2, 0]]_1200.0_us_LT_comp_True_20260428_1919.txt
Wait Time: 1200.0 us
Ket Data (list): [np.float64(0.010416666666666666), np.float64(0.1958762886597938), np.float64(0.89), np.float64(0.8979591836734694), np.float64(0.33), np.float64(0.020833333333333332)]
Lower Error (array): [0.00643075 0.03710693 0.03523362 0.0347069  0.04513501 0.0103802 ]
Upper Error (array): [0.01652525 0.04331354 0.02751085 0.02666732 0.04850135 0.02025993]
\nPaper file: Ramsey_experiment_[[0, 3, 2], [0, 2, 0]]_1200.0_us_LT_comp_True_20260501_1228.txt
Wait Time: 1200.0 us
Ket Data (list): [np.float64(0.011494252873563218), np.float64(0.42105263157894735), np.float64(0.8817204301075269), np.float64(0.8315789473684211), np.float64(0.3333333333333333), np.float64(0.010526315789473684)]
Lower Error (array): [0.00709518 0.04957524 0.03761609 0.04180548 0.04617649 0.00649836]
Upper Error (array): [0.01819758 0.05121998 0.02949437 0.03489759 0.04961292 0.01669573]
\nPaper file: Ramsey_experiment_[[0, 3, 2], [0, 2, 0]]_1200.0_us_LT_comp_True_20260501_1456.txt
Wait Time: 1200.0 us
Ket Data (list): [np.float64(0.8061224489795918), np.float64(0.9583333333333334), np.float64(0.44329896907216493), np.float64(0.061855670103092786), np.float64(0.14285714285714285), np.float64(0.40425531914893614)]
Lower Error (array): [0.04294486 0.02555731 0.04960656 0.02027034 0.03174603 0.04935186]
Upper Error (array): [0.03676057 0.01610714 0.05076373 0.02921206 0.03896104 0.05136754]
\nPaper file: Ramsey_experiment_[[0, 3, 2], [0, 2, 0]]_1400.0_us_LT_comp_True_20260427_1411.txt
Wait Time: 1400.0 us
Ket Data (list): [np.float64(0.2087912087912088), np.float64(0.6804123711340206), np.float64(0.9795918367346939), np.float64(0.41836734693877553), np.float64(0.14432989690721648), np.float64(0.15053763440860216)]
Lower Error (array): [0.03932755 0.04898201 0.01985782 0.04875991 0.03205493 0.03335258]
Upper Error (array): [0.04565818 0.04530013 0.0101691  0.05040905 0.0393135  0.04078795]
\nPaper file: Ramsey_experiment_[[0, 3, 2], [0, 2, 0]]_1400.0_us_LT_comp_True_20260427_1653.txt
Wait Time: 1400.0 us
Ket Data (list): [np.float64(0.061224489795918366), np.float64(0.6145833333333334), np.float64(0.9278350515463918), np.float64(0.6122448979591837), np.float64(0.20212765957446807), np.float64(0.24242424242424243)]
Lower Error (array): [0.0200671  0.05061164 0.03086652 0.05011619 0.03818559 0.04035654]
Upper Error (array): [0.02893125 0.04824909 0.02213519 0.04784862 0.04445658 0.04550805]
\nPaper file: Ramsey_experiment_[[0, 3, 2], [0, 2, 0]]_1400.0_us_LT_comp_True_20260427_1900.txt
Wait Time: 1400.0 us
Ket Data (list): [np.float64(0.010309278350515464), np.float64(0.35714285714285715), np.float64(0.71), np.float64(0.9595959595959596), np.float64(0.38), np.float64(0.0)]
Lower Error (array): [6.36452319e-03 4.67357461e-02 4.72780682e-02 2.48157119e-02
 4.71242491e-02 8.67361738e-19]
Upper Error (array): [0.01635821 0.04962175 0.04311965 0.01562379 0.04950049 0.01      ]
\nPaper file: Ramsey_experiment_[[0, 3, 2], [0, 2, 0]]_1400.0_us_LT_comp_True_20260428_1106.txt
Wait Time: 1400.0 us
Ket Data (list): [np.float64(0.01020408163265306), np.float64(0.26), np.float64(0.6262626262626263), np.float64(0.98), np.float64(0.8080808080808081), np.float64(0.15)]
Lower Error (array): [0.00629965 0.04133414 0.04965861 0.01947136 0.04258212 0.03223318]
Upper Error (array): [0.01619452 0.04608661 0.04713336 0.0099664  0.0364205  0.03916387]
\nPaper file: Ramsey_experiment_[[0, 3, 2], [0, 2, 0]]_1400.0_us_LT_comp_True_20260428_1654.txt
Wait Time: 1400.0 us
Ket Data (list): [np.float64(0.03), np.float64(0.09090909090909091), np.float64(0.797979797979798), np.float64(0.95), np.float64(0.5), np.float64(0.05)]
Lower Error (array): [0.01294692 0.02494668 0.04324094 0.02659473 0.05025189 0.01768384]
Upper Error (array): [0.02225385 0.0331285  0.03728134 0.01768384 0.05025189 0.02659473]
\nPaper file: Ramsey_experiment_[[0, 3, 2], [0, 2, 0]]_1400.0_us_LT_comp_True_20260428_1919.txt
Wait Time: 1400.0 us
Ket Data (list): [np.float64(0.08), np.float64(0.1414141414141414), np.float64(0.5454545454545454), np.float64(0.9693877551020408), np.float64(0.4), np.float64(0.05)]
Lower Error (array): [0.02315468 0.03144299 0.05024958 0.02269202 0.04776662 0.01768384]
Upper Error (array): [0.03147151 0.03861471 0.04934049 0.01320944 0.04974682 0.02659473]
\nPaper file: Ramsey_experiment_[[0, 3, 2], [0, 2, 0]]_1400.0_us_LT_comp_True_20260501_1228.txt
Wait Time: 1400.0 us
Ket Data (list): [np.float64(0.031578947368421054), np.float64(0.3516483516483517), np.float64(0.9052631578947369), np.float64(0.8645833333333334), np.float64(0.391304347826087), np.float64(0.07368421052631578)]
Lower Error (array): [0.0136238  0.04819483 0.03440713 0.03870322 0.04945235 0.02259083]
Upper Error (array): [0.02338257 0.05141987 0.02596415 0.03118604 0.05178989 0.03147241]
\nPaper file: Ramsey_experiment_[[0, 3, 2], [0, 2, 0]]_1600.0_us_LT_comp_True_20260427_1411.txt
Wait Time: 1600.0 us
Ket Data (list): [np.float64(0.07142857142857142), np.float64(0.5612244897959183), np.float64(0.75), np.float64(0.8080808080808081), np.float64(0.5416666666666666), np.float64(0.1134020618556701)]
Lower Error (array): [0.02191419 0.050496   0.04563266 0.04258212 0.0510221  0.02832742]
Upper Error (array): [0.0305722  0.04925914 0.04068217 0.0364205  0.050163   0.03621717]
\nPaper file: Ramsey_experiment_[[0, 3, 2], [0, 2, 0]]_1600.0_us_LT_comp_True_20260427_1653.txt
Wait Time: 1600.0 us
Ket Data (list): [np.float64(0.030303030303030304), np.float64(0.32323232323232326), np.float64(0.8775510204081632), np.float64(0.89), np.float64(0.5959595959595959), np.float64(0.020833333333333332)]
Lower Error (array): [0.01307686 0.04503677 0.03697914 0.03523362 0.05003951 0.0103802 ]
Upper Error (array): [0.0224708  0.04857213 0.02935185 0.02751085 0.04812032 0.02025993]
\nPaper file: Ramsey_experiment_[[0, 3, 2], [0, 2, 0]]_1600.0_us_LT_comp_True_20260427_1900.txt
Wait Time: 1600.0 us
Ket Data (list): [np.float64(0.04040404040404041), np.float64(0.51), np.float64(0.82), np.float64(0.8181818181818182), np.float64(0.3434343434343434), np.float64(0.03)]
Lower Error (array): [0.01562379 0.04984102 0.04152747 0.0418823  0.04594564 0.01294692]
Upper Error (array): [0.02481571 0.049643   0.03519083 0.03551866 0.04907695 0.02225385]
\nPaper file: Ramsey_experiment_[[0, 3, 2], [0, 2, 0]]_1600.0_us_LT_comp_True_20260428_1106.txt
Wait Time: 1600.0 us
Ket Data (list): [np.float64(0.061855670103092786), np.float64(0.5252525252525253), np.float64(0.9595959595959596), np.float64(0.7040816326530612), np.float64(0.2), np.float64(0.1111111111111111)]
Lower Error (array): [0.02027034 0.05018935 0.02481571 0.04798312 0.03694187 0.02777778]
Upper Error (array): [0.02921206 0.0496843  0.01562379 0.04386026 0.04288246 0.03555556]
\nPaper file: Ramsey_experiment_[[0, 3, 2], [0, 2, 0]]_1600.0_us_LT_comp_True_20260428_1654.txt
Wait Time: 1600.0 us
Ket Data (list): [np.float64(0.23), np.float64(0.7), np.float64(0.8979591836734694), np.float64(0.52), np.float64(0.1326530612244898), np.float64(0.14285714285714285)]
Lower Error (array): [0.03928638 0.04762151 0.0347069  0.04991046 0.03058159 0.03174603]
Upper Error (array): [0.04463291 0.04366111 0.02666732 0.04951442 0.03800274 0.03896104]
\nPaper file: Ramsey_experiment_[[0, 3, 2], [0, 2, 0]]_1600.0_us_LT_comp_True_20260428_1919.txt
Wait Time: 1600.0 us
Ket Data (list): [np.float64(0.0707070707070707), np.float64(0.53125), np.float64(0.9393939393939394), np.float64(0.7216494845360825), np.float64(0.2857142857142857), np.float64(0.020833333333333332)]
Lower Error (array): [0.02169755 0.05099125 0.02865577 0.0475919  0.04329004 0.0103802 ]
Upper Error (array): [0.03028341 0.05034692 0.01986789 0.04306844 0.04761905 0.02025993]
\nPaper file: Ramsey_experiment_[[0, 3, 2], [0, 2, 0]]_1600.0_us_LT_comp_True_20260501_1312.txt
Wait Time: 1600.0 us
Ket Data (list): [np.float64(0.05263157894736842), np.float64(0.7157894736842105), np.float64(0.8229166666666666), np.float64(0.6210526315789474), np.float64(0.17525773195876287), np.float64(0.26595744680851063)]
Lower Error (array): [0.01860162 0.04833648 0.04223148 0.05078988 0.03523372 0.04293529]
Upper Error (array): [0.02792179 0.04384087 0.03557341 0.04826795 0.04186112 0.0478625 ]
\nPaper file: Ramsey_experiment_[[0, 3, 2], [0, 2, 0]]_1600.0_us_LT_comp_True_20260501_1549.txt
Wait Time: 1600.0 us
Ket Data (list): [np.float64(0.02040816326530612), np.float64(0.18181818181818182), np.float64(0.5555555555555556), np.float64(0.88), np.float64(0.6363636363636364), np.float64(0.050505050505050504)]
Lower Error (array): [0.0101691  0.03551866 0.05024906 0.03631541 0.04948753 0.01786008]
Upper Error (array): [0.01985782 0.0418823  0.04913795 0.02879066 0.04676026 0.02684998]
\nPaper file: Ramsey_experiment_[[0, 3, 2], [0, 2, 0]]_1800.0_us_LT_comp_True_20260427_1411.txt
Wait Time: 1800.0 us
Ket Data (list): [np.float64(0.12244897959183673), np.float64(0.15151515151515152), np.float64(0.6666666666666666), np.float64(0.90625), np.float64(0.4845360824742268), np.float64(0.22448979591836735)]
Lower Error (array): [0.02935185 0.03253913 0.04883657 0.03407839 0.05032592 0.0392441 ]
Upper Error (array): [0.03697914 0.03950883 0.04550324 0.0257021  0.05064151 0.04480996]
\nPaper file: Ramsey_experiment_[[0, 3, 2], [0, 2, 0]]_1800.0_us_LT_comp_True_20260427_1653.txt
Wait Time: 1800.0 us
Ket Data (list): [np.float64(0.030612244897959183), np.float64(0.40816326530612246), np.float64(0.8686868686868687), np.float64(0.8367346938775511), np.float64(0.47474747474747475), np.float64(0.010101010101010102)]
Lower Error (array): [0.01320944 0.04847804 0.03766176 0.04070372 0.0496843  0.00623609]
Upper Error (array): [0.02269202 0.05033332 0.03028802 0.03390099 0.05018935 0.01603407]
\nPaper file: Ramsey_experiment_[[0, 3, 2], [0, 2, 0]]_1800.0_us_LT_comp_True_20260427_1900.txt
Wait Time: 1800.0 us
Ket Data (list): [np.float64(0.12121212121212122), np.float64(0.16), np.float64(0.7878787878787878), np.float64(0.9393939393939394), np.float64(0.6565656565656566), np.float64(0.06060606060606061)]
Lower Error (array): [0.02906856 0.03326733 0.04386105 0.02865577 0.04907695 0.01986789]
Upper Error (array): [0.03664432 0.04       0.03810347 0.01986789 0.04594564 0.02865577]
\nPaper file: Ramsey_experiment_[[0, 3, 2], [0, 2, 0]]_1800.0_us_LT_comp_True_20260428_1654.txt
Wait Time: 1800.0 us
Ket Data (list): [np.float64(0.32653061224489793), np.float64(0.7171717171717171), np.float64(0.9292929292929293), np.float64(0.72), np.float64(0.07), np.float64(0.43434343434343436)]
Lower Error (array): [0.04541098 0.04726141 0.03028341 0.04690834 0.02148515 0.04891483]
Upper Error (array): [0.04891541 0.04291798 0.02169755 0.04255191 0.03       0.05022796]
\nPaper file: Ramsey_experiment_[[0, 3, 2], [0, 2, 0]]_1800.0_us_LT_comp_True_20260428_1919.txt
Wait Time: 1800.0 us
Ket Data (list): [np.float64(0.44), np.float64(0.8865979381443299), np.float64(0.845360824742268), np.float64(0.3163265306122449), np.float64(0.02), np.float64(0.26)]
Lower Error (array): [0.04880186 0.03621717 0.04021683 0.04492    0.0099664  0.04133414]
Upper Error (array): [0.04998998 0.02832742 0.03316865 0.04863057 0.01947136 0.04608661]
\nPaper file: Ramsey_experiment_[[0, 3, 2], [0, 2, 0]]_1800.0_us_LT_comp_True_20260501_1312.txt
Wait Time: 1800.0 us
Ket Data (list): [np.float64(0.10752688172043011), np.float64(0.6421052631578947), np.float64(0.8421052631578947), np.float64(0.5698924731182796), np.float64(0.5555555555555556), np.float64(0.10416666666666667)]
Lower Error (array): [0.02804797 0.05042926 0.04094997 0.05181368 0.05024906 0.02720299]
Upper Error (array): [0.03639846 0.04746874 0.03382277 0.05032661 0.04913795 0.0353645 ]
\nPaper file: Ramsey_experiment_[[0, 3, 2], [0, 2, 0]]_1800.0_us_LT_comp_True_20260501_1549.txt
Wait Time: 1800.0 us
Ket Data (list): [np.float64(0.07216494845360824), np.float64(0.55), np.float64(0.979381443298969), np.float64(0.6224489795918368), np.float64(0.10204081632653061), np.float64(0.46938775510204084)]
Lower Error (array): [0.02213519 0.05       0.02005686 0.04997422 0.02666732 0.04984936]
Upper Error (array): [0.03086652 0.0490099  0.01027356 0.0475005  0.0347069  0.05046779]
\nPaper file: Ramsey_experiment_[[0, 3, 2], [0, 2, 0]]_2000.0_us_LT_comp_True_20260427_1411.txt
Wait Time: 2000.0 us
Ket Data (list): [np.float64(0.06315789473684211), np.float64(0.4387755102040816), np.float64(0.9081632653061225), np.float64(0.6868686868686869), np.float64(0.25510204081632654), np.float64(0.22580645161290322)]
Lower Error (array): [0.02068941 0.04925914 0.03343924 0.04828305 0.04140753 0.04030658]
Upper Error (array): [0.02979029 0.050496   0.02519352 0.04454567 0.04635496 0.04614048]
\nPaper file: Ramsey_experiment_[[0, 3, 2], [0, 2, 0]]_2000.0_us_LT_comp_True_20260427_1653.txt
Wait Time: 2000.0 us
Ket Data (list): [np.float64(0.1), np.float64(0.7959183673469388), np.float64(0.87), np.float64(0.5567010309278351), np.float64(0.47474747474747475), np.float64(0.30612244897959184)]
Lower Error (array): [0.02615229 0.04360514 0.03732673 0.05076373 0.0496843  0.04440333]
Upper Error (array): [0.03407308 0.03762699 0.03       0.04960656 0.05018935 0.04832004]
\nPaper file: Ramsey_experiment_[[0, 3, 2], [0, 2, 0]]_2000.0_us_LT_comp_True_20260427_1900.txt
Wait Time: 2000.0 us
Ket Data (list): [np.float64(0.09090909090909091), np.float64(0.030303030303030304), np.float64(0.5252525252525253), np.float64(0.9175257731958762), np.float64(0.6767676767676768), np.float64(0.18181818181818182)]
Lower Error (array): [0.02494668 0.01307686 0.05018935 0.03237305 0.04857213 0.03551866]
Upper Error (array): [0.0331285  0.0224708  0.0496843  0.02385211 0.04503677 0.0418823 ]
\nPaper file: Ramsey_experiment_[[0, 3, 2], [0, 2, 0]]_2000.0_us_LT_comp_True_20260428_1654.txt
Wait Time: 2000.0 us
Ket Data (list): [np.float64(0.08), np.float64(0.61), np.float64(0.6326530612244898), np.float64(0.47959183673469385), np.float64(0.030303030303030304), np.float64(0.12244897959183673)]
Lower Error (array): [0.02315468 0.04963426 0.04980953 0.05000429 0.01307686 0.02935185]
Upper Error (array): [0.03147151 0.04745604 0.04712967 0.05041658 0.0224708  0.03697914]
\nPaper file: Ramsey_experiment_[[0, 3, 2], [0, 2, 0]]_2000.0_us_LT_comp_True_20260428_1919.txt
Wait Time: 2000.0 us
Ket Data (list): [np.float64(0.05102040816326531), np.float64(0.21649484536082475), np.float64(0.76), np.float64(0.87), np.float64(0.41414141414141414), np.float64(0.030303030303030304)]
Lower Error (array): [0.01803987 0.03881122 0.04514851 0.03732673 0.04840621 0.01307686]
Upper Error (array): [0.02711017 0.04459704 0.04       0.03       0.05012338 0.0224708 ]
\nPaper file: Ramsey_experiment_[[0, 3, 2], [0, 2, 0]]_2000.0_us_LT_comp_True_20260501_1312.txt
Wait Time: 2000.0 us
Ket Data (list): [np.float64(0.3157894736842105), np.float64(0.45263157894736844), np.float64(0.8061224489795918), np.float64(0.5161290322580645), np.float64(0.15217391304347827), np.float64(0.3263157894736842)]
Lower Error (array): [0.04556139 0.05031049 0.04294486 0.05171609 0.03369345 0.04607825]
Upper Error (array): [0.04939911 0.05129733 0.03676057 0.05137292 0.04117358 0.04969667]
\nPaper file: Ramsey_experiment_[[0, 3, 2], [0, 2, 0]]_2000.0_us_LT_comp_True_20260501_1549.txt
Wait Time: 2000.0 us
Ket Data (list): [np.float64(0.03), np.float64(0.64), np.float64(0.98), np.float64(0.4479166666666667), np.float64(0.05154639175257732), np.float64(0.21)]
Lower Error (array): [0.01294692 0.04916803 0.01947136 0.04995704 0.01822331 0.03775898]
Upper Error (array): [0.02225385 0.04639576 0.0099664  0.05103092 0.02737543 0.04350155]
\nPaper file: Ramsey_experiment_[[0, 3, 2], [0, 2, 0]]_2200.0_us_LT_comp_True_20260427_1411.txt
Wait Time: 2200.0 us
Ket Data (list): [np.float64(0.09375), np.float64(0.6597938144329897), np.float64(0.7052631578947368), np.float64(0.9595959595959596), np.float64(0.22), np.float64(0.010101010101010102)]
Lower Error (array): [0.0257021  0.04951716 0.04871984 0.02481571 0.03853989 0.00623609]
Upper Error (array): [0.03407839 0.04625606 0.04444353 0.01562379 0.04408445 0.01603407]
\nPaper file: Ramsey_experiment_[[0, 3, 2], [0, 2, 0]]_2200.0_us_LT_comp_True_20260427_1653.txt
Wait Time: 2200.0 us
Ket Data (list): [np.float64(0.12244897959183673), np.float64(0.5), np.float64(0.8686868686868687), np.float64(0.42857142857142855), np.float64(0.041666666666666664), np.float64(0.6597938144329897)]
Lower Error (array): [0.02935185 0.05025189 0.03766176 0.04902021 0.01610714 0.04951716]
Upper Error (array): [0.03697914 0.05025189 0.03028802 0.05046321 0.02555731 0.04625606]
\nPaper file: Ramsey_experiment_[[0, 3, 2], [0, 2, 0]]_2200.0_us_LT_comp_True_20260427_1900.txt
Wait Time: 2200.0 us
Ket Data (list): [np.float64(0.05102040816326531), np.float64(0.6276595744680851), np.float64(0.875), np.float64(0.6458333333333334), np.float64(0.24), np.float64(0.05102040816326531)]
Lower Error (array): [0.01803987 0.05096069 0.03766721 0.05008665 0.04       0.01803987]
Upper Error (array): [0.02711017 0.04827312 0.02993525 0.04707978 0.04514851 0.02711017]
\nPaper file: Ramsey_experiment_[[0, 3, 2], [0, 2, 0]]_2200.0_us_LT_comp_True_20260428_1654.txt
Wait Time: 2200.0 us
Ket Data (list): [np.float64(0.0), np.float64(0.673469387755102), np.float64(0.9489795918367347), np.float64(0.4742268041237113), np.float64(0.06060606060606061), np.float64(0.04081632653061224)]
Lower Error (array): [8.67361738e-19 4.89154108e-02 2.71101659e-02 5.01781763e-02
 1.98678900e-02 1.57816537e-02]
Upper Error (array): [0.01       0.04541098 0.01803987 0.05070416 0.02865577 0.02505809]
\nPaper file: Ramsey_experiment_[[0, 3, 2], [0, 2, 0]]_2200.0_us_LT_comp_True_20260428_1919.txt
Wait Time: 2200.0 us
Ket Data (list): [np.float64(0.030303030303030304), np.float64(0.30303030303030304), np.float64(0.68), np.float64(0.89), np.float64(0.35714285714285715), np.float64(0.030303030303030304)]
Lower Error (array): [0.01307686 0.04402931 0.04823249 0.03523362 0.04673575 0.01307686]
Upper Error (array): [0.0224708  0.04796871 0.04466814 0.02751085 0.04962175 0.0224708 ]
\nPaper file: Ramsey_experiment_[[0, 3, 2], [0, 2, 0]]_2200.0_us_LT_comp_True_20260501_1312.txt
Wait Time: 2200.0 us
Ket Data (list): [np.float64(0.5729166666666666), np.float64(0.06451612903225806), np.float64(0.5979381443298969), np.float64(0.8842105263157894), np.float64(0.5360824742268041), np.float64(0.0851063829787234)]
Lower Error (array): [0.05098191 0.02112616 0.05053867 0.03690355 0.05074547 0.02459279]
Upper Error (array): [0.04947847 0.03039178 0.04853994 0.02889917 0.0500091  0.03332739]
\nPaper file: Ramsey_experiment_[[0, 3, 2], [0, 2, 0]]_2200.0_us_LT_comp_True_20260501_1549.txt
Wait Time: 2200.0 us
Ket Data (list): [np.float64(0.24489795918367346), np.float64(0.59), np.float64(0.9494949494949495), np.float64(0.53125), np.float64(0.24742268041237114), np.float64(0.15)]
Lower Error (array): [0.04071927 0.04983844 0.02684998 0.05099125 0.04108835 0.03223318]
Upper Error (array): [0.04587284 0.04805627 0.01786008 0.05034692 0.04624299 0.03916387]
\nPaper file: Ramsey_experiment_[[0, 3, 2], [0, 2, 0]]_2400.0_us_LT_comp_True_20260427_1411.txt
Wait Time: 2400.0 us
Ket Data (list): [np.float64(0.17525773195876287), np.float64(0.7474747474747475), np.float64(0.9148936170212766), np.float64(0.7849462365591398), np.float64(0.09278350515463918), np.float64(0.10309278350515463)]
Lower Error (array): [0.03523372 0.04599126 0.03332739 0.04551656 0.02544527 0.0269325 ]
Upper Error (array): [0.04186112 0.04104177 0.02459279 0.03945388 0.03375581 0.03503265]
\nPaper file: Ramsey_experiment_[[0, 3, 2], [0, 2, 0]]_2400.0_us_LT_comp_True_20260427_1653.txt
Wait Time: 2400.0 us
Ket Data (list): [np.float64(0.041666666666666664), np.float64(0.7628865979381443), np.float64(0.8888888888888888), np.float64(0.6666666666666666), np.float64(0.03125), np.float64(0.13131313131313133)]
Lower Error (array): [0.01610714 0.04572922 0.03555556 0.04961292 0.01348282 0.03028802]
Upper Error (array): [0.02555731 0.04036419 0.02777778 0.04617649 0.02314777 0.03766176]
\nPaper file: Ramsey_experiment_[[0, 3, 2], [0, 2, 0]]_2400.0_us_LT_comp_True_20260427_1900.txt
Wait Time: 2400.0 us
Ket Data (list): [np.float64(0.2222222222222222), np.float64(0.9494949494949495), np.float64(0.875), np.float64(0.14432989690721648), np.float64(0.494949494949495), np.float64(0.4444444444444444)]
Lower Error (array): [0.03888889 0.02684998 0.03766721 0.03205493 0.04994697 0.04913795]
Upper Error (array): [0.04444444 0.01786008 0.02993525 0.0393135  0.05004798 0.05024906]
\nPaper file: Ramsey_experiment_[[0, 3, 2], [0, 2, 0]]_2400.0_us_LT_comp_True_20260428_1654.txt
Wait Time: 2400.0 us
Ket Data (list): [np.float64(0.01), np.float64(0.19), np.float64(0.8484848484848485), np.float64(0.94), np.float64(0.673469387755102), np.float64(0.1919191919191919)]
Lower Error (array): [0.00617379 0.03608657 0.03950883 0.02838547 0.04891541 0.0364205 ]
Upper Error (array): [0.01587676 0.04222519 0.03253913 0.0196726  0.04541098 0.04258212]
\nPaper file: Ramsey_experiment_[[0, 3, 2], [0, 2, 0]]_2400.0_us_LT_comp_True_20260428_1919.txt
Wait Time: 2400.0 us
Ket Data (list): [np.float64(0.08080808080808081), np.float64(0.31313131313131315), np.float64(0.9479166666666666), np.float64(0.7171717171717171), np.float64(0.16494845360824742), np.float64(0.17)]
Lower Error (array): [0.02338259 0.04454567 0.02764592 0.04726141 0.03422687 0.03425207]
Upper Error (array): [0.03176643 0.04828305 0.01841052 0.04291798 0.04106466 0.04078672]
\nPaper file: Ramsey_experiment_[[0, 3, 2], [0, 2, 0]]_2400.0_us_LT_comp_True_20260501_1312.txt
Wait Time: 2400.0 us
Ket Data (list): [np.float64(0.052083333333333336), np.float64(0.6276595744680851), np.float64(0.8144329896907216), np.float64(0.47474747474747475), np.float64(0.04081632653061224), np.float64(0.5625)]
Lower Error (array): [0.01841052 0.05096069 0.04260973 0.0496843  0.01578165 0.05101758]
Upper Error (array): [0.02764592 0.04827312 0.03619273 0.05018935 0.02505809 0.04972892]
\nPaper file: Ramsey_experiment_[[0, 3, 2], [0, 2, 0]]_2400.0_us_LT_comp_True_20260501_1549.txt
Wait Time: 2400.0 us
Ket Data (list): [np.float64(0.08080808080808081), np.float64(0.58), np.float64(0.9484536082474226), np.float64(0.47474747474747475), np.float64(0.04), np.float64(0.5816326530612245)]
Lower Error (array): [0.02338259 0.04990937 0.02737543 0.0496843  0.01546906 0.05040905]
Upper Error (array): [0.03176643 0.04832521 0.01822331 0.05018935 0.02457797 0.04875991]
\nPaper file: Ramsey_experiment_[[0, 3, 2], [0, 2, 0]]_2600.0_us_LT_comp_True_20260427_1411.txt
Wait Time: 2600.0 us
Ket Data (list): [np.float64(0.2553191489361702), np.float64(0.6938775510204082), np.float64(0.9587628865979382), np.float64(0.7204301075268817), np.float64(0.0851063829787234), np.float64(0.022988505747126436)]
Lower Error (array): [0.0422353  0.04832004 0.02530524 0.0486933  0.02459279 0.01144982]
Upper Error (array): [0.04738647 0.04440333 0.01594274 0.0440033  0.03332739 0.02229099]
\nPaper file: Ramsey_experiment_[[0, 3, 2], [0, 2, 0]]_2600.0_us_LT_comp_True_20260427_1653.txt
Wait Time: 2600.0 us
Ket Data (list): [np.float64(0.32989690721649484), np.float64(0.7938144329896907), np.float64(0.71875), np.float64(0.31313131313131315), np.float64(0.02040816326530612), np.float64(0.45)]
Lower Error (array): [0.04579085 0.0439752  0.04796172 0.04454567 0.0101691  0.0490099 ]
Upper Error (array): [0.04926234 0.03797899 0.04345141 0.04828305 0.01985782 0.05      ]
\nPaper file: Ramsey_experiment_[[0, 3, 2], [0, 2, 0]]_2600.0_us_LT_comp_True_20260427_1900.txt
Wait Time: 2600.0 us
Ket Data (list): [np.float64(0.20202020202020202), np.float64(0.8061224489795918), np.float64(0.9052631578947369), np.float64(0.4105263157894737), np.float64(0.061855670103092786), np.float64(0.37894736842105264)]
Lower Error (array): [0.03728134 0.04294486 0.03440713 0.04928396 0.02027034 0.04826795]
Upper Error (array): [0.04324094 0.03676057 0.02596415 0.05114799 0.02921206 0.05078988]
\nPaper file: Ramsey_experiment_[[0, 3, 2], [0, 2, 0]]_2600.0_us_LT_comp_True_20260428_1654.txt
Wait Time: 2600.0 us
Ket Data (list): [np.float64(0.41414141414141414), np.float64(0.6938775510204082), np.float64(0.68), np.float64(0.33), np.float64(0.15463917525773196), np.float64(0.0707070707070707)]
Lower Error (array): [0.04840621 0.04832004 0.04823249 0.04513501 0.03316865 0.02169755]
Upper Error (array): [0.05012338 0.04440333 0.04466814 0.04850135 0.04021683 0.03028341]
\nPaper file: Ramsey_experiment_[[0, 3, 2], [0, 2, 0]]_2600.0_us_LT_comp_True_20260428_1919.txt
Wait Time: 2600.0 us
Ket Data (list): [np.float64(0.17), np.float64(0.6565656565656566), np.float64(0.9591836734693877), np.float64(0.5454545454545454), np.float64(0.06060606060606061), np.float64(0.0)]
Lower Error (array): [3.42520699e-02 4.90769524e-02 2.50580915e-02 5.02495799e-02
 1.98678900e-02 8.67361738e-19]
Upper Error (array): [0.04078672 0.04594564 0.01578165 0.04934049 0.02865577 0.01      ]
\nPaper file: Ramsey_experiment_[[0, 3, 2], [0, 2, 0]]_2600.0_us_LT_comp_True_20260501_1312.txt
Wait Time: 2600.0 us
Ket Data (list): [np.float64(0.10309278350515463), np.float64(0.7040816326530612), np.float64(0.8163265306122449), np.float64(0.52), np.float64(0.16161616161616163), np.float64(0.5360824742268041)]
Lower Error (array): [0.0269325  0.04798312 0.04224301 0.04991046 0.0335812  0.05074547]
Upper Error (array): [0.03503265 0.04386026 0.03585257 0.04951442 0.04034888 0.0500091 ]
\nPaper file: Ramsey_experiment_[[0, 3, 2], [0, 2, 0]]_2600.0_us_LT_comp_True_20260501_1549.txt
Wait Time: 2600.0 us
Ket Data (list): [np.float64(0.23711340206185566), np.float64(0.3), np.float64(0.73), np.float64(0.9175257731958762), np.float64(0.37373737373737376), np.float64(0.061224489795918366)]
Lower Error (array): [0.04036419 0.04366111 0.0465115  0.03237305 0.04713336 0.0200671 ]
Upper Error (array): [0.04572922 0.04762151 0.04195705 0.02385211 0.04965861 0.02893125]
\nPaper file: Ramsey_experiment_[[0, 3, 2], [0, 2, 0]]_2800.0_us_LT_comp_True_20260427_1411.txt
Wait Time: 2800.0 us
Ket Data (list): [np.float64(0.06521739130434782), np.float64(0.45054945054945056), np.float64(0.7362637362637363), np.float64(0.4111111111111111), np.float64(0.4), np.float64(0.3333333333333333)]
Lower Error (array): [0.02135152 0.05133831 0.04858157 0.05061176 0.04896918 0.04617649]
Upper Error (array): [0.03070169 0.05241332 0.04344541 0.05256537 0.05105252 0.04961292]
\nPaper file: Ramsey_experiment_[[0, 3, 2], [0, 2, 0]]_2800.0_us_LT_comp_True_20260427_1653.txt
Wait Time: 2800.0 us
Ket Data (list): [np.float64(0.31958762886597936), np.float64(0.9393939393939394), np.float64(0.6947368421052632), np.float64(0.03), np.float64(0.2727272727272727), np.float64(0.8125)]
Lower Error (array): [0.04530013 0.02865577 0.04907376 0.01294692 0.0423214  0.0429826 ]
Upper Error (array): [0.04898201 0.01986789 0.04501675 0.02225385 0.04686686 0.0365393 ]
\nPaper file: Ramsey_experiment_[[0, 3, 2], [0, 2, 0]]_2800.0_us_LT_comp_True_20260427_1900.txt
Wait Time: 2800.0 us
Ket Data (list): [np.float64(0.7021276595744681), np.float64(0.9696969696969697), np.float64(0.8787878787878788), np.float64(0.14432989690721648), np.float64(0.041237113402061855), np.float64(0.45918367346938777)]
Lower Error (array): [0.04909623 0.0224708  0.03664432 0.03205493 0.01594274 0.04967359]
Upper Error (array): [0.04484092 0.01307686 0.02906856 0.0393135  0.02530524 0.05049816]
\nPaper file: Ramsey_experiment_[[0, 3, 2], [0, 2, 0]]_2800.0_us_LT_comp_True_20260428_1654.txt
Wait Time: 2800.0 us
Ket Data (list): [np.float64(0.08163265306122448), np.float64(0.14285714285714285), np.float64(0.79), np.float64(0.59), np.float64(0.47), np.float64(0.050505050505050504)]
Lower Error (array): [0.02361502 0.03174603 0.04350155 0.04983844 0.04936608 0.01786008]
Upper Error (array): [0.03206689 0.03896104 0.03775898 0.04805627 0.04996014 0.02684998]
\nPaper file: Ramsey_experiment_[[0, 3, 2], [0, 2, 0]]_2800.0_us_LT_comp_True_20260428_1919.txt
Wait Time: 2800.0 us
Ket Data (list): [np.float64(0.25510204081632654), np.float64(0.7676767676767676), np.float64(0.8888888888888888), np.float64(0.5454545454545454), np.float64(0.04040404040404041), np.float64(0.04)]
Lower Error (array): [0.04140753 0.04499292 0.03555556 0.05024958 0.01562379 0.01546906]
Upper Error (array): [0.04635496 0.03963938 0.02777778 0.04934049 0.02481571 0.02457797]
\nPaper file: Ramsey_experiment_[[0, 3, 2], [0, 2, 0]]_2800.0_us_LT_comp_True_20260501_1312.txt
Wait Time: 2800.0 us
Ket Data (list): [np.float64(0.21052631578947367), np.float64(0.7551020408163265), np.float64(0.8163265306122449), np.float64(0.63), np.float64(0.14285714285714285), np.float64(0.31313131313131315)]
Lower Error (array): [0.03870268 0.04587284 0.04224301 0.04934519 0.03174603 0.04454567]
Upper Error (array): [0.04473338 0.04071927 0.03585257 0.04677094 0.03896104 0.04828305]
\nPaper file: Ramsey_experiment_[[0, 3, 2], [0, 2, 0]]_2800.0_us_LT_comp_True_20260501_1549.txt
Wait Time: 2800.0 us
Ket Data (list): [np.float64(0.5408163265306123), np.float64(0.93), np.float64(0.494949494949495), np.float64(0.09183673469387756), np.float64(0.08080808080808081), np.float64(0.9696969696969697)]
Lower Error (array): [0.05049816 0.03       0.04994697 0.02519352 0.02338259 0.0224708 ]
Upper Error (array): [0.04967359 0.02148515 0.05004798 0.03343924 0.03176643 0.01307686]
\nPaper file: Ramsey_experiment_[[0, 3, 2], [0, 2, 0]]_3000.0_us_LT_comp_True_20260427_1411.txt
Wait Time: 3000.0 us
Ket Data (list): [np.float64(0.3711340206185567), np.float64(0.9157894736842105), np.float64(0.3229166666666667), np.float64(0.10638297872340426), np.float64(0.24210526315789474), np.float64(0.9591836734693877)]
Lower Error (array): [0.04750405 0.03300313 0.04568617 0.02776055 0.04111513 0.02505809]
Upper Error (array): [0.05013397 0.02434085 0.04933738 0.03604723 0.04648793 0.01578165]
\nPaper file: Ramsey_experiment_[[0, 3, 2], [0, 2, 0]]_3000.0_us_LT_comp_True_20260427_1653.txt
Wait Time: 3000.0 us
Ket Data (list): [np.float64(0.29896907216494845), np.float64(0.898989898989899), np.float64(0.8383838383838383), np.float64(0.3684210526315789), np.float64(0.030303030303030304), np.float64(0.5106382978723404)]
Lower Error (array): [0.04423955 0.0343871  0.04034888 0.0478808  0.01307686 0.05139941]
Upper Error (array): [0.04834223 0.0264073  0.0335812  0.05062202 0.0224708  0.05117545]
\nPaper file: Ramsey_experiment_[[0, 3, 2], [0, 2, 0]]_3000.0_us_LT_comp_True_20260427_1900.txt
Wait Time: 3000.0 us
Ket Data (list): [np.float64(0.7263157894736842), np.float64(0.9393939393939394), np.float64(0.8210526315789474), np.float64(0.21052631578947367), np.float64(0.061855670103092786), np.float64(0.5157894736842106)]
Lower Error (array): [0.04792274 0.02865577 0.04260822 0.03870268 0.02027034 0.05117032]
Upper Error (array): [0.04320782 0.01986789 0.03591962 0.04473338 0.02921206 0.05084138]
\nPaper file: Ramsey_experiment_[[0, 3, 2], [0, 2, 0]]_3000.0_us_LT_comp_True_20260428_1654.txt
Wait Time: 3000.0 us
Ket Data (list): [np.float64(0.30927835051546393), np.float64(0.93), np.float64(0.9090909090909091), np.float64(0.49), np.float64(0.15306122448979592), np.float64(0.09)]
Lower Error (array): [0.04478326 0.03       0.0331285  0.049643   0.0328509  0.02470463]
Upper Error (array): [0.04867554 0.02148515 0.02494668 0.04984102 0.03985976 0.03282344]
\nPaper file: Ramsey_experiment_[[0, 3, 2], [0, 2, 0]]_3000.0_us_LT_comp_True_20260428_1919.txt
Wait Time: 3000.0 us
Ket Data (list): [np.float64(0.6464646464646465), np.float64(0.9081632653061225), np.float64(0.7244897959183674), np.float64(0.45), np.float64(0.18), np.float64(0.3)]
Lower Error (array): [0.04929378 0.03343924 0.04722697 0.0490099  0.03519083 0.04366111]
Upper Error (array): [0.04636449 0.02519352 0.04269182 0.05       0.04152747 0.04762151]
\nPaper file: Ramsey_experiment_[[0, 3, 2], [0, 2, 0]]_3000.0_us_LT_comp_True_20260501_1312.txt
Wait Time: 3000.0 us
Ket Data (list): [np.float64(0.35106382978723405), np.float64(0.9072164948453608), np.float64(0.8484848484848485), np.float64(0.6082474226804123), np.float64(0.4948453608247423), np.float64(0.05154639175257732)]
Lower Error (array): [0.04742758 0.03375581 0.03950883 0.05042671 0.05045237 0.01822331]
Upper Error (array): [0.05056308 0.02544527 0.03253913 0.04821758 0.05055757 0.02737543]
\nPaper file: Ramsey_experiment_[[0, 3, 2], [0, 2, 0]]_3000.0_us_LT_comp_True_20260501_1549.txt
Wait Time: 3000.0 us
Ket Data (list): [np.float64(0.02), np.float64(0.5353535353535354), np.float64(0.7272727272727273), np.float64(0.43434343434343436), np.float64(0.03), np.float64(0.5612244897959183)]
Lower Error (array): [0.0099664  0.05022964 0.04686686 0.04891483 0.01294692 0.050496  ]
Upper Error (array): [0.01947136 0.04952257 0.0423214  0.05022796 0.02225385 0.04925914]
\nPaper file: Ramsey_experiment_[[0, 3, 2], [0, 2, 0]]_3200.0_us_LT_comp_True_20260427_1411.txt
Wait Time: 3200.0 us
Ket Data (list): [np.float64(0.3645833333333333), np.float64(0.8571428571428571), np.float64(0.5208333333333334), np.float64(0.3402061855670103), np.float64(0.18556701030927836), np.float64(0.35714285714285715)]
Lower Error (array): [0.04749383 0.03896104 0.05093845 0.04625606 0.03619273 0.04673575]
Upper Error (array): [0.05028593 0.03174603 0.0505089  0.04951716 0.04260973 0.04962175]
\nPaper file: Ramsey_experiment_[[0, 3, 2], [0, 2, 0]]_3200.0_us_LT_comp_True_20260427_1653.txt
Wait Time: 3200.0 us
Ket Data (list): [np.float64(0.14432989690721648), np.float64(0.92), np.float64(0.7575757575757576), np.float64(0.26804123711340205), np.float64(0.020202020202020204), np.float64(0.9166666666666666)]
Lower Error (array): [0.03205493 0.03147151 0.04550805 0.04243925 0.01006673 0.03268507]
Upper Error (array): [0.0393135  0.02315468 0.04035654 0.0471731  0.01966269 0.02409401]
\nPaper file: Ramsey_experiment_[[0, 3, 2], [0, 2, 0]]_3200.0_us_LT_comp_True_20260427_1900.txt
Wait Time: 3200.0 us
Ket Data (list): [np.float64(0.3673469387755102), np.float64(0.8469387755102041), np.float64(0.8969072164948454), np.float64(0.2), np.float64(0.18181818181818182), np.float64(0.81)]
Lower Error (array): [0.04712967 0.03985976 0.03503265 0.03781926 0.03551866 0.04222519]
Upper Error (array): [0.04980953 0.0328509  0.0269325  0.04406926 0.0418823  0.03608657]
\nPaper file: Ramsey_experiment_[[0, 3, 2], [0, 2, 0]]_3200.0_us_LT_comp_True_20260428_1654.txt
Wait Time: 3200.0 us
Ket Data (list): [np.float64(0.22448979591836735), np.float64(0.8367346938775511), np.float64(0.9292929292929293), np.float64(0.67), np.float64(0.07142857142857142), np.float64(0.47959183673469385)]
Lower Error (array): [0.0392441  0.04070372 0.03028341 0.04850135 0.02191419 0.05000429]
Upper Error (array): [0.04480996 0.03390099 0.02169755 0.04513501 0.0305722  0.05041658]
\nPaper file: Ramsey_experiment_[[0, 3, 2], [0, 2, 0]]_3200.0_us_LT_comp_True_20260428_1919.txt
Wait Time: 3200.0 us
Ket Data (list): [np.float64(0.10101010101010101), np.float64(0.6020408163265306), np.float64(0.92), np.float64(0.35353535353535354), np.float64(0.0707070707070707), np.float64(0.25510204081632654)]
Lower Error (array): [0.0264073  0.0502358  0.03147151 0.04636449 0.02169755 0.04140753]
Upper Error (array): [0.0343871  0.04817436 0.02315468 0.04929378 0.03028341 0.04635496]
\nPaper file: Ramsey_experiment_[[0, 3, 2], [0, 2, 0]]_3200.0_us_LT_comp_True_20260501_1312.txt
Wait Time: 3200.0 us
Ket Data (list): [np.float64(0.3673469387755102), np.float64(0.8787878787878788), np.float64(0.6020408163265306), np.float64(0.2), np.float64(0.3020833333333333), np.float64(0.8585858585858586)]
Lower Error (array): [0.04712967 0.03664432 0.0502358  0.03781926 0.044625   0.03861471]
Upper Error (array): [0.04980953 0.02906856 0.04817436 0.04406926 0.04870576 0.03144299]
\nPaper file: Ramsey_experiment_[[0, 3, 2], [0, 2, 0]]_3200.0_us_LT_comp_True_20260501_1549.txt
Wait Time: 3200.0 us
Ket Data (list): [np.float64(0.07142857142857142), np.float64(0.6464646464646465), np.float64(0.9090909090909091), np.float64(0.17525773195876287), np.float64(0.09183673469387756), np.float64(0.5714285714285714)]
Lower Error (array): [0.02191419 0.04929378 0.0331285  0.03523372 0.02519352 0.05046321]
Upper Error (array): [0.0305722  0.04636449 0.02494668 0.04186112 0.03343924 0.04902021]
\nPaper file: Ramsey_experiment_[[0, 3, 2], [0, 2, 0]]_3400.0_us_LT_comp_True_20260427_1411.txt
Wait Time: 3400.0 us
Ket Data (list): [np.float64(0.24489795918367346), np.float64(0.7474747474747475), np.float64(0.711340206185567), np.float64(0.5463917525773195), np.float64(0.08080808080808081), np.float64(0.23469387755102042)]
Lower Error (array): [0.04071927 0.04599126 0.0479813  0.05076537 0.02338259 0.0399986 ]
Upper Error (array): [0.04587284 0.04104177 0.04366823 0.0498186  0.03176643 0.04535832]
\nPaper file: Ramsey_experiment_[[0, 3, 2], [0, 2, 0]]_3400.0_us_LT_comp_True_20260427_1653.txt
Wait Time: 3400.0 us
Ket Data (list): [np.float64(0.14583333333333334), np.float64(0.38), np.float64(0.8762886597938144), np.float64(0.7835051546391752), np.float64(0.5918367346938775), np.float64(0.08)]
Lower Error (array): [0.03236985 0.04712425 0.03732005 0.04459704 0.05033332 0.02315468]
Upper Error (array): [0.03967226 0.04950049 0.02964069 0.03881122 0.04847804 0.03147151]
\nPaper file: Ramsey_experiment_[[0, 3, 2], [0, 2, 0]]_3400.0_us_LT_comp_True_20260427_1900.txt
Wait Time: 3400.0 us
Ket Data (list): [np.float64(0.5252525252525253), np.float64(0.9484536082474226), np.float64(0.6767676767676768), np.float64(0.1), np.float64(0.11224489795918367), np.float64(0.18181818181818182)]
Lower Error (array): [0.05018935 0.02737543 0.04857213 0.02615229 0.02804992 0.03551866]
Upper Error (array): [0.0496843  0.01822331 0.04503677 0.03407308 0.03588335 0.0418823 ]
\nPaper file: Ramsey_experiment_[[0, 3, 2], [0, 2, 0]]_3400.0_us_LT_comp_True_20260428_1654.txt
Wait Time: 3400.0 us
Ket Data (list): [np.float64(0.8484848484848485), np.float64(0.5252525252525253), np.float64(0.1717171717171717), np.float64(0.3939393939393939), np.float64(0.4387755102040816), np.float64(0.57)]
Lower Error (array): [0.03950883 0.05018935 0.03457323 0.04781307 0.04925914 0.04995982]
Upper Error (array): [0.03253913 0.0496843  0.04113888 0.04993428 0.050496   0.04857368]
\nPaper file: Ramsey_experiment_[[0, 3, 2], [0, 2, 0]]_3400.0_us_LT_comp_True_20260428_1919.txt
Wait Time: 3400.0 us
Ket Data (list): [np.float64(0.10204081632653061), np.float64(0.5714285714285714), np.float64(0.8541666666666666), np.float64(0.42424242424242425), np.float64(0.020202020202020204), np.float64(0.31313131313131315)]
Lower Error (array): [0.02666732 0.05046321 0.03967226 0.04867098 0.01006673 0.04454567]
Upper Error (array): [0.0347069  0.04902021 0.03236985 0.05018613 0.01966269 0.04828305]
\nPaper file: Ramsey_experiment_[[0, 3, 2], [0, 2, 0]]_3400.0_us_LT_comp_True_20260501_1312.txt
Wait Time: 3400.0 us
Ket Data (list): [np.float64(0.47368421052631576), np.float64(0.83), np.float64(0.75), np.float64(0.26804123711340205), np.float64(0.21875), np.float64(0.63)]
Lower Error (array): [0.05068692 0.04078672 0.04563266 0.04243925 0.03917481 0.04934519]
Upper Error (array): [0.05123517 0.03425207 0.04068217 0.0471731  0.04497378 0.04677094]
\nPaper file: Ramsey_experiment_[[0, 3, 2], [0, 2, 0]]_3400.0_us_LT_comp_True_20260501_1549.txt
Wait Time: 3400.0 us
Ket Data (list): [np.float64(0.26), np.float64(0.797979797979798), np.float64(0.6938775510204082), np.float64(0.14285714285714285), np.float64(0.1), np.float64(0.47474747474747475)]
Lower Error (array): [0.04133414 0.04324094 0.04832004 0.03174603 0.02615229 0.0496843 ]
Upper Error (array): [0.04608661 0.03728134 0.04440333 0.03896104 0.03407308 0.05018935]
\nPaper file: Ramsey_experiment_[[0, 3, 2], [0, 2, 0]]_3600.0_us_LT_comp_True_20260427_1411.txt
Wait Time: 3600.0 us
Ket Data (list): [np.float64(0.5408163265306123), np.float64(0.93), np.float64(0.8061224489795918), np.float64(0.6122448979591837), np.float64(0.08247422680412371), np.float64(0.6428571428571429)]
Lower Error (array): [0.05049816 0.03       0.04294486 0.05011619 0.02385211 0.04962175]
Upper Error (array): [0.04967359 0.02148515 0.03676057 0.04784862 0.03237305 0.04673575]
\nPaper file: Ramsey_experiment_[[0, 3, 2], [0, 2, 0]]_3600.0_us_LT_comp_True_20260427_1653.txt
Wait Time: 3600.0 us
Ket Data (list): [np.float64(0.7878787878787878), np.float64(0.71), np.float64(0.36), np.float64(0.40816326530612246), np.float64(0.21649484536082475), np.float64(0.8282828282828283)]
Lower Error (array): [0.04386105 0.04727807 0.04639576 0.04847804 0.03881122 0.04113888]
Upper Error (array): [0.03810347 0.04311965 0.04916803 0.05033332 0.04459704 0.03457323]
\nPaper file: Ramsey_experiment_[[0, 3, 2], [0, 2, 0]]_3600.0_us_LT_comp_True_20260427_1900.txt
Wait Time: 3600.0 us
Ket Data (list): [np.float64(0.3645833333333333), np.float64(0.8383838383838383), np.float64(0.7777777777777778), np.float64(0.3877551020408163), np.float64(0.08247422680412371), np.float64(0.23232323232323232)]
Lower Error (array): [0.04749383 0.04034888 0.04444444 0.04784862 0.02385211 0.03963938]
Upper Error (array): [0.05028593 0.0335812  0.03888889 0.05011619 0.03237305 0.04499292]
\nPaper file: Ramsey_experiment_[[0, 3, 2], [0, 2, 0]]_3600.0_us_LT_comp_True_20260428_1654.txt
Wait Time: 3600.0 us
Ket Data (list): [np.float64(0.30612244897959184), np.float64(0.7474747474747475), np.float64(0.6767676767676768), np.float64(0.05154639175257732), np.float64(0.16), np.float64(0.8585858585858586)]
Lower Error (array): [0.04440333 0.04599126 0.04857213 0.01822331 0.03326733 0.03861471]
Upper Error (array): [0.04832004 0.04104177 0.04503677 0.02737543 0.04       0.03144299]
\nPaper file: Ramsey_experiment_[[0, 3, 2], [0, 2, 0]]_3600.0_us_LT_comp_True_20260428_1919.txt
Wait Time: 3600.0 us
Ket Data (list): [np.float64(0.13131313131313133), np.float64(0.6161616161616161), np.float64(0.9), np.float64(0.6363636363636364), np.float64(0.35714285714285715), np.float64(0.10204081632653061)]
Lower Error (array): [0.03028802 0.04980742 0.03407308 0.04948753 0.04673575 0.02666732]
Upper Error (array): [0.03766176 0.04748419 0.02615229 0.04676026 0.04962175 0.0347069 ]
\nPaper file: Ramsey_experiment_[[0, 3, 2], [0, 2, 0]]_3600.0_us_LT_comp_True_20260501_1312.txt
Wait Time: 3600.0 us
Ket Data (list): [np.float64(0.3333333333333333), np.float64(0.88), np.float64(0.3838383838383838), np.float64(0.042105263157894736), np.float64(0.21428571428571427), np.float64(0.8787878787878788)]
Lower Error (array): [0.04550324 0.03631541 0.04748419 0.01627497 0.03845416 0.03664432]
Upper Error (array): [0.04883657 0.02879066 0.04980742 0.02581444 0.04422617 0.02906856]
\nPaper file: Ramsey_experiment_[[0, 3, 2], [0, 2, 0]]_3600.0_us_LT_comp_True_20260501_1549.txt
Wait Time: 3600.0 us
Ket Data (list): [np.float64(0.08080808080808081), np.float64(0.6060606060606061), np.float64(0.9), np.float64(0.8080808080808081), np.float64(0.52), np.float64(0.1)]
Lower Error (array): [0.02338259 0.04993428 0.03407308 0.04258212 0.04991046 0.02615229]
Upper Error (array): [0.03176643 0.04781307 0.02615229 0.0364205  0.04951442 0.03407308]
\nPaper file: Ramsey_experiment_[[0, 3, 2], [0, 2, 0]]_3800.0_us_LT_comp_True_20260427_1411.txt
Wait Time: 3800.0 us
Ket Data (list): [np.float64(0.4329896907216495), np.float64(0.8469387755102041), np.float64(0.8181818181818182), np.float64(0.41237113402061853), np.float64(0.1958762886597938), np.float64(0.20202020202020202)]
Lower Error (array): [0.04937287 0.03985976 0.0418823  0.04883977 0.03710693 0.03728134]
Upper Error (array): [0.05074042 0.0328509  0.03551866 0.05062811 0.04331354 0.04324094]
\nPaper file: Ramsey_experiment_[[0, 3, 2], [0, 2, 0]]_3800.0_us_LT_comp_True_20260427_1653.txt
Wait Time: 3800.0 us
Ket Data (list): [np.float64(0.0707070707070707), np.float64(0.12121212121212122), np.float64(0.5051546391752577), np.float64(0.898989898989899), np.float64(0.711340206185567), np.float64(0.1414141414141414)]
Lower Error (array): [0.02169755 0.02906856 0.05055757 0.0343871  0.0479813  0.03144299]
Upper Error (array): [0.03028341 0.03664432 0.05045237 0.0264073  0.04366823 0.03861471]
\nPaper file: Ramsey_experiment_[[0, 3, 2], [0, 2, 0]]_3800.0_us_LT_comp_True_20260427_1900.txt
Wait Time: 3800.0 us
Ket Data (list): [np.float64(0.4845360824742268), np.float64(0.8762886597938144), np.float64(0.7575757575757576), np.float64(0.08333333333333333), np.float64(0.021052631578947368), np.float64(0.5306122448979592)]
Lower Error (array): [0.05032592 0.03732005 0.04550805 0.02409401 0.01048908 0.05046779]
Upper Error (array): [0.05064151 0.02964069 0.04035654 0.03268507 0.02046715 0.04984936]
\nPaper file: Ramsey_experiment_[[0, 3, 2], [0, 2, 0]]_3800.0_us_LT_comp_True_20260428_1654.txt
Wait Time: 3800.0 us
Ket Data (list): [np.float64(0.42857142857142855), np.float64(0.61), np.float64(0.6767676767676768), np.float64(0.48484848484848486), np.float64(0.1), np.float64(0.47)]
Lower Error (array): [0.04902021 0.04963426 0.04857213 0.04982575 0.02615229 0.04936608]
Upper Error (array): [0.05046321 0.04745604 0.04503677 0.05012878 0.03407308 0.04996014]
\nPaper file: Ramsey_experiment_[[0, 3, 2], [0, 2, 0]]_3800.0_us_LT_comp_True_20260428_1919.txt
Wait Time: 3800.0 us
Ket Data (list): [np.float64(0.4), np.float64(0.87), np.float64(0.7474747474747475), np.float64(0.41414141414141414), np.float64(0.1111111111111111), np.float64(0.68)]
Lower Error (array): [0.04776662 0.03732673 0.04599126 0.04840621 0.02777778 0.04823249]
Upper Error (array): [0.04974682 0.03       0.04104177 0.05012338 0.03555556 0.04466814]
\nPaper file: Ramsey_experiment_[[0, 3, 2], [0, 2, 0]]_3800.0_us_LT_comp_True_20260501_1312.txt
Wait Time: 3800.0 us
Ket Data (list): [np.float64(0.05102040816326531), np.float64(0.4166666666666667), np.float64(0.78125), np.float64(0.5714285714285714), np.float64(0.1368421052631579), np.float64(0.43)]
Lower Error (array): [0.01803987 0.04920551 0.04497378 0.05046321 0.03149725 0.04857368]
Upper Error (array): [0.02711017 0.05092372 0.03917481 0.04902021 0.03906304 0.04995982]
\nPaper file: Ramsey_experiment_[[0, 3, 2], [0, 2, 0]]_3800.0_us_LT_comp_True_20260501_1549.txt
Wait Time: 3800.0 us
Ket Data (list): [np.float64(0.5757575757575758), np.float64(0.8979591836734694), np.float64(0.57), np.float64(0.11), np.float64(0.32), np.float64(0.8469387755102041)]
Lower Error (array): [0.05018613 0.0347069  0.04995982 0.02751085 0.04466814 0.03985976]
Upper Error (array): [0.04867098 0.02666732 0.04857368 0.03523362 0.04823249 0.0328509 ]
\nPaper file: Ramsey_experiment_[[0, 3, 2], [0, 2, 0]]_4000.0_us_LT_comp_True_20260427_1411.txt
Wait Time: 4000.0 us
Ket Data (list): [np.float64(0.17708333333333334), np.float64(0.8877551020408163), np.float64(0.8469387755102041), np.float64(0.5773195876288659), np.float64(0.17346938775510204), np.float64(0.3157894736842105)]
Lower Error (array): [0.03557341 0.03588335 0.03985976 0.05069528 0.03490039 0.04556139]
Upper Error (array): [0.04223148 0.02804992 0.0328509  0.04911733 0.04149697 0.04939911]
\nPaper file: Ramsey_experiment_[[0, 3, 2], [0, 2, 0]]_4000.0_us_LT_comp_True_20260427_1653.txt
Wait Time: 4000.0 us
Ket Data (list): [np.float64(0.08163265306122448), np.float64(0.8297872340425532), np.float64(0.8673469387755102), np.float64(0.16326530612244897), np.float64(0.125), np.float64(0.3804347826086957)]
Lower Error (array): [0.02361502 0.04218568 0.03800274 0.03390099 0.02993525 0.04907412]
Upper Error (array): [0.03206689 0.03524279 0.03058159 0.04070372 0.03766721 0.05164542]
\nPaper file: Ramsey_experiment_[[0, 3, 2], [0, 2, 0]]_4000.0_us_LT_comp_True_20260427_1900.txt
Wait Time: 4000.0 us
Ket Data (list): [np.float64(0.06382978723404255), np.float64(0.3118279569892473), np.float64(0.8947368421052632), np.float64(0.18085106382978725), np.float64(0.18556701030927836), np.float64(0.1919191919191919)]
Lower Error (array): [0.02090551 0.04581964 0.03570264 0.03627255 0.03619273 0.0364205 ]
Upper Error (array): [0.03008804 0.0498233  0.02747895 0.04299147 0.04260973 0.04258212]
\nPaper file: Ramsey_experiment_[[0, 3, 2], [0, 2, 0]]_4000.0_us_LT_comp_True_20260428_1654.txt
Wait Time: 4000.0 us
Ket Data (list): [np.float64(0.45), np.float64(0.92), np.float64(0.3877551020408163), np.float64(0.12), np.float64(0.22), np.float64(0.6224489795918368)]
Lower Error (array): [0.0490099  0.03147151 0.04784862 0.02879066 0.03853989 0.04997422]
Upper Error (array): [0.05       0.02315468 0.05011619 0.03631541 0.04408445 0.0475005 ]
\nPaper file: Ramsey_experiment_[[0, 3, 2], [0, 2, 0]]_4000.0_us_LT_comp_True_20260428_1919.txt
Wait Time: 4000.0 us
Ket Data (list): [np.float64(0.15), np.float64(0.7755102040816326), np.float64(0.8673469387755102), np.float64(0.1), np.float64(0.16161616161616163), np.float64(0.4020618556701031)]
Lower Error (array): [0.03223318 0.04480996 0.03800274 0.02615229 0.0335812  0.04853994]
Upper Error (array): [0.03916387 0.0392441  0.03058159 0.03407308 0.04034888 0.05053867]
\nPaper file: Ramsey_experiment_[[0, 3, 2], [0, 2, 0]]_4000.0_us_LT_comp_True_20260501_1312.txt
Wait Time: 4000.0 us
Ket Data (list): [np.float64(0.31958762886597936), np.float64(0.42857142857142855), np.float64(0.5050505050505051), np.float64(0.826530612244898), np.float64(0.35714285714285715), np.float64(0.30303030303030304)]
Lower Error (array): [0.04530013 0.04902021 0.05004798 0.04149697 0.04673575 0.04402931]
Upper Error (array): [0.04898201 0.05046321 0.04994697 0.03490039 0.04962175 0.04796871]
\nPaper file: Ramsey_experiment_[[0, 3, 2], [0, 2, 0]]_4000.0_us_LT_comp_True_20260501_1549.txt
Wait Time: 4000.0 us
Ket Data (list): [np.float64(0.75), np.float64(0.9489795918367347), np.float64(0.29), np.float64(0.39), np.float64(0.15), np.float64(0.2828282828282828)]
Lower Error (array): [0.04563266 0.02711017 0.04311965 0.04745604 0.03223318 0.04291798]
Upper Error (array): [0.04068217 0.01803987 0.04727807 0.04963426 0.03916387 0.04726141]

===== EXECUTING CELL 5 =====
bussed_ramsey_paper_analysis.ipynb:cell5:168: UserWarning: FigureCanvasAgg is non-interactive, and thus cannot be shown

Fitted Results (individual paper-data scans):
Wait Time: 0.0 us
  Params (A, phi) with offset fixed at 0.500 = 0.499, 6.220
  Amplitude (2*|A|) = 0.998 +/- 0.010
  Phase = 6.220 +/- 0.051
Wait Time: 0.0 us
  Params (A, phi) with offset fixed at 0.500 = 0.498, 6.220
  Amplitude (2*|A|) = 0.996 +/- 0.010
  Phase = 6.220 +/- 0.053
Wait Time: 0.0 us
  Params (A, phi) with offset fixed at 0.500 = 0.482, 6.220
  Amplitude (2*|A|) = 0.963 +/- 0.019
  Phase = 6.220 +/- 0.053
Wait Time: 0.0 us
  Params (A, phi) with offset fixed at 0.500 = 0.500, 0.036
  Amplitude (2*|A|) = 0.999 +/- 0.007
  Phase = 0.036 +/- 0.054
Wait Time: 0.0 us
  Params (A, phi) with offset fixed at 0.500 = 0.496, 6.079
  Amplitude (2*|A|) = 0.992 +/- 0.019
  Phase = 6.079 +/- 0.049
Wait Time: 0.0 us
  Params (A, phi) with offset fixed at 0.500 = 0.486, 6.220
  Amplitude (2*|A|) = 0.971 +/- 0.018
  Phase = 6.220 +/- 0.053
Wait Time: 0.0 us
  Params (A, phi) with offset fixed at 0.500 = 0.498, 6.193
  Amplitude (2*|A|) = 0.996 +/- 0.011
  Phase = 6.193 +/- 0.058
Wait Time: 0.0 us
  Params (A, phi) with offset fixed at 0.500 = 0.492, 0.326
  Amplitude (2*|A|) = 0.983 +/- 0.025
  Phase = 0.326 +/- 0.053
Wait Time: 200.0 us
  Params (A, phi) with offset fixed at 0.500 = 0.470, 5.972
  Amplitude (2*|A|) = 0.939 +/- 0.030
  Phase = 5.972 +/- 0.051
Wait Time: 200.0 us
  Params (A, phi) with offset fixed at 0.500 = 0.498, 0.065
  Amplitude (2*|A|) = 0.996 +/- 0.010
  Phase = 0.065 +/- 0.053
Wait Time: 200.0 us
  Params (A, phi) with offset fixed at 0.500 = 0.476, 6.220
  Amplitude (2*|A|) = 0.952 +/- 0.021
  Phase = 6.220 +/- 0.055
Wait Time: 200.0 us
  Params (A, phi) with offset fixed at 0.500 = 0.497, 0.000
  Amplitude (2*|A|) = 0.995 +/- 0.009
  Phase = 0.000 +/- 0.053
Wait Time: 200.0 us
  Params (A, phi) with offset fixed at 0.500 = 0.457, 6.114
  Amplitude (2*|A|) = 0.914 +/- 0.028
  Phase = 6.114 +/- 0.058
Wait Time: 200.0 us
  Params (A, phi) with offset fixed at 0.500 = 0.493, 6.167
  Amplitude (2*|A|) = 0.986 +/- 0.018
  Phase = 6.167 +/- 0.047
Wait Time: 200.0 us
  Params (A, phi) with offset fixed at 0.500 = 0.488, 6.111
  Amplitude (2*|A|) = 0.976 +/- 0.020
  Phase = 6.111 +/- 0.056
Wait Time: 200.0 us
  Params (A, phi) with offset fixed at 0.500 = 0.489, 6.206
  Amplitude (2*|A|) = 0.978 +/- 0.017
  Phase = 6.206 +/- 0.051
Wait Time: 400.0 us
  Params (A, phi) with offset fixed at 0.500 = 0.495, 5.829
  Amplitude (2*|A|) = 0.990 +/- 0.025
  Phase = 5.829 +/- 0.044
Wait Time: 400.0 us
  Params (A, phi) with offset fixed at 0.500 = 0.474, 6.151
  Amplitude (2*|A|) = 0.947 +/- 0.024
  Phase = 6.151 +/- 0.054
Wait Time: 400.0 us
  Params (A, phi) with offset fixed at 0.500 = 0.498, 6.220
  Amplitude (2*|A|) = 0.996 +/- 0.010
  Phase = 6.220 +/- 0.053
Wait Time: 400.0 us
  Params (A, phi) with offset fixed at 0.500 = 0.488, 6.147
  Amplitude (2*|A|) = 0.977 +/- 0.020
  Phase = 6.147 +/- 0.048
Wait Time: 400.0 us
  Params (A, phi) with offset fixed at 0.500 = 0.500, 6.105
  Amplitude (2*|A|) = 1.000 +/- 0.013
  Phase = 6.105 +/- 0.050
Wait Time: 400.0 us
  Params (A, phi) with offset fixed at 0.500 = 0.491, 6.220
  Amplitude (2*|A|) = 0.982 +/- 0.015
  Phase = 6.220 +/- 0.052
Wait Time: 400.0 us
  Params (A, phi) with offset fixed at 0.500 = 0.500, 6.098
  Amplitude (2*|A|) = 1.000 +/- 0.018
  Phase = 6.098 +/- 0.042
Wait Time: 400.0 us
  Params (A, phi) with offset fixed at 0.500 = 0.490, 4.932
  Amplitude (2*|A|) = 0.979 +/- 0.022
  Phase = 4.932 +/- 0.047
Wait Time: 600.0 us
  Params (A, phi) with offset fixed at 0.500 = 0.383, 6.120
  Amplitude (2*|A|) = 0.766 +/- 0.038
  Phase = 6.120 +/- 0.076
Wait Time: 600.0 us
  Params (A, phi) with offset fixed at 0.500 = 0.485, 5.715
  Amplitude (2*|A|) = 0.970 +/- 0.027
  Phase = 5.715 +/- 0.047
Wait Time: 600.0 us
  Params (A, phi) with offset fixed at 0.500 = 0.498, 6.090
  Amplitude (2*|A|) = 0.996 +/- 0.016
  Phase = 6.090 +/- 0.047
Wait Time: 600.0 us
  Params (A, phi) with offset fixed at 0.500 = 0.483, 5.983
  Amplitude (2*|A|) = 0.966 +/- 0.025
  Phase = 5.983 +/- 0.050
Wait Time: 600.0 us
  Params (A, phi) with offset fixed at 0.500 = 0.500, 0.297
  Amplitude (2*|A|) = 1.000 +/- 0.019
  Phase = 0.297 +/- 0.044
Wait Time: 600.0 us
  Params (A, phi) with offset fixed at 0.500 = 0.486, 0.052
  Amplitude (2*|A|) = 0.971 +/- 0.017
  Phase = 0.052 +/- 0.054
Wait Time: 600.0 us
  Params (A, phi) with offset fixed at 0.500 = 0.496, 6.010
  Amplitude (2*|A|) = 0.991 +/- 0.023
  Phase = 6.010 +/- 0.050
Wait Time: 600.0 us
  Params (A, phi) with offset fixed at 0.500 = 0.500, 5.571
  Amplitude (2*|A|) = 1.000 +/- 0.027
  Phase = 5.571 +/- 0.028
Wait Time: 800.0 us
  Params (A, phi) with offset fixed at 0.500 = 0.500, 0.199
  Amplitude (2*|A|) = 1.000 +/- 0.015
  Phase = 0.199 +/- 0.051
Wait Time: 800.0 us
  Params (A, phi) with offset fixed at 0.500 = 0.470, 5.973
  Amplitude (2*|A|) = 0.941 +/- 0.028
  Phase = 5.973 +/- 0.056
Wait Time: 800.0 us
  Params (A, phi) with offset fixed at 0.500 = 0.469, 0.000
  Amplitude (2*|A|) = 0.938 +/- 0.025
  Phase = 0.000 +/- 0.054
Wait Time: 800.0 us
  Params (A, phi) with offset fixed at 0.500 = 0.482, 6.220
  Amplitude (2*|A|) = 0.964 +/- 0.017
  Phase = 6.220 +/- 0.057
Wait Time: 800.0 us
  Params (A, phi) with offset fixed at 0.500 = 0.469, 6.154
  Amplitude (2*|A|) = 0.937 +/- 0.026
  Phase = 6.154 +/- 0.051
Wait Time: 800.0 us
  Params (A, phi) with offset fixed at 0.500 = 0.490, 6.041
  Amplitude (2*|A|) = 0.979 +/- 0.022
  Phase = 6.041 +/- 0.051
Wait Time: 800.0 us
  Params (A, phi) with offset fixed at 0.500 = 0.500, 6.060
  Amplitude (2*|A|) = 1.000 +/- 0.015
  Phase = 6.060 +/- 0.053
Wait Time: 800.0 us
  Params (A, phi) with offset fixed at 0.500 = 0.500, 5.356
  Amplitude (2*|A|) = 1.000 +/- 0.023
  Phase = 5.356 +/- 0.042
Wait Time: 1000.0 us
  Params (A, phi) with offset fixed at 0.500 = 0.485, 6.220
  Amplitude (2*|A|) = 0.970 +/- 0.019
  Phase = 6.220 +/- 0.052
Wait Time: 1000.0 us
  Params (A, phi) with offset fixed at 0.500 = 0.500, 6.143
  Amplitude (2*|A|) = 1.000 +/- 0.012
  Phase = 6.143 +/- 0.049
Wait Time: 1000.0 us
  Params (A, phi) with offset fixed at 0.500 = 0.500, 0.343
  Amplitude (2*|A|) = 1.000 +/- 0.021
  Phase = 0.343 +/- 0.045
Wait Time: 1000.0 us
  Params (A, phi) with offset fixed at 0.500 = 0.477, 6.220
  Amplitude (2*|A|) = 0.955 +/- 0.019
  Phase = 6.220 +/- 0.059
Wait Time: 1000.0 us
  Params (A, phi) with offset fixed at 0.500 = 0.485, 0.078
  Amplitude (2*|A|) = 0.971 +/- 0.018
  Phase = 0.078 +/- 0.053
Wait Time: 1000.0 us
  Params (A, phi) with offset fixed at 0.500 = 0.494, 6.026
  Amplitude (2*|A|) = 0.987 +/- 0.021
  Phase = 6.026 +/- 0.047
Wait Time: 1000.0 us
  Params (A, phi) with offset fixed at 0.500 = 0.478, 0.136
  Amplitude (2*|A|) = 0.955 +/- 0.021
  Phase = 0.136 +/- 0.061
Wait Time: 1000.0 us
  Params (A, phi) with offset fixed at 0.500 = 0.499, 1.180
  Amplitude (2*|A|) = 0.997 +/- 0.010
  Phase = 1.180 +/- 0.048
Wait Time: 1200.0 us
  Params (A, phi) with offset fixed at 0.500 = 0.491, 6.220
  Amplitude (2*|A|) = 0.983 +/- 0.025
  Phase = 6.220 +/- 0.048
Wait Time: 1200.0 us
  Params (A, phi) with offset fixed at 0.500 = 0.495, 0.338
  Amplitude (2*|A|) = 0.989 +/- 0.025
  Phase = 0.338 +/- 0.051
Wait Time: 1200.0 us
  Params (A, phi) with offset fixed at 0.500 = 0.500, 0.431
  Amplitude (2*|A|) = 1.000 +/- 0.025
  Phase = 0.431 +/- 0.041
Wait Time: 1200.0 us
  Params (A, phi) with offset fixed at 0.500 = 0.483, 6.201
  Amplitude (2*|A|) = 0.966 +/- 0.019
  Phase = 6.201 +/- 0.053
Wait Time: 1200.0 us
  Params (A, phi) with offset fixed at 0.500 = 0.480, 6.220
  Amplitude (2*|A|) = 0.960 +/- 0.019
  Phase = 6.220 +/- 0.056
Wait Time: 1200.0 us
  Params (A, phi) with offset fixed at 0.500 = 0.491, 0.105
  Amplitude (2*|A|) = 0.982 +/- 0.018
  Phase = 0.105 +/- 0.049
Wait Time: 1200.0 us
  Params (A, phi) with offset fixed at 0.500 = 0.487, 6.200
  Amplitude (2*|A|) = 0.974 +/- 0.017
  Phase = 6.200 +/- 0.057
Wait Time: 1200.0 us
  Params (A, phi) with offset fixed at 0.500 = 0.468, 4.244
  Amplitude (2*|A|) = 0.936 +/- 0.031
  Phase = 4.244 +/- 0.048
Wait Time: 1400.0 us
  Params (A, phi) with offset fixed at 0.500 = 0.472, 5.466
  Amplitude (2*|A|) = 0.945 +/- 0.028
  Phase = 5.466 +/- 0.054
Wait Time: 1400.0 us
  Params (A, phi) with offset fixed at 0.500 = 0.438, 5.751
  Amplitude (2*|A|) = 0.875 +/- 0.035
  Phase = 5.751 +/- 0.060
Wait Time: 1400.0 us
  Params (A, phi) with offset fixed at 0.500 = 0.500, 0.145
  Amplitude (2*|A|) = 1.000 +/- 0.011
  Phase = 0.145 +/- 0.047
Wait Time: 1400.0 us
  Params (A, phi) with offset fixed at 0.500 = 0.500, 0.475
  Amplitude (2*|A|) = 1.000 +/- 0.020
  Phase = 0.475 +/- 0.040
Wait Time: 1400.0 us
  Params (A, phi) with offset fixed at 0.500 = 0.500, 0.412
  Amplitude (2*|A|) = 1.000 +/- 0.025
  Phase = 0.412 +/- 0.042
Wait Time: 1400.0 us
  Params (A, phi) with offset fixed at 0.500 = 0.477, 0.449
  Amplitude (2*|A|) = 0.953 +/- 0.026
  Phase = 0.449 +/- 0.049
Wait Time: 1400.0 us
  Params (A, phi) with offset fixed at 0.500 = 0.460, 6.220
  Amplitude (2*|A|) = 0.920 +/- 0.027
  Phase = 6.220 +/- 0.059
Wait Time: 1600.0 us
  Params (A, phi) with offset fixed at 0.500 = 0.383, 0.021
  Amplitude (2*|A|) = 0.767 +/- 0.035
  Phase = 0.021 +/- 0.078
Wait Time: 1600.0 us
  Params (A, phi) with offset fixed at 0.500 = 0.478, 0.168
  Amplitude (2*|A|) = 0.956 +/- 0.023
  Phase = 0.168 +/- 0.054
Wait Time: 1600.0 us
  Params (A, phi) with offset fixed at 0.500 = 0.456, 6.167
  Amplitude (2*|A|) = 0.913 +/- 0.025
  Phase = 6.167 +/- 0.062
Wait Time: 1600.0 us
  Params (A, phi) with offset fixed at 0.500 = 0.462, 5.858
  Amplitude (2*|A|) = 0.925 +/- 0.029
  Phase = 5.858 +/- 0.054
Wait Time: 1600.0 us
  Params (A, phi) with offset fixed at 0.500 = 0.420, 5.499
  Amplitude (2*|A|) = 0.839 +/- 0.041
  Phase = 5.499 +/- 0.059
Wait Time: 1600.0 us
  Params (A, phi) with offset fixed at 0.500 = 0.477, 5.995
  Amplitude (2*|A|) = 0.953 +/- 0.025
  Phase = 5.995 +/- 0.054
Wait Time: 1600.0 us
  Params (A, phi) with offset fixed at 0.500 = 0.436, 5.703
  Amplitude (2*|A|) = 0.872 +/- 0.040
  Phase = 5.703 +/- 0.058
Wait Time: 1600.0 us
  Params (A, phi) with offset fixed at 0.500 = 0.494, 0.444
  Amplitude (2*|A|) = 0.989 +/- 0.029
  Phase = 0.444 +/- 0.050
Wait Time: 1800.0 us
  Params (A, phi) with offset fixed at 0.500 = 0.408, 0.516
  Amplitude (2*|A|) = 0.815 +/- 0.038
  Phase = 0.516 +/- 0.064
Wait Time: 1800.0 us
  Params (A, phi) with offset fixed at 0.500 = 0.479, 6.220
  Amplitude (2*|A|) = 0.958 +/- 0.018
  Phase = 6.220 +/- 0.058
Wait Time: 1800.0 us
  Params (A, phi) with offset fixed at 0.500 = 0.466, 0.463
  Amplitude (2*|A|) = 0.933 +/- 0.031
  Phase = 0.463 +/- 0.051
Wait Time: 1800.0 us
  Params (A, phi) with offset fixed at 0.500 = 0.424, 5.389
  Amplitude (2*|A|) = 0.848 +/- 0.035
  Phase = 5.389 +/- 0.058
Wait Time: 1800.0 us
  Params (A, phi) with offset fixed at 0.500 = 0.477, 5.002
  Amplitude (2*|A|) = 0.954 +/- 0.026
  Phase = 5.002 +/- 0.049
Wait Time: 1800.0 us
  Params (A, phi) with offset fixed at 0.500 = 0.359, 6.008
  Amplitude (2*|A|) = 0.718 +/- 0.039
  Phase = 6.008 +/- 0.083
Wait Time: 1800.0 us
  Params (A, phi) with offset fixed at 0.500 = 0.468, 5.625
  Amplitude (2*|A|) = 0.937 +/- 0.026
  Phase = 5.625 +/- 0.051
Wait Time: 2000.0 us
  Params (A, phi) with offset fixed at 0.500 = 0.415, 5.966
  Amplitude (2*|A|) = 0.831 +/- 0.035
  Phase = 5.966 +/- 0.066
Wait Time: 2000.0 us
  Params (A, phi) with offset fixed at 0.500 = 0.368, 5.613
  Amplitude (2*|A|) = 0.737 +/- 0.044
  Phase = 5.613 +/- 0.070
Wait Time: 2000.0 us
  Params (A, phi) with offset fixed at 0.500 = 0.497, 0.804
  Amplitude (2*|A|) = 0.994 +/- 0.029
  Phase = 0.804 +/- 0.042
Wait Time: 2000.0 us
  Params (A, phi) with offset fixed at 0.500 = 0.492, 5.517
  Amplitude (2*|A|) = 0.985 +/- 0.031
  Phase = 5.517 +/- 0.041
Wait Time: 2000.0 us
  Params (A, phi) with offset fixed at 0.500 = 0.463, 0.213
  Amplitude (2*|A|) = 0.926 +/- 0.027
  Phase = 0.213 +/- 0.057
Wait Time: 2000.0 us
  Params (A, phi) with offset fixed at 0.500 = 0.301, 5.513
  Amplitude (2*|A|) = 0.602 +/- 0.049
  Phase = 5.513 +/- 0.094
Wait Time: 2000.0 us
  Params (A, phi) with offset fixed at 0.500 = 0.500, 5.629
  Amplitude (2*|A|) = 1.000 +/- 0.022
  Phase = 5.629 +/- 0.039
Wait Time: 2200.0 us
  Params (A, phi) with offset fixed at 0.500 = 0.485, 0.000
  Amplitude (2*|A|) = 0.969 +/- 0.019
  Phase = 0.000 +/- 0.048
Wait Time: 2200.0 us
  Params (A, phi) with offset fixed at 0.500 = 0.424, 5.280
  Amplitude (2*|A|) = 0.849 +/- 0.034
  Phase = 5.280 +/- 0.055
Wait Time: 2200.0 us
  Params (A, phi) with offset fixed at 0.500 = 0.459, 5.886
  Amplitude (2*|A|) = 0.918 +/- 0.032
  Phase = 5.886 +/- 0.058
Wait Time: 2200.0 us
  Params (A, phi) with offset fixed at 0.500 = 0.500, 5.951
  Amplitude (2*|A|) = 1.000 +/- 0.015
  Phase = 5.951 +/- 0.037
Wait Time: 2200.0 us
  Params (A, phi) with offset fixed at 0.500 = 0.464, 0.143
  Amplitude (2*|A|) = 0.928 +/- 0.024
  Phase = 0.143 +/- 0.059
Wait Time: 2200.0 us
  Params (A, phi) with offset fixed at 0.500 = 0.428, 0.766
  Amplitude (2*|A|) = 0.855 +/- 0.037
  Phase = 0.766 +/- 0.055
Wait Time: 2200.0 us
  Params (A, phi) with offset fixed at 0.500 = 0.414, 5.631
  Amplitude (2*|A|) = 0.827 +/- 0.036
  Phase = 5.631 +/- 0.066
Wait Time: 2400.0 us
  Params (A, phi) with offset fixed at 0.500 = 0.465, 5.648
  Amplitude (2*|A|) = 0.930 +/- 0.036
  Phase = 5.648 +/- 0.049
Wait Time: 2400.0 us
  Params (A, phi) with offset fixed at 0.500 = 0.500, 5.589
  Amplitude (2*|A|) = 1.000 +/- 0.028
  Phase = 5.589 +/- 0.036
Wait Time: 2400.0 us
  Params (A, phi) with offset fixed at 0.500 = 0.456, 4.845
  Amplitude (2*|A|) = 0.911 +/- 0.040
  Phase = 4.845 +/- 0.045
Wait Time: 2400.0 us
  Params (A, phi) with offset fixed at 0.500 = 0.500, 0.339
  Amplitude (2*|A|) = 1.000 +/- 0.023
  Phase = 0.339 +/- 0.045
Wait Time: 2400.0 us
  Params (A, phi) with offset fixed at 0.500 = 0.443, 5.956
  Amplitude (2*|A|) = 0.887 +/- 0.032
  Phase = 5.956 +/- 0.056
Wait Time: 2400.0 us
  Params (A, phi) with offset fixed at 0.500 = 0.474, 5.477
  Amplitude (2*|A|) = 0.948 +/- 0.033
  Phase = 5.477 +/- 0.043
Wait Time: 2400.0 us
  Params (A, phi) with offset fixed at 0.500 = 0.470, 5.419
  Amplitude (2*|A|) = 0.940 +/- 0.029
  Phase = 5.419 +/- 0.046
Wait Time: 2600.0 us
  Params (A, phi) with offset fixed at 0.500 = 0.500, 5.736
  Amplitude (2*|A|) = 1.000 +/- 0.027
  Phase = 5.736 +/- 0.042
Wait Time: 2600.0 us
  Params (A, phi) with offset fixed at 0.500 = 0.460, 4.944
  Amplitude (2*|A|) = 0.920 +/- 0.028
  Phase = 4.944 +/- 0.055
Wait Time: 2600.0 us
  Params (A, phi) with offset fixed at 0.500 = 0.449, 5.212
  Amplitude (2*|A|) = 0.899 +/- 0.037
  Phase = 5.212 +/- 0.053
Wait Time: 2600.0 us
  Params (A, phi) with offset fixed at 0.500 = 0.392, 5.470
  Amplitude (2*|A|) = 0.784 +/- 0.046
  Phase = 5.470 +/- 0.060
Wait Time: 2600.0 us
  Params (A, phi) with offset fixed at 0.500 = 0.500, 5.952
  Amplitude (2*|A|) = 1.000 +/- 0.014
  Phase = 5.952 +/- 0.036
Wait Time: 2600.0 us
  Params (A, phi) with offset fixed at 0.500 = 0.371, 5.462
  Amplitude (2*|A|) = 0.742 +/- 0.046
  Phase = 5.462 +/- 0.067
Wait Time: 2600.0 us
  Params (A, phi) with offset fixed at 0.500 = 0.417, 0.217
  Amplitude (2*|A|) = 0.835 +/- 0.034
  Phase = 0.217 +/- 0.065
Wait Time: 2800.0 us
  Params (A, phi) with offset fixed at 0.500 = 0.324, 6.003
  Amplitude (2*|A|) = 0.648 +/- 0.041
  Phase = 6.003 +/- 0.096
Wait Time: 2800.0 us
  Params (A, phi) with offset fixed at 0.500 = 0.481, 4.287
  Amplitude (2*|A|) = 0.962 +/- 0.032
  Phase = 4.287 +/- 0.046
Wait Time: 2800.0 us
  Params (A, phi) with offset fixed at 0.500 = 0.500, 4.667
  Amplitude (2*|A|) = 1.000 +/- 0.027
  Phase = 4.667 +/- 0.040
Wait Time: 2800.0 us
  Params (A, phi) with offset fixed at 0.500 = 0.433, 0.272
  Amplitude (2*|A|) = 0.866 +/- 0.033
  Phase = 0.272 +/- 0.059
Wait Time: 2800.0 us
  Params (A, phi) with offset fixed at 0.500 = 0.500, 5.553
  Amplitude (2*|A|) = 1.000 +/- 0.030
  Phase = 5.553 +/- 0.038
Wait Time: 2800.0 us
  Params (A, phi) with offset fixed at 0.500 = 0.373, 5.430
  Amplitude (2*|A|) = 0.746 +/- 0.046
  Phase = 5.430 +/- 0.068
Wait Time: 2800.0 us
  Params (A, phi) with offset fixed at 0.500 = 0.500, 3.971
  Amplitude (2*|A|) = 1.000 +/- 0.031
  Phase = 3.971 +/- 0.034
Wait Time: 3000.0 us
  Params (A, phi) with offset fixed at 0.500 = 0.468, 3.845
  Amplitude (2*|A|) = 0.937 +/- 0.035
  Phase = 3.845 +/- 0.046
Wait Time: 3000.0 us
  Params (A, phi) with offset fixed at 0.500 = 0.466, 4.958
  Amplitude (2*|A|) = 0.932 +/- 0.030
  Phase = 4.958 +/- 0.051
Wait Time: 3000.0 us
  Params (A, phi) with offset fixed at 0.500 = 0.472, 4.607
  Amplitude (2*|A|) = 0.943 +/- 0.034
  Phase = 4.607 +/- 0.047
Wait Time: 3000.0 us
  Params (A, phi) with offset fixed at 0.500 = 0.500, 5.275
  Amplitude (2*|A|) = 1.000 +/- 0.038
  Phase = 5.275 +/- 0.039
Wait Time: 3000.0 us
  Params (A, phi) with offset fixed at 0.500 = 0.376, 4.813
  Amplitude (2*|A|) = 0.751 +/- 0.045
  Phase = 4.813 +/- 0.065
Wait Time: 3000.0 us
  Params (A, phi) with offset fixed at 0.500 = 0.461, 5.487
  Amplitude (2*|A|) = 0.922 +/- 0.042
  Phase = 5.487 +/- 0.045
Wait Time: 3000.0 us
  Params (A, phi) with offset fixed at 0.500 = 0.500, 5.619
  Amplitude (2*|A|) = 1.000 +/- 0.027
  Phase = 5.619 +/- 0.034
Wait Time: 3200.0 us
  Params (A, phi) with offset fixed at 0.500 = 0.325, 4.843
  Amplitude (2*|A|) = 0.650 +/- 0.050
  Phase = 4.843 +/- 0.078
Wait Time: 3200.0 us
  Params (A, phi) with offset fixed at 0.500 = 0.499, 4.592
  Amplitude (2*|A|) = 0.998 +/- 0.028
  Phase = 4.592 +/- 0.035
Wait Time: 3200.0 us
  Params (A, phi) with offset fixed at 0.500 = 0.434, 4.660
  Amplitude (2*|A|) = 0.869 +/- 0.047
  Phase = 4.660 +/- 0.048
Wait Time: 3200.0 us
  Params (A, phi) with offset fixed at 0.500 = 0.445, 5.296
  Amplitude (2*|A|) = 0.890 +/- 0.035
  Phase = 5.296 +/- 0.052
Wait Time: 3200.0 us
  Params (A, phi) with offset fixed at 0.500 = 0.455, 5.444
  Amplitude (2*|A|) = 0.909 +/- 0.035
  Phase = 5.444 +/- 0.051
Wait Time: 3200.0 us
  Params (A, phi) with offset fixed at 0.500 = 0.364, 4.211
  Amplitude (2*|A|) = 0.727 +/- 0.047
  Phase = 4.211 +/- 0.067
Wait Time: 3200.0 us
  Params (A, phi) with offset fixed at 0.500 = 0.457, 5.252
  Amplitude (2*|A|) = 0.913 +/- 0.039
  Phase = 5.252 +/- 0.045
Wait Time: 3400.0 us
  Params (A, phi) with offset fixed at 0.500 = 0.396, 5.332
  Amplitude (2*|A|) = 0.793 +/- 0.043
  Phase = 5.332 +/- 0.063
Wait Time: 3400.0 us
  Params (A, phi) with offset fixed at 0.500 = 0.393, 6.220
  Amplitude (2*|A|) = 0.786 +/- 0.036
  Phase = 6.220 +/- 0.072
Wait Time: 3400.0 us
  Params (A, phi) with offset fixed at 0.500 = 0.474, 4.747
  Amplitude (2*|A|) = 0.947 +/- 0.037
  Phase = 4.747 +/- 0.044
Wait Time: 3400.0 us
  Params (A, phi) with offset fixed at 0.500 = 0.259, 2.997
  Amplitude (2*|A|) = 0.517 +/- 0.045
  Phase = 2.997 +/- 0.117
Wait Time: 3400.0 us
  Params (A, phi) with offset fixed at 0.500 = 0.487, 5.386
  Amplitude (2*|A|) = 0.974 +/- 0.028
  Phase = 5.386 +/- 0.044
Wait Time: 3400.0 us
  Params (A, phi) with offset fixed at 0.500 = 0.345, 4.630
  Amplitude (2*|A|) = 0.691 +/- 0.051
  Phase = 4.630 +/- 0.072
Wait Time: 3400.0 us
  Params (A, phi) with offset fixed at 0.500 = 0.411, 4.793
  Amplitude (2*|A|) = 0.822 +/- 0.045
  Phase = 4.793 +/- 0.056
Wait Time: 3600.0 us
  Params (A, phi) with offset fixed at 0.500 = 0.421, 4.801
  Amplitude (2*|A|) = 0.842 +/- 0.037
  Phase = 4.801 +/- 0.056
Wait Time: 3600.0 us
  Params (A, phi) with offset fixed at 0.500 = 0.312, 3.829
  Amplitude (2*|A|) = 0.623 +/- 0.051
  Phase = 3.829 +/- 0.083
Wait Time: 3600.0 us
  Params (A, phi) with offset fixed at 0.500 = 0.415, 5.115
  Amplitude (2*|A|) = 0.831 +/- 0.042
  Phase = 5.115 +/- 0.058
Wait Time: 3600.0 us
  Params (A, phi) with offset fixed at 0.500 = 0.446, 4.292
  Amplitude (2*|A|) = 0.893 +/- 0.041
  Phase = 4.292 +/- 0.049
Wait Time: 3600.0 us
  Params (A, phi) with offset fixed at 0.500 = 0.399, 5.861
  Amplitude (2*|A|) = 0.798 +/- 0.038
  Phase = 5.861 +/- 0.070
Wait Time: 3600.0 us
  Params (A, phi) with offset fixed at 0.500 = 0.443, 4.075
  Amplitude (2*|A|) = 0.885 +/- 0.035
  Phase = 4.075 +/- 0.053
Wait Time: 3600.0 us
  Params (A, phi) with offset fixed at 0.500 = 0.412, 6.120
  Amplitude (2*|A|) = 0.824 +/- 0.033
  Phase = 6.120 +/- 0.067
Wait Time: 3800.0 us
  Params (A, phi) with offset fixed at 0.500 = 0.384, 5.151
  Amplitude (2*|A|) = 0.767 +/- 0.048
  Phase = 5.151 +/- 0.063
Wait Time: 3800.0 us
  Params (A, phi) with offset fixed at 0.500 = 0.463, 0.679
  Amplitude (2*|A|) = 0.925 +/- 0.037
  Phase = 0.679 +/- 0.051
Wait Time: 3800.0 us
  Params (A, phi) with offset fixed at 0.500 = 0.500, 4.624
  Amplitude (2*|A|) = 1.000 +/- 0.029
  Phase = 4.624 +/- 0.041
Wait Time: 3800.0 us
  Params (A, phi) with offset fixed at 0.500 = 0.311, 5.052
  Amplitude (2*|A|) = 0.622 +/- 0.047
  Phase = 5.052 +/- 0.087
Wait Time: 3800.0 us
  Params (A, phi) with offset fixed at 0.500 = 0.383, 4.744
  Amplitude (2*|A|) = 0.767 +/- 0.044
  Phase = 4.744 +/- 0.064
Wait Time: 3800.0 us
  Params (A, phi) with offset fixed at 0.500 = 0.402, 5.827
  Amplitude (2*|A|) = 0.804 +/- 0.038
  Phase = 5.827 +/- 0.064
Wait Time: 3800.0 us
  Params (A, phi) with offset fixed at 0.500 = 0.409, 4.082
  Amplitude (2*|A|) = 0.819 +/- 0.041
  Phase = 4.082 +/- 0.060
Wait Time: 4000.0 us
  Params (A, phi) with offset fixed at 0.500 = 0.427, 5.267
  Amplitude (2*|A|) = 0.854 +/- 0.045
  Phase = 5.267 +/- 0.054
Wait Time: 4000.0 us
  Params (A, phi) with offset fixed at 0.500 = 0.476, 5.189
  Amplitude (2*|A|) = 0.953 +/- 0.043
  Phase = 5.189 +/- 0.042
Wait Time: 4000.0 us
  Params (A, phi) with offset fixed at 0.500 = 0.404, 5.602
  Amplitude (2*|A|) = 0.808 +/- 0.040
  Phase = 5.602 +/- 0.059
Wait Time: 4000.0 us
  Params (A, phi) with offset fixed at 0.500 = 0.396, 4.285
  Amplitude (2*|A|) = 0.792 +/- 0.040
  Phase = 4.285 +/- 0.063
Wait Time: 4000.0 us
  Params (A, phi) with offset fixed at 0.500 = 0.463, 4.940
  Amplitude (2*|A|) = 0.926 +/- 0.046
  Phase = 4.940 +/- 0.042
Wait Time: 4000.0 us
  Params (A, phi) with offset fixed at 0.500 = 0.229, 0.279
  Amplitude (2*|A|) = 0.458 +/- 0.048
  Phase = 0.279 +/- 0.131
Wait Time: 4000.0 us
  Params (A, phi) with offset fixed at 0.500 = 0.386, 4.406
  Amplitude (2*|A|) = 0.771 +/- 0.037
  Phase = 4.406 +/- 0.061
bussed_ramsey_paper_analysis.ipynb:cell5:359: UserWarning: FigureCanvasAgg is non-interactive, and thus cannot be shown

Fitted Results: grouped by wait time
Wait Time: 0.0 us
  Params (A, phi) with offset fixed at 0.500 = 0.496, 6.220
  Amplitude (2*|A|) = 0.992 +/- 0.004
  Phase = 6.220 +/- 0.019
Wait Time: 200.0 us
  Params (A, phi) with offset fixed at 0.500 = 0.493, 6.186
  Amplitude (2*|A|) = 0.985 +/- 0.005
  Phase = 6.186 +/- 0.018
Wait Time: 400.0 us
  Params (A, phi) with offset fixed at 0.500 = 0.500, 5.957
  Amplitude (2*|A|) = 1.000 +/- 0.006
  Phase = 5.957 +/- 0.014
Wait Time: 600.0 us
  Params (A, phi) with offset fixed at 0.500 = 0.500, 5.830
  Amplitude (2*|A|) = 1.000 +/- 0.009
  Phase = 5.830 +/- 0.015
Wait Time: 800.0 us
  Params (A, phi) with offset fixed at 0.500 = 0.500, 5.959
  Amplitude (2*|A|) = 1.000 +/- 0.007
  Phase = 5.959 +/- 0.014
Wait Time: 1000.0 us
  Params (A, phi) with offset fixed at 0.500 = 0.500, 0.469
  Amplitude (2*|A|) = 1.000 +/- 0.006
  Phase = 0.469 +/- 0.009
Wait Time: 1200.0 us
  Params (A, phi) with offset fixed at 0.500 = 0.466, 6.073
  Amplitude (2*|A|) = 0.932 +/- 0.008
  Phase = 6.073 +/- 0.017
Wait Time: 1400.0 us
  Params (A, phi) with offset fixed at 0.500 = 0.489, 0.097
  Amplitude (2*|A|) = 0.979 +/- 0.007
  Phase = 0.097 +/- 0.017
Wait Time: 1600.0 us
  Params (A, phi) with offset fixed at 0.500 = 0.448, 6.101
  Amplitude (2*|A|) = 0.897 +/- 0.010
  Phase = 6.101 +/- 0.020
Wait Time: 1800.0 us
  Params (A, phi) with offset fixed at 0.500 = 0.460, 5.884
  Amplitude (2*|A|) = 0.920 +/- 0.011
  Phase = 5.884 +/- 0.017
Wait Time: 2000.0 us
  Params (A, phi) with offset fixed at 0.500 = 0.440, 6.070
  Amplitude (2*|A|) = 0.879 +/- 0.012
  Phase = 6.070 +/- 0.018
Wait Time: 2200.0 us
  Params (A, phi) with offset fixed at 0.500 = 0.486, 6.054
  Amplitude (2*|A|) = 0.972 +/- 0.008
  Phase = 6.054 +/- 0.017
Wait Time: 2400.0 us
  Params (A, phi) with offset fixed at 0.500 = 0.481, 5.660
  Amplitude (2*|A|) = 0.961 +/- 0.012
  Phase = 5.660 +/- 0.015
Wait Time: 2600.0 us
  Params (A, phi) with offset fixed at 0.500 = 0.500, 5.760
  Amplitude (2*|A|) = 1.000 +/- 0.010
  Phase = 5.760 +/- 0.014
Wait Time: 2800.0 us
  Params (A, phi) with offset fixed at 0.500 = 0.422, 4.902
  Amplitude (2*|A|) = 0.843 +/- 0.015
  Phase = 4.902 +/- 0.015
Wait Time: 3000.0 us
  Params (A, phi) with offset fixed at 0.500 = 0.441, 5.040
  Amplitude (2*|A|) = 0.883 +/- 0.014
  Phase = 5.040 +/- 0.016
Wait Time: 3200.0 us
  Params (A, phi) with offset fixed at 0.500 = 0.430, 4.939
  Amplitude (2*|A|) = 0.859 +/- 0.015
  Phase = 4.939 +/- 0.018
Wait Time: 3400.0 us
  Params (A, phi) with offset fixed at 0.500 = 0.372, 5.047
  Amplitude (2*|A|) = 0.743 +/- 0.016
  Phase = 5.047 +/- 0.022
Wait Time: 3600.0 us
  Params (A, phi) with offset fixed at 0.500 = 0.370, 4.848
  Amplitude (2*|A|) = 0.741 +/- 0.017
  Phase = 4.848 +/- 0.020
Wait Time: 3800.0 us
  Params (A, phi) with offset fixed at 0.500 = 0.345, 5.183
  Amplitude (2*|A|) = 0.690 +/- 0.016
  Phase = 5.183 +/- 0.023
Wait Time: 4000.0 us
  Params (A, phi) with offset fixed at 0.500 = 0.383, 5.085
  Amplitude (2*|A|) = 0.765 +/- 0.017
  Phase = 5.085 +/- 0.020

===== EXECUTING CELL 7 =====

===== EXECUTING CELL 8 =====

===== EXECUTING CELL 10 =====

===== EXECUTING CELL 21 =====
Processing 2 transition pairs for the combined plot.
Processing transitions [[0, 3, -1], [0, 2, 0]]
Running zero-detuning analysis for transitions [[0, 3, -1], [0, 2, 0]], LT_comp=False, grouped wait times=33
-------------------------------------------------------------------------
Wait time: 0.0 Processing files: Z:\Lab Data\Qudit_Ramsey_raw_data\Raw_data_copied\2026\2026_05\2026_05_15\qudit_ramsey_scan_bused_1887
Threshold recalculated using histogram: 11.5
(6, 100, 2)
11.5
Warning: Expected at least 3 columns in the data for shelving detection.
[98, 96, 98, 95, 98, 97]
-------------------------------------------------------------------------
Wait time: 0.0 Processing files: Z:\Lab Data\Qudit_Ramsey_raw_data\Raw_data_copied\2026\2026_05\2026_05_18\qudit_ramsey_scan_bused_564
Threshold recalculated using histogram: 11.5
(6, 100, 2)
11.5
Warning: Expected at least 3 columns in the data for shelving detection.
[93, 71, 82, 82, 91, 85]
-------------------------------------------------------------------------
Wait time: 0.0 Processing files: Z:\Lab Data\Qudit_Ramsey_raw_data\Raw_data_copied\2026\2026_05\2026_05_19\qudit_ramsey_scan_bused_278
Threshold recalculated using histogram: 10.5
(6, 100, 2)
10.5
Warning: Expected at least 3 columns in the data for shelving detection.
[95, 98, 96, 98, 96, 93]
-------------------------------------------------------------------------
Wait time: 0.0 Processing files: Z:\Lab Data\Qudit_Ramsey_raw_data\Raw_data_copied\2026\2026_05\2026_05_19\qudit_ramsey_scan_bused_535
Threshold recalculated using histogram: 9.5
(6, 100, 2)
9.5
Warning: Expected at least 3 columns in the data for shelving detection.
[99, 99, 99, 98, 100, 100]
-------------------------------------------------------------------------
Wait time: 0.0 Processing files: Z:\Lab Data\Qudit_Ramsey_raw_data\Raw_data_copied\2026\2026_05\2026_05_19\qudit_ramsey_scan_bused_1179
Threshold recalculated using histogram: 10.5
(6, 100, 2)
10.5
Warning: Expected at least 3 columns in the data for shelving detection.
[99, 100, 99, 99, 100, 99]
-------------------------------------------------------------------------
Wait time: 0.0 Processing files: Z:\Lab Data\Qudit_Ramsey_raw_data\Raw_data_copied\2026\2026_05\2026_05_19\qudit_ramsey_scan_bused_1246
Threshold recalculated using histogram: 11
(6, 100, 2)
11
Warning: Expected at least 3 columns in the data for shelving detection.
[99, 99, 99, 100, 100, 100]
-------------------------------------------------------------------------
Wait time: 0.0 Processing files: Z:\Lab Data\Qudit_Ramsey_raw_data\Raw_data_copied\2026\2026_05\2026_05_20\qudit_ramsey_scan_bused_083
Threshold recalculated using histogram: 11
(6, 100, 2)
11
Warning: Expected at least 3 columns in the data for shelving detection.
[98, 99, 98, 98, 99, 100]
-------------------------------------------------------------------------
Wait time: 0.0 Processing files: Z:\Lab Data\Qudit_Ramsey_raw_data\Raw_data_copied\2026\2026_05\2026_05_20\qudit_ramsey_scan_bused_525
Threshold recalculated using histogram: 12.5
(6, 100, 2)
12.5
Warning: Expected at least 3 columns in the data for shelving detection.
[98, 100, 99, 100, 97, 100]
-------------------------------------------------------------------------
Wait time: 0.0 Processing files: Z:\Lab Data\Qudit_Ramsey_raw_data\Raw_data_copied\2026\2026_05\2026_05_21\qudit_ramsey_scan_bused_051
Threshold recalculated using histogram: 9.5
(6, 100, 2)
9.5
Warning: Expected at least 3 columns in the data for shelving detection.
[98, 98, 99, 97, 99, 98]
-------------------------------------------------------------------------
Wait time: 1000.0 Processing files: Z:\Lab Data\Qudit_Ramsey_raw_data\Raw_data_copied\2026\2026_05\2026_05_15\qudit_ramsey_scan_bused_1904
Threshold recalculated using histogram: 10.5
(6, 100, 2)
10.5
Warning: Expected at least 3 columns in the data for shelving detection.
[97, 99, 98, 100, 97, 100]
-------------------------------------------------------------------------
Wait time: 1000.0 Processing files: Z:\Lab Data\Qudit_Ramsey_raw_data\Raw_data_copied\2026\2026_05\2026_05_18\qudit_ramsey_scan_bused_578
Threshold recalculated using histogram: 10.5
(6, 100, 2)
10.5
Warning: Expected at least 3 columns in the data for shelving detection.
[80, 88, 81, 90, 87, 80]
-------------------------------------------------------------------------
Wait time: 1000.0 Processing files: Z:\Lab Data\Qudit_Ramsey_raw_data\Raw_data_copied\2026\2026_05\2026_05_19\qudit_ramsey_scan_bused_292
Threshold recalculated using histogram: 11.5
(6, 100, 2)
11.5
Warning: Expected at least 3 columns in the data for shelving detection.
[95, 96, 94, 99, 99, 99]
-------------------------------------------------------------------------
Wait time: 1000.0 Processing files: Z:\Lab Data\Qudit_Ramsey_raw_data\Raw_data_copied\2026\2026_05\2026_05_19\qudit_ramsey_scan_bused_549
Threshold recalculated using histogram: 9.5
(6, 100, 2)
9.5
Warning: Expected at least 3 columns in the data for shelving detection.
[99, 99, 100, 100, 99, 100]
-------------------------------------------------------------------------
Wait time: 1000.0 Processing files: Z:\Lab Data\Qudit_Ramsey_raw_data\Raw_data_copied\2026\2026_05\2026_05_19\qudit_ramsey_scan_bused_1193
Threshold recalculated using histogram: 11
(6, 100, 2)
11
Warning: Expected at least 3 columns in the data for shelving detection.
[99, 97, 100, 100, 100, 98]
-------------------------------------------------------------------------
Wait time: 1000.0 Processing files: Z:\Lab Data\Qudit_Ramsey_raw_data\Raw_data_copied\2026\2026_05\2026_05_19\qudit_ramsey_scan_bused_1260
Threshold recalculated using histogram: 11
(6, 100, 2)
11
Warning: Expected at least 3 columns in the data for shelving detection.
[100, 99, 96, 99, 100, 100]
-------------------------------------------------------------------------
Wait time: 1000.0 Processing files: Z:\Lab Data\Qudit_Ramsey_raw_data\Raw_data_copied\2026\2026_05\2026_05_20\qudit_ramsey_scan_bused_100
Threshold recalculated using histogram: 11
(6, 100, 2)
11
Warning: Expected at least 3 columns in the data for shelving detection.
[100, 100, 100, 98, 98, 97]
-------------------------------------------------------------------------
Wait time: 1000.0 Processing files: Z:\Lab Data\Qudit_Ramsey_raw_data\Raw_data_copied\2026\2026_05\2026_05_20\qudit_ramsey_scan_bused_539
Threshold recalculated using histogram: 10.5
(6, 100, 2)
10.5
Warning: Expected at least 3 columns in the data for shelving detection.
[99, 98, 100, 97, 98, 98]
-------------------------------------------------------------------------
Wait time: 1000.0 Processing files: Z:\Lab Data\Qudit_Ramsey_raw_data\Raw_data_copied\2026\2026_05\2026_05_21\qudit_ramsey_scan_bused_068
Threshold recalculated using histogram: 10.5
(6, 100, 2)
10.5
Warning: Expected at least 3 columns in the data for shelving detection.
[98, 99, 100, 99, 99, 97]
-------------------------------------------------------------------------
Wait time: 2000.0 Processing files: Z:\Lab Data\Qudit_Ramsey_raw_data\Raw_data_copied\2026\2026_05\2026_05_15\qudit_ramsey_scan_bused_1918
Threshold recalculated using histogram: 9.5
(6, 100, 2)
9.5
Warning: Expected at least 3 columns in the data for shelving detection.
[98, 98, 99, 96, 98, 99]
-------------------------------------------------------------------------
Wait time: 2000.0 Processing files: Z:\Lab Data\Qudit_Ramsey_raw_data\Raw_data_copied\2026\2026_05\2026_05_18\qudit_ramsey_scan_bused_592
Threshold recalculated using histogram: 12.5
(6, 100, 2)
12.5
Warning: Expected at least 3 columns in the data for shelving detection.
[93, 89, 96, 95, 95, 97]
-------------------------------------------------------------------------
Wait time: 2000.0 Processing files: Z:\Lab Data\Qudit_Ramsey_raw_data\Raw_data_copied\2026\2026_05\2026_05_19\qudit_ramsey_scan_bused_306
Threshold recalculated using histogram: 11.5
(6, 100, 2)
11.5
Warning: Expected at least 3 columns in the data for shelving detection.
[100, 99, 99, 98, 98, 100]
-------------------------------------------------------------------------
Wait time: 2000.0 Processing files: Z:\Lab Data\Qudit_Ramsey_raw_data\Raw_data_copied\2026\2026_05\2026_05_19\qudit_ramsey_scan_bused_563
Threshold recalculated using histogram: 10.5
(6, 100, 2)
10.5
Warning: Expected at least 3 columns in the data for shelving detection.
[98, 98, 100, 100, 100, 100]
-------------------------------------------------------------------------
Wait time: 2000.0 Processing files: Z:\Lab Data\Qudit_Ramsey_raw_data\Raw_data_copied\2026\2026_05\2026_05_19\qudit_ramsey_scan_bused_1276
Threshold recalculated using histogram: 9.5
(6, 100, 2)
9.5
Warning: Expected at least 3 columns in the data for shelving detection.
[99, 100, 97, 97, 99, 100]
-------------------------------------------------------------------------
Wait time: 2000.0 Processing files: Z:\Lab Data\Qudit_Ramsey_raw_data\Raw_data_copied\2026\2026_05\2026_05_20\qudit_ramsey_scan_bused_114
Threshold recalculated using histogram: 10.5
(6, 100, 2)
10.5
Warning: Expected at least 3 columns in the data for shelving detection.
[95, 94, 88, 84, 93, 85]
-------------------------------------------------------------------------
Wait time: 2000.0 Processing files: Z:\Lab Data\Qudit_Ramsey_raw_data\Raw_data_copied\2026\2026_05\2026_05_20\qudit_ramsey_scan_bused_553
Threshold recalculated using histogram: 13.5
(6, 100, 2)
13.5
Warning: Expected at least 3 columns in the data for shelving detection.
[99, 100, 98, 98, 100, 97]
-------------------------------------------------------------------------
Wait time: 2000.0 Processing files: Z:\Lab Data\Qudit_Ramsey_raw_data\Raw_data_copied\2026\2026_05\2026_05_21\qudit_ramsey_scan_bused_082
Threshold recalculated using histogram: 11.5
(6, 100, 2)
11.5
Warning: Expected at least 3 columns in the data for shelving detection.
[100, 99, 100, 100, 99, 97]
-------------------------------------------------------------------------
Wait time: 3000.0 Processing files: Z:\Lab Data\Qudit_Ramsey_raw_data\Raw_data_copied\2026\2026_05\2026_05_15\qudit_ramsey_scan_bused_1932
Threshold recalculated using histogram: 12.5
(6, 100, 2)
12.5
Warning: Expected at least 3 columns in the data for shelving detection.
[99, 99, 100, 100, 97, 99]
-------------------------------------------------------------------------
Wait time: 3000.0 Processing files: Z:\Lab Data\Qudit_Ramsey_raw_data\Raw_data_copied\2026\2026_05\2026_05_18\qudit_ramsey_scan_bused_606
Threshold recalculated using histogram: 10.5
(6, 100, 2)
10.5
Warning: Expected at least 3 columns in the data for shelving detection.
[94, 95, 95, 95, 97, 96]
-------------------------------------------------------------------------
Wait time: 3000.0 Processing files: Z:\Lab Data\Qudit_Ramsey_raw_data\Raw_data_copied\2026\2026_05\2026_05_19\qudit_ramsey_scan_bused_320
Threshold recalculated using histogram: 10.5
(6, 100, 2)
10.5
Warning: Expected at least 3 columns in the data for shelving detection.
[99, 100, 98, 97, 99, 97]
-------------------------------------------------------------------------
Wait time: 3000.0 Processing files: Z:\Lab Data\Qudit_Ramsey_raw_data\Raw_data_copied\2026\2026_05\2026_05_19\qudit_ramsey_scan_bused_577
Threshold recalculated using histogram: 9.5
(6, 100, 2)
9.5
Warning: Expected at least 3 columns in the data for shelving detection.
[98, 100, 100, 99, 99, 97]
-------------------------------------------------------------------------
Wait time: 3000.0 Processing files: Z:\Lab Data\Qudit_Ramsey_raw_data\Raw_data_copied\2026\2026_05\2026_05_19\qudit_ramsey_scan_bused_1290
Threshold recalculated using histogram: 10.5
(6, 100, 2)
10.5
Warning: Expected at least 3 columns in the data for shelving detection.
[98, 100, 96, 100, 100, 100]
-------------------------------------------------------------------------
Wait time: 3000.0 Processing files: Z:\Lab Data\Qudit_Ramsey_raw_data\Raw_data_copied\2026\2026_05\2026_05_20\qudit_ramsey_scan_bused_128
Threshold recalculated using histogram: 9.5
(6, 100, 2)
9.5
Warning: Expected at least 3 columns in the data for shelving detection.
[88, 92, 88, 95, 97, 99]
-------------------------------------------------------------------------
Wait time: 3000.0 Processing files: Z:\Lab Data\Qudit_Ramsey_raw_data\Raw_data_copied\2026\2026_05\2026_05_20\qudit_ramsey_scan_bused_567
Threshold recalculated using histogram: 9.5
(6, 100, 2)
9.5
Warning: Expected at least 3 columns in the data for shelving detection.
[99, 99, 99, 99, 97, 98]
-------------------------------------------------------------------------
Wait time: 3000.0 Processing files: Z:\Lab Data\Qudit_Ramsey_raw_data\Raw_data_copied\2026\2026_05\2026_05_21\qudit_ramsey_scan_bused_096
Threshold recalculated using histogram: 9.5
(6, 100, 2)
9.5
Warning: Expected at least 3 columns in the data for shelving detection.
[100, 100, 100, 99, 98, 98]
-------------------------------------------------------------------------
Wait time: 4000.0 Processing files: Z:\Lab Data\Qudit_Ramsey_raw_data\Raw_data_copied\2026\2026_05\2026_05_15\qudit_ramsey_scan_bused_1949
Threshold recalculated using histogram: 9.5
(6, 100, 2)
9.5
Warning: Expected at least 3 columns in the data for shelving detection.
[97, 98, 97, 98, 98, 99]
-------------------------------------------------------------------------
Wait time: 4000.0 Processing files: Z:\Lab Data\Qudit_Ramsey_raw_data\Raw_data_copied\2026\2026_05\2026_05_18\qudit_ramsey_scan_bused_623
Threshold recalculated using histogram: 10.5
(6, 100, 2)
10.5
Warning: Expected at least 3 columns in the data for shelving detection.
[94, 96, 94, 93, 95, 93]
-------------------------------------------------------------------------
Wait time: 4000.0 Processing files: Z:\Lab Data\Qudit_Ramsey_raw_data\Raw_data_copied\2026\2026_05\2026_05_19\qudit_ramsey_scan_bused_334
Threshold recalculated using histogram: 10.5
(6, 100, 2)
10.5
Warning: Expected at least 3 columns in the data for shelving detection.
[99, 97, 96, 99, 99, 97]
-------------------------------------------------------------------------
Wait time: 4000.0 Processing files: Z:\Lab Data\Qudit_Ramsey_raw_data\Raw_data_copied\2026\2026_05\2026_05_19\qudit_ramsey_scan_bused_591
Threshold recalculated using histogram: 10.5
(6, 100, 2)
10.5
Warning: Expected at least 3 columns in the data for shelving detection.
[100, 100, 97, 100, 99, 99]
-------------------------------------------------------------------------
Wait time: 4000.0 Processing files: Z:\Lab Data\Qudit_Ramsey_raw_data\Raw_data_copied\2026\2026_05\2026_05_19\qudit_ramsey_scan_bused_1304
Threshold recalculated using histogram: 10.5
(6, 100, 2)
10.5
Warning: Expected at least 3 columns in the data for shelving detection.
[99, 100, 99, 99, 97, 98]
-------------------------------------------------------------------------
Wait time: 4000.0 Processing files: Z:\Lab Data\Qudit_Ramsey_raw_data\Raw_data_copied\2026\2026_05\2026_05_20\qudit_ramsey_scan_bused_142
Threshold recalculated using histogram: 9.5
(6, 100, 2)
9.5
Warning: Expected at least 3 columns in the data for shelving detection.
[96, 98, 94, 96, 99, 98]
-------------------------------------------------------------------------
Wait time: 4000.0 Processing files: Z:\Lab Data\Qudit_Ramsey_raw_data\Raw_data_copied\2026\2026_05\2026_05_20\qudit_ramsey_scan_bused_581
Threshold recalculated using histogram: 11.5
(6, 100, 2)
11.5
Warning: Expected at least 3 columns in the data for shelving detection.
[100, 96, 100, 100, 100, 100]
-------------------------------------------------------------------------
Wait time: 4000.0 Processing files: Z:\Lab Data\Qudit_Ramsey_raw_data\Raw_data_copied\2026\2026_05\2026_05_21\qudit_ramsey_scan_bused_110
Threshold recalculated using histogram: 10.5
(6, 100, 2)
10.5
Warning: Expected at least 3 columns in the data for shelving detection.
[99, 100, 99, 100, 100, 99]
-------------------------------------------------------------------------
Wait time: 5000.0 Processing files: Z:\Lab Data\Qudit_Ramsey_raw_data\Raw_data_copied\2026\2026_05\2026_05_15\qudit_ramsey_scan_bused_1966
Threshold recalculated using histogram: 9.5
(6, 100, 2)
9.5
Warning: Expected at least 3 columns in the data for shelving detection.
[100, 98, 100, 99, 100, 99]
-------------------------------------------------------------------------
Wait time: 5000.0 Processing files: Z:\Lab Data\Qudit_Ramsey_raw_data\Raw_data_copied\2026\2026_05\2026_05_18\qudit_ramsey_scan_bused_640
Threshold recalculated using histogram: 10.5
(6, 100, 2)
10.5
Warning: Expected at least 3 columns in the data for shelving detection.
[92, 86, 82, 80, 74, 93]
-------------------------------------------------------------------------
Wait time: 5000.0 Processing files: Z:\Lab Data\Qudit_Ramsey_raw_data\Raw_data_copied\2026\2026_05\2026_05_19\qudit_ramsey_scan_bused_348
Threshold recalculated using histogram: 9.5
(6, 100, 2)
9.5
Warning: Expected at least 3 columns in the data for shelving detection.
[96, 97, 99, 99, 98, 96]
-------------------------------------------------------------------------
Wait time: 5000.0 Processing files: Z:\Lab Data\Qudit_Ramsey_raw_data\Raw_data_copied\2026\2026_05\2026_05_19\qudit_ramsey_scan_bused_605
Threshold recalculated using histogram: 10.5
(6, 100, 2)
10.5
Warning: Expected at least 3 columns in the data for shelving detection.
[99, 100, 96, 100, 99, 99]
-------------------------------------------------------------------------
Wait time: 5000.0 Processing files: Z:\Lab Data\Qudit_Ramsey_raw_data\Raw_data_copied\2026\2026_05\2026_05_19\qudit_ramsey_scan_bused_1318
Threshold recalculated using histogram: 11
(6, 100, 2)
11
Warning: Expected at least 3 columns in the data for shelving detection.
[100, 98, 99, 100, 97, 100]
-------------------------------------------------------------------------
Wait time: 5000.0 Processing files: Z:\Lab Data\Qudit_Ramsey_raw_data\Raw_data_copied\2026\2026_05\2026_05_20\qudit_ramsey_scan_bused_156
Threshold recalculated using histogram: 10.5
(6, 100, 2)
10.5
Warning: Expected at least 3 columns in the data for shelving detection.
[86, 92, 89, 89, 94, 88]
-------------------------------------------------------------------------
Wait time: 5000.0 Processing files: Z:\Lab Data\Qudit_Ramsey_raw_data\Raw_data_copied\2026\2026_05\2026_05_20\qudit_ramsey_scan_bused_595
Threshold recalculated using histogram: 11.5
(6, 100, 2)
11.5
Warning: Expected at least 3 columns in the data for shelving detection.
[99, 100, 99, 100, 100, 99]
-------------------------------------------------------------------------
Wait time: 5000.0 Processing files: Z:\Lab Data\Qudit_Ramsey_raw_data\Raw_data_copied\2026\2026_05\2026_05_21\qudit_ramsey_scan_bused_124
Threshold recalculated using histogram: 10.5
(6, 100, 2)
10.5
Warning: Expected at least 3 columns in the data for shelving detection.
[99, 99, 98, 99, 98, 99]
-------------------------------------------------------------------------
Wait time: 6000.0 Processing files: Z:\Lab Data\Qudit_Ramsey_raw_data\Raw_data_copied\2026\2026_05\2026_05_15\qudit_ramsey_scan_bused_1983
Threshold recalculated using histogram: 10.5
(6, 100, 2)
10.5
Warning: Expected at least 3 columns in the data for shelving detection.
[100, 100, 99, 98, 100, 100]
-------------------------------------------------------------------------
Wait time: 6000.0 Processing files: Z:\Lab Data\Qudit_Ramsey_raw_data\Raw_data_copied\2026\2026_05\2026_05_18\qudit_ramsey_scan_bused_654
Threshold recalculated using histogram: 9.5
(6, 100, 2)
9.5
Warning: Expected at least 3 columns in the data for shelving detection.
[83, 87, 88, 88, 91, 91]
-------------------------------------------------------------------------
Wait time: 6000.0 Processing files: Z:\Lab Data\Qudit_Ramsey_raw_data\Raw_data_copied\2026\2026_05\2026_05_19\qudit_ramsey_scan_bused_362
Threshold recalculated using histogram: 11.5
(6, 100, 2)
11.5
Warning: Expected at least 3 columns in the data for shelving detection.
[95, 95, 93, 95, 96, 97]
-------------------------------------------------------------------------
Wait time: 6000.0 Processing files: Z:\Lab Data\Qudit_Ramsey_raw_data\Raw_data_copied\2026\2026_05\2026_05_19\qudit_ramsey_scan_bused_619
Threshold recalculated using histogram: 8.5
(6, 100, 2)
8.5
Warning: Expected at least 3 columns in the data for shelving detection.
[97, 100, 97, 98, 100, 100]
-------------------------------------------------------------------------
Wait time: 6000.0 Processing files: Z:\Lab Data\Qudit_Ramsey_raw_data\Raw_data_copied\2026\2026_05\2026_05_19\qudit_ramsey_scan_bused_1332
Threshold recalculated using histogram: 11
(6, 100, 2)
11
Warning: Expected at least 3 columns in the data for shelving detection.
[98, 100, 100, 100, 96, 98]
-------------------------------------------------------------------------
Wait time: 6000.0 Processing files: Z:\Lab Data\Qudit_Ramsey_raw_data\Raw_data_copied\2026\2026_05\2026_05_20\qudit_ramsey_scan_bused_170
Threshold recalculated using histogram: 10.5
(6, 100, 2)
10.5
Warning: Expected at least 3 columns in the data for shelving detection.
[95, 89, 92, 92, 88, 94]
-------------------------------------------------------------------------
Wait time: 6000.0 Processing files: Z:\Lab Data\Qudit_Ramsey_raw_data\Raw_data_copied\2026\2026_05\2026_05_20\qudit_ramsey_scan_bused_609
Threshold recalculated using histogram: 11.5
(6, 100, 2)
11.5
Warning: Expected at least 3 columns in the data for shelving detection.
[100, 100, 98, 98, 100, 100]
-------------------------------------------------------------------------
Wait time: 6000.0 Processing files: Z:\Lab Data\Qudit_Ramsey_raw_data\Raw_data_copied\2026\2026_05\2026_05_21\qudit_ramsey_scan_bused_138
Threshold recalculated using histogram: 9.5
(6, 100, 2)
9.5
Warning: Expected at least 3 columns in the data for shelving detection.
[99, 100, 100, 99, 100, 99]
-------------------------------------------------------------------------
Wait time: 7000.0 Processing files: Z:\Lab Data\Qudit_Ramsey_raw_data\Raw_data_copied\2026\2026_05\2026_05_15\qudit_ramsey_scan_bused_1997
Threshold recalculated using histogram: 9.5
(6, 100, 2)
9.5
Warning: Expected at least 3 columns in the data for shelving detection.
[99, 99, 99, 97, 100, 99]
-------------------------------------------------------------------------
Wait time: 7000.0 Processing files: Z:\Lab Data\Qudit_Ramsey_raw_data\Raw_data_copied\2026\2026_05\2026_05_18\qudit_ramsey_scan_bused_668
Threshold recalculated using histogram: 11.5
(6, 100, 2)
11.5
Warning: Expected at least 3 columns in the data for shelving detection.
[90, 96, 95, 95, 95, 95]
-------------------------------------------------------------------------
Wait time: 7000.0 Processing files: Z:\Lab Data\Qudit_Ramsey_raw_data\Raw_data_copied\2026\2026_05\2026_05_19\qudit_ramsey_scan_bused_376
Threshold recalculated using histogram: 12.5
(6, 100, 2)
12.5
Warning: Expected at least 3 columns in the data for shelving detection.
[98, 100, 100, 99, 98, 98]
-------------------------------------------------------------------------
Wait time: 7000.0 Processing files: Z:\Lab Data\Qudit_Ramsey_raw_data\Raw_data_copied\2026\2026_05\2026_05_19\qudit_ramsey_scan_bused_633
Threshold recalculated using histogram: 10.5
(6, 100, 2)
10.5
Warning: Expected at least 3 columns in the data for shelving detection.
[99, 99, 99, 100, 100, 100]
-------------------------------------------------------------------------
Wait time: 7000.0 Processing files: Z:\Lab Data\Qudit_Ramsey_raw_data\Raw_data_copied\2026\2026_05\2026_05_19\qudit_ramsey_scan_bused_1346
Threshold recalculated using histogram: 11
(6, 100, 2)
11
Warning: Expected at least 3 columns in the data for shelving detection.
[98, 99, 99, 98, 100, 98]
-------------------------------------------------------------------------
Wait time: 7000.0 Processing files: Z:\Lab Data\Qudit_Ramsey_raw_data\Raw_data_copied\2026\2026_05\2026_05_20\qudit_ramsey_scan_bused_184
Threshold recalculated using histogram: 10.5
(6, 100, 2)
10.5
Warning: Expected at least 3 columns in the data for shelving detection.
[95, 98, 95, 98, 94, 93]
-------------------------------------------------------------------------
Wait time: 7000.0 Processing files: Z:\Lab Data\Qudit_Ramsey_raw_data\Raw_data_copied\2026\2026_05\2026_05_20\qudit_ramsey_scan_bused_623
Threshold recalculated using histogram: 12.5
(6, 100, 2)
12.5
Warning: Expected at least 3 columns in the data for shelving detection.
[100, 99, 100, 100, 100, 99]
-------------------------------------------------------------------------
Wait time: 8000.0 Processing files: Z:\Lab Data\Qudit_Ramsey_raw_data\Raw_data_copied\2026\2026_05\2026_05_15\qudit_ramsey_scan_bused_2011
Threshold recalculated using histogram: 9.5
(6, 100, 2)
9.5
Warning: Expected at least 3 columns in the data for shelving detection.
[80, 91, 99, 96, 98, 80]
-------------------------------------------------------------------------
Wait time: 8000.0 Processing files: Z:\Lab Data\Qudit_Ramsey_raw_data\Raw_data_copied\2026\2026_05\2026_05_18\qudit_ramsey_scan_bused_684
Threshold recalculated using histogram: 11.5
(6, 100, 2)
11.5
Warning: Expected at least 3 columns in the data for shelving detection.
[92, 96, 99, 97, 96, 95]
-------------------------------------------------------------------------
Wait time: 8000.0 Processing files: Z:\Lab Data\Qudit_Ramsey_raw_data\Raw_data_copied\2026\2026_05\2026_05_19\qudit_ramsey_scan_bused_393
Threshold recalculated using histogram: 10.5
(6, 100, 2)
10.5
Warning: Expected at least 3 columns in the data for shelving detection.
C:\Users\iamga\anaconda3\Lib\site-packages\numpy\_core\fromnumeric.py:3904: RuntimeWarning: Mean of empty slice.
  return _methods._mean(a, axis=axis, dtype=dtype,
C:\Users\iamga\anaconda3\Lib\site-packages\numpy\_core\_methods.py:139: RuntimeWarning: invalid value encountered in divide
  ret = um.true_divide(
[100, 100, 99, 35, 0, 1]
bussed_ramsey_paper_analysis.ipynb:cell3:109: RuntimeWarning: divide by zero encountered in divide
bussed_ramsey_paper_analysis.ipynb:cell3:110: RuntimeWarning: divide by zero encountered in divide
bussed_ramsey_paper_analysis.ipynb:cell3:113: RuntimeWarning: divide by zero encountered in divide
bussed_ramsey_paper_analysis.ipynb:cell3:114: RuntimeWarning: divide by zero encountered in divide
bussed_ramsey_paper_analysis.ipynb:cell3:116: RuntimeWarning: divide by zero encountered in divide
bussed_ramsey_paper_analysis.ipynb:cell3:117: RuntimeWarning: divide by zero encountered in divide
bussed_ramsey_paper_analysis.ipynb:cell3:120: RuntimeWarning: divide by zero encountered in divide
bussed_ramsey_paper_analysis.ipynb:cell3:121: RuntimeWarning: divide by zero encountered in divide
-------------------------------------------------------------------------
Wait time: 8000.0 Processing files: Z:\Lab Data\Qudit_Ramsey_raw_data\Raw_data_copied\2026\2026_05\2026_05_19\qudit_ramsey_scan_bused_647
Threshold recalculated using histogram: 10.5
(6, 100, 2)
10.5
Warning: Expected at least 3 columns in the data for shelving detection.
[99, 99, 99, 100, 98, 99]
-------------------------------------------------------------------------
Wait time: 8000.0 Processing files: Z:\Lab Data\Qudit_Ramsey_raw_data\Raw_data_copied\2026\2026_05\2026_05_19\qudit_ramsey_scan_bused_1360
Threshold recalculated using histogram: 11
(6, 100, 2)
11
Warning: Expected at least 3 columns in the data for shelving detection.
[98, 100, 99, 99, 100, 100]
-------------------------------------------------------------------------
Wait time: 8000.0 Processing files: Z:\Lab Data\Qudit_Ramsey_raw_data\Raw_data_copied\2026\2026_05\2026_05_20\qudit_ramsey_scan_bused_198
Threshold recalculated using histogram: 10.5
(6, 100, 2)
10.5
Warning: Expected at least 3 columns in the data for shelving detection.
[94, 89, 91, 93, 95, 95]
-------------------------------------------------------------------------
Wait time: 8000.0 Processing files: Z:\Lab Data\Qudit_Ramsey_raw_data\Raw_data_copied\2026\2026_05\2026_05_20\qudit_ramsey_scan_bused_640
Threshold recalculated using histogram: 10.5
(6, 100, 2)
10.5
Warning: Expected at least 3 columns in the data for shelving detection.
[100, 100, 100, 99, 100, 96]
-------------------------------------------------------------------------
Wait time: 9000.0 Processing files: Z:\Lab Data\Qudit_Ramsey_raw_data\Raw_data_copied\2026\2026_05\2026_05_15\qudit_ramsey_scan_bused_2025
Threshold recalculated using histogram: 8.5
(6, 100, 2)
8.5
Warning: Expected at least 3 columns in the data for shelving detection.
[99, 98, 98, 99, 97, 99]
-------------------------------------------------------------------------
Wait time: 9000.0 Processing files: Z:\Lab Data\Qudit_Ramsey_raw_data\Raw_data_copied\2026\2026_05\2026_05_18\qudit_ramsey_scan_bused_698
Threshold recalculated using histogram: 10.5
(6, 100, 2)
10.5
Warning: Expected at least 3 columns in the data for shelving detection.
[87, 84, 78, 84, 92, 93]
-------------------------------------------------------------------------
Wait time: 9000.0 Processing files: Z:\Lab Data\Qudit_Ramsey_raw_data\Raw_data_copied\2026\2026_05\2026_05_19\qudit_ramsey_scan_bused_661
Threshold recalculated using histogram: 8.5
(6, 100, 2)
8.5
Warning: Expected at least 3 columns in the data for shelving detection.
[100, 99, 99, 99, 98, 98]
-------------------------------------------------------------------------
Wait time: 9000.0 Processing files: Z:\Lab Data\Qudit_Ramsey_raw_data\Raw_data_copied\2026\2026_05\2026_05_19\qudit_ramsey_scan_bused_1374
Threshold recalculated using histogram: 9.5
(6, 100, 2)
9.5
Warning: Expected at least 3 columns in the data for shelving detection.
[99, 100, 98, 98, 100, 98]
-------------------------------------------------------------------------
Wait time: 9000.0 Processing files: Z:\Lab Data\Qudit_Ramsey_raw_data\Raw_data_copied\2026\2026_05\2026_05_20\qudit_ramsey_scan_bused_212
Threshold recalculated using histogram: 9.5
(6, 100, 2)
9.5
Warning: Expected at least 3 columns in the data for shelving detection.
[84, 93, 89, 92, 92, 88]
-------------------------------------------------------------------------
Wait time: 9000.0 Processing files: Z:\Lab Data\Qudit_Ramsey_raw_data\Raw_data_copied\2026\2026_05\2026_05_20\qudit_ramsey_scan_bused_654
Threshold recalculated using histogram: 11.5
(6, 100, 2)
11.5
Warning: Expected at least 3 columns in the data for shelving detection.
[100, 97, 100, 99, 100, 100]
-------------------------------------------------------------------------
Wait time: 10000.0 Processing files: Z:\Lab Data\Qudit_Ramsey_raw_data\Raw_data_copied\2026\2026_05\2026_05_15\qudit_ramsey_scan_bused_2039
Threshold recalculated using histogram: 10.5
(6, 100, 2)
10.5
Warning: Expected at least 3 columns in the data for shelving detection.
[100, 99, 99, 98, 99, 98]
-------------------------------------------------------------------------
Wait time: 10000.0 Processing files: Z:\Lab Data\Qudit_Ramsey_raw_data\Raw_data_copied\2026\2026_05\2026_05_18\qudit_ramsey_scan_bused_712
Threshold recalculated using histogram: 10.5
(6, 100, 2)
10.5
Warning: Expected at least 3 columns in the data for shelving detection.
[85, 90, 91, 86, 91, 93]
-------------------------------------------------------------------------
Wait time: 10000.0 Processing files: Z:\Lab Data\Qudit_Ramsey_raw_data\Raw_data_copied\2026\2026_05\2026_05_19\qudit_ramsey_scan_bused_675
Threshold recalculated using histogram: 9.5
(6, 100, 2)
9.5
Warning: Expected at least 3 columns in the data for shelving detection.
[100, 100, 100, 100, 100, 99]
-------------------------------------------------------------------------
Wait time: 10000.0 Processing files: Z:\Lab Data\Qudit_Ramsey_raw_data\Raw_data_copied\2026\2026_05\2026_05_19\qudit_ramsey_scan_bused_1388
Threshold recalculated using histogram: 8.5
(6, 100, 2)
8.5
Warning: Expected at least 3 columns in the data for shelving detection.
[100, 99, 99, 100, 96, 98]
-------------------------------------------------------------------------
Wait time: 10000.0 Processing files: Z:\Lab Data\Qudit_Ramsey_raw_data\Raw_data_copied\2026\2026_05\2026_05_20\qudit_ramsey_scan_bused_226
Threshold recalculated using histogram: 9.5
(6, 100, 2)
9.5
Warning: Expected at least 3 columns in the data for shelving detection.
[97, 97, 100, 97, 96, 95]
-------------------------------------------------------------------------
Wait time: 10000.0 Processing files: Z:\Lab Data\Qudit_Ramsey_raw_data\Raw_data_copied\2026\2026_05\2026_05_20\qudit_ramsey_scan_bused_668
Threshold recalculated using histogram: 11.5
(6, 100, 2)
11.5
Warning: Expected at least 3 columns in the data for shelving detection.
[100, 98, 100, 97, 98, 97]
-------------------------------------------------------------------------
Wait time: 11000.0 Processing files: Z:\Lab Data\Qudit_Ramsey_raw_data\Raw_data_copied\2026\2026_05\2026_05_15\qudit_ramsey_scan_bused_2056
Threshold recalculated using histogram: 10.5
(6, 100, 2)
10.5
Warning: Expected at least 3 columns in the data for shelving detection.
[96, 99, 99, 100, 99, 100]
-------------------------------------------------------------------------
Wait time: 11000.0 Processing files: Z:\Lab Data\Qudit_Ramsey_raw_data\Raw_data_copied\2026\2026_05\2026_05_18\qudit_ramsey_scan_bused_726
Threshold recalculated using histogram: 10.5
(6, 100, 2)
10.5
Warning: Expected at least 3 columns in the data for shelving detection.
[88, 86, 83, 91, 98, 100]
-------------------------------------------------------------------------
Wait time: 11000.0 Processing files: Z:\Lab Data\Qudit_Ramsey_raw_data\Raw_data_copied\2026\2026_05\2026_05_19\qudit_ramsey_scan_bused_689
Threshold recalculated using histogram: 10.5
(6, 100, 2)
10.5
Warning: Expected at least 3 columns in the data for shelving detection.
[99, 100, 98, 99, 98, 97]
-------------------------------------------------------------------------
Wait time: 11000.0 Processing files: Z:\Lab Data\Qudit_Ramsey_raw_data\Raw_data_copied\2026\2026_05\2026_05_19\qudit_ramsey_scan_bused_1402
Threshold recalculated using histogram: 9.5
(6, 100, 2)
9.5
Warning: Expected at least 3 columns in the data for shelving detection.
[99, 97, 100, 99, 99, 97]
-------------------------------------------------------------------------
Wait time: 11000.0 Processing files: Z:\Lab Data\Qudit_Ramsey_raw_data\Raw_data_copied\2026\2026_05\2026_05_20\qudit_ramsey_scan_bused_240
Threshold recalculated using histogram: 10.5
(6, 100, 2)
10.5
Warning: Expected at least 3 columns in the data for shelving detection.
[98, 99, 98, 100, 100, 99]
-------------------------------------------------------------------------
Wait time: 11000.0 Processing files: Z:\Lab Data\Qudit_Ramsey_raw_data\Raw_data_copied\2026\2026_05\2026_05_20\qudit_ramsey_scan_bused_682
Threshold recalculated using histogram: 10.5
(6, 100, 2)
10.5
Warning: Expected at least 3 columns in the data for shelving detection.
[100, 100, 100, 97, 99, 99]
-------------------------------------------------------------------------
Wait time: 12000.0 Processing files: Z:\Lab Data\Qudit_Ramsey_raw_data\Raw_data_copied\2026\2026_05\2026_05_15\qudit_ramsey_scan_bused_2070
Threshold recalculated using histogram: 10.5
(6, 100, 2)
10.5
Warning: Expected at least 3 columns in the data for shelving detection.
[99, 100, 100, 100, 99, 97]
-------------------------------------------------------------------------
Wait time: 12000.0 Processing files: Z:\Lab Data\Qudit_Ramsey_raw_data\Raw_data_copied\2026\2026_05\2026_05_18\qudit_ramsey_scan_bused_740
Threshold recalculated using histogram: 11.5
(6, 100, 2)
11.5
Warning: Expected at least 3 columns in the data for shelving detection.
[96, 96, 96, 90, 96, 98]
-------------------------------------------------------------------------
Wait time: 12000.0 Processing files: Z:\Lab Data\Qudit_Ramsey_raw_data\Raw_data_copied\2026\2026_05\2026_05_19\qudit_ramsey_scan_bused_703
Threshold recalculated using histogram: 8.5
(6, 100, 2)
8.5
Warning: Expected at least 3 columns in the data for shelving detection.
[99, 100, 99, 99, 100, 99]
-------------------------------------------------------------------------
Wait time: 12000.0 Processing files: Z:\Lab Data\Qudit_Ramsey_raw_data\Raw_data_copied\2026\2026_05\2026_05_19\qudit_ramsey_scan_bused_1416
Threshold recalculated using histogram: 8.5
(6, 100, 2)
8.5
Warning: Expected at least 3 columns in the data for shelving detection.
[99, 99, 98, 98, 99, 95]
-------------------------------------------------------------------------
Wait time: 12000.0 Processing files: Z:\Lab Data\Qudit_Ramsey_raw_data\Raw_data_copied\2026\2026_05\2026_05_20\qudit_ramsey_scan_bused_254
Threshold recalculated using histogram: 12.5
(6, 100, 2)
12.5
Warning: Expected at least 3 columns in the data for shelving detection.
[99, 99, 98, 99, 96, 97]
-------------------------------------------------------------------------
Wait time: 12000.0 Processing files: Z:\Lab Data\Qudit_Ramsey_raw_data\Raw_data_copied\2026\2026_05\2026_05_20\qudit_ramsey_scan_bused_696
Threshold recalculated using histogram: 10.5
(6, 100, 2)
10.5
Warning: Expected at least 3 columns in the data for shelving detection.
[100, 100, 100, 100, 100, 100]
-------------------------------------------------------------------------
Wait time: 13000.0 Processing files: Z:\Lab Data\Qudit_Ramsey_raw_data\Raw_data_copied\2026\2026_05\2026_05_15\qudit_ramsey_scan_bused_2084
Threshold recalculated using histogram: 10.5
(6, 100, 2)
10.5
Warning: Expected at least 3 columns in the data for shelving detection.
[99, 100, 91, 98, 95, 96]
-------------------------------------------------------------------------
Wait time: 13000.0 Processing files: Z:\Lab Data\Qudit_Ramsey_raw_data\Raw_data_copied\2026\2026_05\2026_05_18\qudit_ramsey_scan_bused_754
Threshold recalculated using histogram: 9.5
(6, 100, 2)
9.5
Warning: Expected at least 3 columns in the data for shelving detection.
[100, 98, 98, 91, 97, 99]
-------------------------------------------------------------------------
Wait time: 13000.0 Processing files: Z:\Lab Data\Qudit_Ramsey_raw_data\Raw_data_copied\2026\2026_05\2026_05_19\qudit_ramsey_scan_bused_717
Threshold recalculated using histogram: 10.5
(6, 100, 2)
10.5
Warning: Expected at least 3 columns in the data for shelving detection.
[98, 100, 100, 100, 98, 97]
-------------------------------------------------------------------------
Wait time: 13000.0 Processing files: Z:\Lab Data\Qudit_Ramsey_raw_data\Raw_data_copied\2026\2026_05\2026_05_19\qudit_ramsey_scan_bused_1433
Threshold recalculated using histogram: 8.5
(6, 100, 2)
8.5
Warning: Expected at least 3 columns in the data for shelving detection.
[99, 98, 99, 100, 97, 100]
-------------------------------------------------------------------------
Wait time: 13000.0 Processing files: Z:\Lab Data\Qudit_Ramsey_raw_data\Raw_data_copied\2026\2026_05\2026_05_20\qudit_ramsey_scan_bused_268
Threshold recalculated using histogram: 10.5
(6, 100, 2)
10.5
Warning: Expected at least 3 columns in the data for shelving detection.
[98, 93, 89, 97, 98, 97]
-------------------------------------------------------------------------
Wait time: 13000.0 Processing files: Z:\Lab Data\Qudit_Ramsey_raw_data\Raw_data_copied\2026\2026_05\2026_05_20\qudit_ramsey_scan_bused_710
Threshold recalculated using histogram: 10.5
(6, 100, 2)
10.5
Warning: Expected at least 3 columns in the data for shelving detection.
[98, 100, 100, 100, 100, 99]
-------------------------------------------------------------------------
Wait time: 14000.0 Processing files: Z:\Lab Data\Qudit_Ramsey_raw_data\Raw_data_copied\2026\2026_05\2026_05_15\qudit_ramsey_scan_bused_2098
Threshold recalculated using histogram: 10.5
(6, 100, 2)
10.5
Warning: Expected at least 3 columns in the data for shelving detection.
[79, 79, 95, 86, 82, 90]
-------------------------------------------------------------------------
Wait time: 14000.0 Processing files: Z:\Lab Data\Qudit_Ramsey_raw_data\Raw_data_copied\2026\2026_05\2026_05_18\qudit_ramsey_scan_bused_768
Threshold recalculated using histogram: 10.5
(6, 100, 2)
10.5
Warning: Expected at least 3 columns in the data for shelving detection.
[93, 93, 95, 95, 98, 99]
-------------------------------------------------------------------------
Wait time: 14000.0 Processing files: Z:\Lab Data\Qudit_Ramsey_raw_data\Raw_data_copied\2026\2026_05\2026_05_19\qudit_ramsey_scan_bused_731
Threshold recalculated using histogram: 10.5
(6, 100, 2)
10.5
Warning: Expected at least 3 columns in the data for shelving detection.
[100, 99, 99, 99, 97, 100]
-------------------------------------------------------------------------
Wait time: 14000.0 Processing files: Z:\Lab Data\Qudit_Ramsey_raw_data\Raw_data_copied\2026\2026_05\2026_05_19\qudit_ramsey_scan_bused_1450
Threshold recalculated using histogram: 9.5
(6, 100, 2)
9.5
Warning: Expected at least 3 columns in the data for shelving detection.
[100, 99, 100, 97, 98, 99]
-------------------------------------------------------------------------
Wait time: 14000.0 Processing files: Z:\Lab Data\Qudit_Ramsey_raw_data\Raw_data_copied\2026\2026_05\2026_05_20\qudit_ramsey_scan_bused_282
Threshold recalculated using histogram: 9.5
(6, 100, 2)
9.5
Warning: Expected at least 3 columns in the data for shelving detection.
[99, 95, 95, 97, 100, 95]
-------------------------------------------------------------------------
Wait time: 14000.0 Processing files: Z:\Lab Data\Qudit_Ramsey_raw_data\Raw_data_copied\2026\2026_05\2026_05_20\qudit_ramsey_scan_bused_724
Threshold recalculated using histogram: 11.5
(6, 100, 2)
11.5
Warning: Expected at least 3 columns in the data for shelving detection.
[99, 97, 98, 100, 99, 98]
-------------------------------------------------------------------------
Wait time: 15000.0 Processing files: Z:\Lab Data\Qudit_Ramsey_raw_data\Raw_data_copied\2026\2026_05\2026_05_15\qudit_ramsey_scan_bused_2112
Threshold recalculated using histogram: 11.5
(6, 100, 2)
11.5
Warning: Expected at least 3 columns in the data for shelving detection.
[97, 98, 92, 95, 96, 95]
-------------------------------------------------------------------------
Wait time: 15000.0 Processing files: Z:\Lab Data\Qudit_Ramsey_raw_data\Raw_data_copied\2026\2026_05\2026_05_18\qudit_ramsey_scan_bused_782
Threshold recalculated using histogram: 11.5
(6, 100, 2)
11.5
Warning: Expected at least 3 columns in the data for shelving detection.
[93, 85, 87, 88, 92, 93]
-------------------------------------------------------------------------
Wait time: 15000.0 Processing files: Z:\Lab Data\Qudit_Ramsey_raw_data\Raw_data_copied\2026\2026_05\2026_05_19\qudit_ramsey_scan_bused_745
Threshold recalculated using histogram: 9.5
(6, 100, 2)
9.5
Warning: Expected at least 3 columns in the data for shelving detection.
[99, 99, 100, 99, 100, 98]
-------------------------------------------------------------------------
Wait time: 15000.0 Processing files: Z:\Lab Data\Qudit_Ramsey_raw_data\Raw_data_copied\2026\2026_05\2026_05_19\qudit_ramsey_scan_bused_1464
Threshold recalculated using histogram: 9.5
(6, 100, 2)
9.5
Warning: Expected at least 3 columns in the data for shelving detection.
[100, 97, 98, 99, 98, 99]
-------------------------------------------------------------------------
Wait time: 15000.0 Processing files: Z:\Lab Data\Qudit_Ramsey_raw_data\Raw_data_copied\2026\2026_05\2026_05_20\qudit_ramsey_scan_bused_296
Threshold recalculated using histogram: 10.5
(6, 100, 2)
10.5
Warning: Expected at least 3 columns in the data for shelving detection.
[93, 96, 100, 100, 98, 98]
-------------------------------------------------------------------------
Wait time: 15000.0 Processing files: Z:\Lab Data\Qudit_Ramsey_raw_data\Raw_data_copied\2026\2026_05\2026_05_20\qudit_ramsey_scan_bused_740
Threshold recalculated using histogram: 10.5
(6, 100, 2)
10.5
Warning: Expected at least 3 columns in the data for shelving detection.
[99, 99, 100, 99, 99, 100]
-------------------------------------------------------------------------
Wait time: 16000.0 Processing files: Z:\Lab Data\Qudit_Ramsey_raw_data\Raw_data_copied\2026\2026_05\2026_05_15\qudit_ramsey_scan_bused_2132
Threshold recalculated using histogram: 10.5
(6, 100, 2)
10.5
Warning: Expected at least 3 columns in the data for shelving detection.
[100, 100, 100, 96, 99, 96]
-------------------------------------------------------------------------
Wait time: 16000.0 Processing files: Z:\Lab Data\Qudit_Ramsey_raw_data\Raw_data_copied\2026\2026_05\2026_05_18\qudit_ramsey_scan_bused_796
Threshold recalculated using histogram: 10.5
(6, 100, 2)
10.5
Warning: Expected at least 3 columns in the data for shelving detection.
[89, 87, 86, 84, 77, 91]
-------------------------------------------------------------------------
Wait time: 16000.0 Processing files: Z:\Lab Data\Qudit_Ramsey_raw_data\Raw_data_copied\2026\2026_05\2026_05_19\qudit_ramsey_scan_bused_759
Threshold recalculated using histogram: 11.5
(6, 100, 2)
11.5
Warning: Expected at least 3 columns in the data for shelving detection.
[100, 100, 98, 99, 99, 96]
-------------------------------------------------------------------------
Wait time: 16000.0 Processing files: Z:\Lab Data\Qudit_Ramsey_raw_data\Raw_data_copied\2026\2026_05\2026_05_19\qudit_ramsey_scan_bused_1478
Threshold recalculated using histogram: 8.5
(6, 100, 2)
8.5
Warning: Expected at least 3 columns in the data for shelving detection.
[96, 96, 98, 98, 100, 99]
-------------------------------------------------------------------------
Wait time: 16000.0 Processing files: Z:\Lab Data\Qudit_Ramsey_raw_data\Raw_data_copied\2026\2026_05\2026_05_20\qudit_ramsey_scan_bused_310
Threshold recalculated using histogram: 11.5
(6, 100, 2)
11.5
Warning: Expected at least 3 columns in the data for shelving detection.
[98, 97, 97, 99, 98, 98]
-------------------------------------------------------------------------
Wait time: 16000.0 Processing files: Z:\Lab Data\Qudit_Ramsey_raw_data\Raw_data_copied\2026\2026_05\2026_05_20\qudit_ramsey_scan_bused_754
Threshold recalculated using histogram: 13.5
(6, 100, 2)
13.5
Warning: Expected at least 3 columns in the data for shelving detection.
[98, 100, 98, 99, 96, 99]
-------------------------------------------------------------------------
Wait time: 17000.0 Processing files: Z:\Lab Data\Qudit_Ramsey_raw_data\Raw_data_copied\2026\2026_05\2026_05_15\qudit_ramsey_scan_bused_2149
Threshold recalculated using histogram: 9.5
(6, 100, 2)
9.5
Warning: Expected at least 3 columns in the data for shelving detection.
[97, 100, 97, 99, 97, 97]
-------------------------------------------------------------------------
Wait time: 17000.0 Processing files: Z:\Lab Data\Qudit_Ramsey_raw_data\Raw_data_copied\2026\2026_05\2026_05_18\qudit_ramsey_scan_bused_810
Threshold recalculated using histogram: 10.5
(6, 100, 2)
10.5
Warning: Expected at least 3 columns in the data for shelving detection.
[93, 95, 95, 90, 97, 94]
-------------------------------------------------------------------------
Wait time: 17000.0 Processing files: Z:\Lab Data\Qudit_Ramsey_raw_data\Raw_data_copied\2026\2026_05\2026_05_19\qudit_ramsey_scan_bused_773
Threshold recalculated using histogram: 8.5
(6, 100, 2)
8.5
Warning: Expected at least 3 columns in the data for shelving detection.
[100, 100, 100, 99, 100, 98]
-------------------------------------------------------------------------
Wait time: 17000.0 Processing files: Z:\Lab Data\Qudit_Ramsey_raw_data\Raw_data_copied\2026\2026_05\2026_05_19\qudit_ramsey_scan_bused_1492
Threshold recalculated using histogram: 10.5
(6, 100, 2)
10.5
Warning: Expected at least 3 columns in the data for shelving detection.
[96, 99, 97, 98, 97, 97]
-------------------------------------------------------------------------
Wait time: 17000.0 Processing files: Z:\Lab Data\Qudit_Ramsey_raw_data\Raw_data_copied\2026\2026_05\2026_05_20\qudit_ramsey_scan_bused_324
Threshold recalculated using histogram: 11.5
(6, 100, 2)
11.5
Warning: Expected at least 3 columns in the data for shelving detection.
[96, 94, 96, 98, 98, 100]
-------------------------------------------------------------------------
Wait time: 17000.0 Processing files: Z:\Lab Data\Qudit_Ramsey_raw_data\Raw_data_copied\2026\2026_05\2026_05_20\qudit_ramsey_scan_bused_768
Threshold recalculated using histogram: 11.5
(6, 100, 2)
11.5
Warning: Expected at least 3 columns in the data for shelving detection.
[100, 99, 100, 98, 99, 100]
-------------------------------------------------------------------------
Wait time: 18000.0 Processing files: Z:\Lab Data\Qudit_Ramsey_raw_data\Raw_data_copied\2026\2026_05\2026_05_15\qudit_ramsey_scan_bused_2163
Threshold recalculated using histogram: 9.5
(6, 100, 2)
9.5
Warning: Expected at least 3 columns in the data for shelving detection.
[95, 97, 94, 89, 92, 92]
-------------------------------------------------------------------------
Wait time: 18000.0 Processing files: Z:\Lab Data\Qudit_Ramsey_raw_data\Raw_data_copied\2026\2026_05\2026_05_18\qudit_ramsey_scan_bused_824
Threshold recalculated using histogram: 10.5
(6, 100, 2)
10.5
Warning: Expected at least 3 columns in the data for shelving detection.
[97, 94, 96, 96, 99, 100]
-------------------------------------------------------------------------
Wait time: 18000.0 Processing files: Z:\Lab Data\Qudit_Ramsey_raw_data\Raw_data_copied\2026\2026_05\2026_05_19\qudit_ramsey_scan_bused_795
Threshold recalculated using histogram: 9.5
(6, 100, 2)
9.5
Warning: Expected at least 3 columns in the data for shelving detection.
[99, 99, 99, 100, 97, 100]
-------------------------------------------------------------------------
Wait time: 18000.0 Processing files: Z:\Lab Data\Qudit_Ramsey_raw_data\Raw_data_copied\2026\2026_05\2026_05_19\qudit_ramsey_scan_bused_1506
Threshold recalculated using histogram: 9.5
(6, 100, 2)
9.5
Warning: Expected at least 3 columns in the data for shelving detection.
[100, 99, 99, 100, 97, 100]
-------------------------------------------------------------------------
Wait time: 18000.0 Processing files: Z:\Lab Data\Qudit_Ramsey_raw_data\Raw_data_copied\2026\2026_05\2026_05_20\qudit_ramsey_scan_bused_338
Threshold recalculated using histogram: 9.5
(6, 100, 2)
9.5
Warning: Expected at least 3 columns in the data for shelving detection.
[98, 99, 100, 97, 99, 99]
-------------------------------------------------------------------------
Wait time: 18000.0 Processing files: Z:\Lab Data\Qudit_Ramsey_raw_data\Raw_data_copied\2026\2026_05\2026_05_20\qudit_ramsey_scan_bused_785
Threshold recalculated using histogram: 11.5
(6, 100, 2)
11.5
Warning: Expected at least 3 columns in the data for shelving detection.
[97, 98, 99, 97, 97, 97]
-------------------------------------------------------------------------
Wait time: 19000.0 Processing files: Z:\Lab Data\Qudit_Ramsey_raw_data\Raw_data_copied\2026\2026_05\2026_05_15\qudit_ramsey_scan_bused_2183
Threshold recalculated using histogram: 10.5
(6, 100, 2)
10.5
Warning: Expected at least 3 columns in the data for shelving detection.
[89, 92, 97, 91, 96, 91]
-------------------------------------------------------------------------
Wait time: 19000.0 Processing files: Z:\Lab Data\Qudit_Ramsey_raw_data\Raw_data_copied\2026\2026_05\2026_05_18\qudit_ramsey_scan_bused_838
Threshold recalculated using histogram: 11.5
(6, 100, 2)
11.5
Warning: Expected at least 3 columns in the data for shelving detection.
[98, 98, 95, 95, 97, 95]
-------------------------------------------------------------------------
Wait time: 19000.0 Processing files: Z:\Lab Data\Qudit_Ramsey_raw_data\Raw_data_copied\2026\2026_05\2026_05_19\qudit_ramsey_scan_bused_809
Threshold recalculated using histogram: 9.5
(6, 100, 2)
9.5
Warning: Expected at least 3 columns in the data for shelving detection.
[100, 99, 100, 94, 100, 100]
-------------------------------------------------------------------------
Wait time: 19000.0 Processing files: Z:\Lab Data\Qudit_Ramsey_raw_data\Raw_data_copied\2026\2026_05\2026_05_19\qudit_ramsey_scan_bused_1520
Threshold recalculated using histogram: 10.5
(6, 100, 2)
10.5
Warning: Expected at least 3 columns in the data for shelving detection.
[100, 99, 98, 97, 99, 100]
-------------------------------------------------------------------------
Wait time: 19000.0 Processing files: Z:\Lab Data\Qudit_Ramsey_raw_data\Raw_data_copied\2026\2026_05\2026_05_20\qudit_ramsey_scan_bused_357
Threshold recalculated using histogram: 10.5
(6, 100, 2)
10.5
Warning: Expected at least 3 columns in the data for shelving detection.
[100, 100, 99, 99, 99, 100]
-------------------------------------------------------------------------
Wait time: 19000.0 Processing files: Z:\Lab Data\Qudit_Ramsey_raw_data\Raw_data_copied\2026\2026_05\2026_05_20\qudit_ramsey_scan_bused_799
Threshold recalculated using histogram: 10.5
(6, 100, 2)
10.5
Warning: Expected at least 3 columns in the data for shelving detection.
[100, 98, 100, 98, 99, 98]
-------------------------------------------------------------------------
Wait time: 20000.0 Processing files: Z:\Lab Data\Qudit_Ramsey_raw_data\Raw_data_copied\2026\2026_05\2026_05_15\qudit_ramsey_scan_bused_2197
Threshold recalculated using histogram: 10.5
(6, 100, 2)
10.5
Warning: Expected at least 3 columns in the data for shelving detection.
[91, 94, 96, 96, 95, 92]
-------------------------------------------------------------------------
Wait time: 20000.0 Processing files: Z:\Lab Data\Qudit_Ramsey_raw_data\Raw_data_copied\2026\2026_05\2026_05_18\qudit_ramsey_scan_bused_852
Threshold recalculated using histogram: 11.5
(6, 100, 2)
11.5
Warning: Expected at least 3 columns in the data for shelving detection.
[87, 93, 93, 95, 94, 96]
-------------------------------------------------------------------------
Wait time: 20000.0 Processing files: Z:\Lab Data\Qudit_Ramsey_raw_data\Raw_data_copied\2026\2026_05\2026_05_19\qudit_ramsey_scan_bused_823
Threshold recalculated using histogram: 7.5
(6, 100, 2)
7.5
Warning: Expected at least 3 columns in the data for shelving detection.
[100, 97, 99, 98, 100, 99]
-------------------------------------------------------------------------
Wait time: 20000.0 Processing files: Z:\Lab Data\Qudit_Ramsey_raw_data\Raw_data_copied\2026\2026_05\2026_05_19\qudit_ramsey_scan_bused_1534
Threshold recalculated using histogram: 10.5
(6, 100, 2)
10.5
Warning: Expected at least 3 columns in the data for shelving detection.
[99, 99, 98, 98, 99, 99]
-------------------------------------------------------------------------
Wait time: 20000.0 Processing files: Z:\Lab Data\Qudit_Ramsey_raw_data\Raw_data_copied\2026\2026_05\2026_05_20\qudit_ramsey_scan_bused_371
Threshold recalculated using histogram: 10.5
(6, 100, 2)
10.5
Warning: Expected at least 3 columns in the data for shelving detection.
[97, 96, 98, 93, 93, 97]
-------------------------------------------------------------------------
Wait time: 20000.0 Processing files: Z:\Lab Data\Qudit_Ramsey_raw_data\Raw_data_copied\2026\2026_05\2026_05_20\qudit_ramsey_scan_bused_813
Threshold recalculated using histogram: 12.5
(6, 100, 2)
12.5
Warning: Expected at least 3 columns in the data for shelving detection.
[98, 98, 97, 98, 95, 97]
-------------------------------------------------------------------------
Wait time: 21000.0 Processing files: Z:\Lab Data\Qudit_Ramsey_raw_data\Raw_data_copied\2026\2026_05\2026_05_15\qudit_ramsey_scan_bused_2214
Threshold recalculated using histogram: 9.5
(6, 100, 2)
9.5
Warning: Expected at least 3 columns in the data for shelving detection.
[99, 97, 97, 98, 95, 95]
-------------------------------------------------------------------------
Wait time: 21000.0 Processing files: Z:\Lab Data\Qudit_Ramsey_raw_data\Raw_data_copied\2026\2026_05\2026_05_18\qudit_ramsey_scan_bused_866
Threshold recalculated using histogram: 10.5
(6, 100, 2)
10.5
Warning: Expected at least 3 columns in the data for shelving detection.
[92, 90, 87, 94, 97, 98]
-------------------------------------------------------------------------
Wait time: 21000.0 Processing files: Z:\Lab Data\Qudit_Ramsey_raw_data\Raw_data_copied\2026\2026_05\2026_05_19\qudit_ramsey_scan_bused_837
Threshold recalculated using histogram: 8.5
(6, 100, 2)
8.5
Warning: Expected at least 3 columns in the data for shelving detection.
[99, 98, 99, 100, 100, 99]
-------------------------------------------------------------------------
Wait time: 21000.0 Processing files: Z:\Lab Data\Qudit_Ramsey_raw_data\Raw_data_copied\2026\2026_05\2026_05_19\qudit_ramsey_scan_bused_1548
Threshold recalculated using histogram: 9.5
(6, 100, 2)
9.5
Warning: Expected at least 3 columns in the data for shelving detection.
[100, 99, 99, 100, 98, 98]
-------------------------------------------------------------------------
Wait time: 21000.0 Processing files: Z:\Lab Data\Qudit_Ramsey_raw_data\Raw_data_copied\2026\2026_05\2026_05_20\qudit_ramsey_scan_bused_385
Threshold recalculated using histogram: 10.5
(6, 100, 2)
10.5
Warning: Expected at least 3 columns in the data for shelving detection.
[96, 98, 98, 99, 98, 97]
-------------------------------------------------------------------------
Wait time: 21000.0 Processing files: Z:\Lab Data\Qudit_Ramsey_raw_data\Raw_data_copied\2026\2026_05\2026_05_20\qudit_ramsey_scan_bused_827
Threshold recalculated using histogram: 10.5
(6, 100, 2)
10.5
Warning: Expected at least 3 columns in the data for shelving detection.
[100, 100, 94, 98, 99, 96]
-------------------------------------------------------------------------
Wait time: 22000.0 Processing files: Z:\Lab Data\Qudit_Ramsey_raw_data\Raw_data_copied\2026\2026_05\2026_05_15\qudit_ramsey_scan_bused_2228
Threshold recalculated using histogram: 11.5
(6, 100, 2)
11.5
Warning: Expected at least 3 columns in the data for shelving detection.
[100, 97, 97, 97, 97, 95]
-------------------------------------------------------------------------
Wait time: 22000.0 Processing files: Z:\Lab Data\Qudit_Ramsey_raw_data\Raw_data_copied\2026\2026_05\2026_05_18\qudit_ramsey_scan_bused_880
Threshold recalculated using histogram: 10.5
(6, 100, 2)
10.5
Warning: Expected at least 3 columns in the data for shelving detection.
[93, 95, 95, 94, 96, 98]
-------------------------------------------------------------------------
Wait time: 22000.0 Processing files: Z:\Lab Data\Qudit_Ramsey_raw_data\Raw_data_copied\2026\2026_05\2026_05_19\qudit_ramsey_scan_bused_851
Threshold recalculated using histogram: 9.5
(6, 100, 2)
9.5
Warning: Expected at least 3 columns in the data for shelving detection.
[99, 99, 100, 98, 99, 100]
-------------------------------------------------------------------------
Wait time: 22000.0 Processing files: Z:\Lab Data\Qudit_Ramsey_raw_data\Raw_data_copied\2026\2026_05\2026_05_19\qudit_ramsey_scan_bused_1562
Threshold recalculated using histogram: 9.5
(6, 100, 2)
9.5
Warning: Expected at least 3 columns in the data for shelving detection.
[100, 99, 97, 97, 98, 99]
-------------------------------------------------------------------------
Wait time: 22000.0 Processing files: Z:\Lab Data\Qudit_Ramsey_raw_data\Raw_data_copied\2026\2026_05\2026_05_20\qudit_ramsey_scan_bused_399
Threshold recalculated using histogram: 12.5
(6, 100, 2)
12.5
Warning: Expected at least 3 columns in the data for shelving detection.
[98, 99, 99, 99, 99, 100]
-------------------------------------------------------------------------
Wait time: 22000.0 Processing files: Z:\Lab Data\Qudit_Ramsey_raw_data\Raw_data_copied\2026\2026_05\2026_05_20\qudit_ramsey_scan_bused_841
Threshold recalculated using histogram: 11.5
(6, 100, 2)
11.5
Warning: Expected at least 3 columns in the data for shelving detection.
[99, 99, 99, 99, 99, 100]
-------------------------------------------------------------------------
Wait time: 23000.0 Processing files: Z:\Lab Data\Qudit_Ramsey_raw_data\Raw_data_copied\2026\2026_05\2026_05_15\qudit_ramsey_scan_bused_2245
Threshold recalculated using histogram: 9.5
(6, 100, 2)
9.5
Warning: Expected at least 3 columns in the data for shelving detection.
[96, 95, 91, 94, 97, 95]
-------------------------------------------------------------------------
Wait time: 23000.0 Processing files: Z:\Lab Data\Qudit_Ramsey_raw_data\Raw_data_copied\2026\2026_05\2026_05_18\qudit_ramsey_scan_bused_894
Threshold recalculated using histogram: 11.5
(6, 100, 2)
11.5
Warning: Expected at least 3 columns in the data for shelving detection.
[97, 97, 95, 99, 99, 97]
-------------------------------------------------------------------------
Wait time: 23000.0 Processing files: Z:\Lab Data\Qudit_Ramsey_raw_data\Raw_data_copied\2026\2026_05\2026_05_19\qudit_ramsey_scan_bused_865
Threshold recalculated using histogram: 10.5
(6, 100, 2)
10.5
Warning: Expected at least 3 columns in the data for shelving detection.
[100, 99, 100, 99, 98, 96]
-------------------------------------------------------------------------
Wait time: 23000.0 Processing files: Z:\Lab Data\Qudit_Ramsey_raw_data\Raw_data_copied\2026\2026_05\2026_05_19\qudit_ramsey_scan_bused_1576
Threshold recalculated using histogram: 9.5
(6, 100, 2)
9.5
Warning: Expected at least 3 columns in the data for shelving detection.
[99, 98, 98, 96, 99, 98]
-------------------------------------------------------------------------
Wait time: 23000.0 Processing files: Z:\Lab Data\Qudit_Ramsey_raw_data\Raw_data_copied\2026\2026_05\2026_05_20\qudit_ramsey_scan_bused_413
Threshold recalculated using histogram: 10.5
(6, 100, 2)
10.5
Warning: Expected at least 3 columns in the data for shelving detection.
[98, 99, 99, 100, 99, 99]
-------------------------------------------------------------------------
Wait time: 23000.0 Processing files: Z:\Lab Data\Qudit_Ramsey_raw_data\Raw_data_copied\2026\2026_05\2026_05_20\qudit_ramsey_scan_bused_855
Threshold recalculated using histogram: 11.5
(6, 100, 2)
11.5
Warning: Expected at least 3 columns in the data for shelving detection.
[99, 97, 99, 98, 96, 100]
-------------------------------------------------------------------------
Wait time: 24000.0 Processing files: Z:\Lab Data\Qudit_Ramsey_raw_data\Raw_data_copied\2026\2026_05\2026_05_15\qudit_ramsey_scan_bused_2262
Threshold recalculated using histogram: 10.5
(6, 100, 2)
10.5
Warning: Expected at least 3 columns in the data for shelving detection.
[97, 97, 92, 93, 94, 93]
-------------------------------------------------------------------------
Wait time: 24000.0 Processing files: Z:\Lab Data\Qudit_Ramsey_raw_data\Raw_data_copied\2026\2026_05\2026_05_18\qudit_ramsey_scan_bused_908
Threshold recalculated using histogram: 11.5
(6, 100, 2)
11.5
Warning: Expected at least 3 columns in the data for shelving detection.
[95, 98, 96, 99, 98, 96]
-------------------------------------------------------------------------
Wait time: 24000.0 Processing files: Z:\Lab Data\Qudit_Ramsey_raw_data\Raw_data_copied\2026\2026_05\2026_05_19\qudit_ramsey_scan_bused_879
Threshold recalculated using histogram: 10.5
(6, 100, 2)
10.5
Warning: Expected at least 3 columns in the data for shelving detection.
[99, 100, 97, 100, 96, 100]
-------------------------------------------------------------------------
Wait time: 24000.0 Processing files: Z:\Lab Data\Qudit_Ramsey_raw_data\Raw_data_copied\2026\2026_05\2026_05_19\qudit_ramsey_scan_bused_1590
Threshold recalculated using histogram: 10.5
(6, 100, 2)
10.5
Warning: Expected at least 3 columns in the data for shelving detection.
[98, 97, 99, 100, 100, 100]
-------------------------------------------------------------------------
Wait time: 24000.0 Processing files: Z:\Lab Data\Qudit_Ramsey_raw_data\Raw_data_copied\2026\2026_05\2026_05_20\qudit_ramsey_scan_bused_427
Threshold recalculated using histogram: 9.5
(6, 100, 2)
9.5
Warning: Expected at least 3 columns in the data for shelving detection.
[99, 100, 99, 100, 98, 91]
-------------------------------------------------------------------------
Wait time: 24000.0 Processing files: Z:\Lab Data\Qudit_Ramsey_raw_data\Raw_data_copied\2026\2026_05\2026_05_20\qudit_ramsey_scan_bused_869
Threshold recalculated using histogram: 11.5
(6, 100, 2)
11.5
Warning: Expected at least 3 columns in the data for shelving detection.
[97, 98, 99, 98, 98, 98]
-------------------------------------------------------------------------
Wait time: 25000.0 Processing files: Z:\Lab Data\Qudit_Ramsey_raw_data\Raw_data_copied\2026\2026_05\2026_05_15\qudit_ramsey_scan_bused_2281
Threshold recalculated using histogram: 9.5
(6, 100, 2)
9.5
Warning: Expected at least 3 columns in the data for shelving detection.
[95, 98, 99, 95, 98, 95]
-------------------------------------------------------------------------
Wait time: 25000.0 Processing files: Z:\Lab Data\Qudit_Ramsey_raw_data\Raw_data_copied\2026\2026_05\2026_05_18\qudit_ramsey_scan_bused_922
Threshold recalculated using histogram: 11.5
(6, 100, 2)
11.5
Warning: Expected at least 3 columns in the data for shelving detection.
[97, 97, 97, 92, 96, 95]
-------------------------------------------------------------------------
Wait time: 25000.0 Processing files: Z:\Lab Data\Qudit_Ramsey_raw_data\Raw_data_copied\2026\2026_05\2026_05_19\qudit_ramsey_scan_bused_893
Threshold recalculated using histogram: 8.5
(6, 100, 2)
8.5
Warning: Expected at least 3 columns in the data for shelving detection.
[100, 100, 99, 99, 100, 97]
-------------------------------------------------------------------------
Wait time: 25000.0 Processing files: Z:\Lab Data\Qudit_Ramsey_raw_data\Raw_data_copied\2026\2026_05\2026_05_20\qudit_ramsey_scan_bused_441
Threshold recalculated using histogram: 9.5
(6, 100, 2)
9.5
Warning: Expected at least 3 columns in the data for shelving detection.
[99, 100, 100, 99, 97, 96]
-------------------------------------------------------------------------
Wait time: 25000.0 Processing files: Z:\Lab Data\Qudit_Ramsey_raw_data\Raw_data_copied\2026\2026_05\2026_05_20\qudit_ramsey_scan_bused_883
Threshold recalculated using histogram: 11.5
(6, 100, 2)
11.5
Warning: Expected at least 3 columns in the data for shelving detection.
[98, 99, 96, 99, 96, 96]
-------------------------------------------------------------------------
Wait time: 26000.0 Processing files: Z:\Lab Data\Qudit_Ramsey_raw_data\Raw_data_copied\2026\2026_05\2026_05_15\qudit_ramsey_scan_bused_2295
Threshold recalculated using histogram: 11.5
(6, 100, 2)
11.5
Warning: Expected at least 3 columns in the data for shelving detection.
[96, 94, 99, 98, 92, 98]
-------------------------------------------------------------------------
Wait time: 26000.0 Processing files: Z:\Lab Data\Qudit_Ramsey_raw_data\Raw_data_copied\2026\2026_05\2026_05_18\qudit_ramsey_scan_bused_936
Threshold recalculated using histogram: 14.5
(6, 100, 2)
14.5
Warning: Expected at least 3 columns in the data for shelving detection.
[87, 91, 96, 92, 95, 93]
-------------------------------------------------------------------------
Wait time: 26000.0 Processing files: Z:\Lab Data\Qudit_Ramsey_raw_data\Raw_data_copied\2026\2026_05\2026_05_19\qudit_ramsey_scan_bused_907
Threshold recalculated using histogram: 8.5
(6, 100, 2)
8.5
Warning: Expected at least 3 columns in the data for shelving detection.
[100, 100, 98, 99, 99, 99]
-------------------------------------------------------------------------
Wait time: 26000.0 Processing files: Z:\Lab Data\Qudit_Ramsey_raw_data\Raw_data_copied\2026\2026_05\2026_05_20\qudit_ramsey_scan_bused_455
Threshold recalculated using histogram: 14.5
(6, 100, 2)
14.5
Warning: Expected at least 3 columns in the data for shelving detection.
[100, 98, 98, 98, 99, 99]
-------------------------------------------------------------------------
Wait time: 26000.0 Processing files: Z:\Lab Data\Qudit_Ramsey_raw_data\Raw_data_copied\2026\2026_05\2026_05_20\qudit_ramsey_scan_bused_897
Threshold recalculated using histogram: 10.5
(6, 100, 2)
10.5
Warning: Expected at least 3 columns in the data for shelving detection.
[99, 100, 99, 98, 99, 98]
-------------------------------------------------------------------------
Wait time: 27000.0 Processing files: Z:\Lab Data\Qudit_Ramsey_raw_data\Raw_data_copied\2026\2026_05\2026_05_15\qudit_ramsey_scan_bused_2309
Threshold recalculated using histogram: 10.5
(6, 100, 2)
10.5
Warning: Expected at least 3 columns in the data for shelving detection.
[97, 94, 99, 99, 95, 95]
-------------------------------------------------------------------------
Wait time: 27000.0 Processing files: Z:\Lab Data\Qudit_Ramsey_raw_data\Raw_data_copied\2026\2026_05\2026_05_18\qudit_ramsey_scan_bused_950
Threshold recalculated using histogram: 12.5
(6, 100, 2)
12.5
Warning: Expected at least 3 columns in the data for shelving detection.
[96, 94, 96, 96, 94, 99]
-------------------------------------------------------------------------
Wait time: 27000.0 Processing files: Z:\Lab Data\Qudit_Ramsey_raw_data\Raw_data_copied\2026\2026_05\2026_05_19\qudit_ramsey_scan_bused_921
Threshold recalculated using histogram: 10.5
(6, 100, 2)
10.5
Warning: Expected at least 3 columns in the data for shelving detection.
[98, 100, 98, 100, 100, 97]
-------------------------------------------------------------------------
Wait time: 27000.0 Processing files: Z:\Lab Data\Qudit_Ramsey_raw_data\Raw_data_copied\2026\2026_05\2026_05_20\qudit_ramsey_scan_bused_469
Threshold recalculated using histogram: 11.5
(6, 100, 2)
11.5
Warning: Expected at least 3 columns in the data for shelving detection.
[98, 99, 100, 100, 100, 100]
-------------------------------------------------------------------------
Wait time: 27000.0 Processing files: Z:\Lab Data\Qudit_Ramsey_raw_data\Raw_data_copied\2026\2026_05\2026_05_20\qudit_ramsey_scan_bused_911
Threshold recalculated using histogram: 10.5
(6, 100, 2)
10.5
Warning: Expected at least 3 columns in the data for shelving detection.
[97, 97, 98, 98, 99, 99]
-------------------------------------------------------------------------
Wait time: 28000.0 Processing files: Z:\Lab Data\Qudit_Ramsey_raw_data\Raw_data_copied\2026\2026_05\2026_05_15\qudit_ramsey_scan_bused_2323
Threshold recalculated using histogram: 11.5
(6, 100, 2)
11.5
Warning: Expected at least 3 columns in the data for shelving detection.
[96, 97, 96, 99, 98, 95]
-------------------------------------------------------------------------
Wait time: 28000.0 Processing files: Z:\Lab Data\Qudit_Ramsey_raw_data\Raw_data_copied\2026\2026_05\2026_05_18\qudit_ramsey_scan_bused_964
Threshold recalculated using histogram: 10.5
(6, 100, 2)
10.5
Warning: Expected at least 3 columns in the data for shelving detection.
[97, 99, 98, 98, 97, 99]
-------------------------------------------------------------------------
Wait time: 28000.0 Processing files: Z:\Lab Data\Qudit_Ramsey_raw_data\Raw_data_copied\2026\2026_05\2026_05_19\qudit_ramsey_scan_bused_935
Threshold recalculated using histogram: 10.5
(6, 100, 2)
10.5
Warning: Expected at least 3 columns in the data for shelving detection.
[99, 100, 100, 100, 98, 100]
-------------------------------------------------------------------------
Wait time: 28000.0 Processing files: Z:\Lab Data\Qudit_Ramsey_raw_data\Raw_data_copied\2026\2026_05\2026_05_20\qudit_ramsey_scan_bused_925
Threshold recalculated using histogram: 11.5
(6, 100, 2)
11.5
Warning: Expected at least 3 columns in the data for shelving detection.
[99, 98, 99, 97, 97, 99]
-------------------------------------------------------------------------
Wait time: 29000.0 Processing files: Z:\Lab Data\Qudit_Ramsey_raw_data\Raw_data_copied\2026\2026_05\2026_05_15\qudit_ramsey_scan_bused_2340
Threshold recalculated using histogram: 9.5
(6, 100, 2)
9.5
Warning: Expected at least 3 columns in the data for shelving detection.
[95, 92, 94, 93, 97, 94]
-------------------------------------------------------------------------
Wait time: 29000.0 Processing files: Z:\Lab Data\Qudit_Ramsey_raw_data\Raw_data_copied\2026\2026_05\2026_05_18\qudit_ramsey_scan_bused_978
Threshold recalculated using histogram: 9.5
(6, 100, 2)
9.5
Warning: Expected at least 3 columns in the data for shelving detection.
[97, 97, 100, 96, 96, 97]
-------------------------------------------------------------------------
Wait time: 29000.0 Processing files: Z:\Lab Data\Qudit_Ramsey_raw_data\Raw_data_copied\2026\2026_05\2026_05_19\qudit_ramsey_scan_bused_949
Threshold recalculated using histogram: 9.5
(6, 100, 2)
9.5
Warning: Expected at least 3 columns in the data for shelving detection.
[100, 99, 99, 98, 98, 99]
-------------------------------------------------------------------------
Wait time: 30000.0 Processing files: Z:\Lab Data\Qudit_Ramsey_raw_data\Raw_data_copied\2026\2026_05\2026_05_15\qudit_ramsey_scan_bused_2354
Threshold recalculated using histogram: 10.5
(6, 100, 2)
10.5
Warning: Expected at least 3 columns in the data for shelving detection.
[99, 97, 96, 95, 96, 96]
-------------------------------------------------------------------------
Wait time: 30000.0 Processing files: Z:\Lab Data\Qudit_Ramsey_raw_data\Raw_data_copied\2026\2026_05\2026_05_18\qudit_ramsey_scan_bused_992
Threshold recalculated using histogram: 11.5
(6, 100, 2)
11.5
Warning: Expected at least 3 columns in the data for shelving detection.
[88, 98, 96, 94, 99, 95]
-------------------------------------------------------------------------
Wait time: 30000.0 Processing files: Z:\Lab Data\Qudit_Ramsey_raw_data\Raw_data_copied\2026\2026_05\2026_05_19\qudit_ramsey_scan_bused_963
Threshold recalculated using histogram: 12.5
(6, 100, 2)
12.5
Warning: Expected at least 3 columns in the data for shelving detection.
[99, 99, 100, 98, 99, 97]
-------------------------------------------------------------------------
Wait time: 31000.0 Processing files: Z:\Lab Data\Qudit_Ramsey_raw_data\Raw_data_copied\2026\2026_05\2026_05_15\qudit_ramsey_scan_bused_2371
Threshold recalculated using histogram: 11.5
(6, 100, 2)
11.5
Warning: Expected at least 3 columns in the data for shelving detection.
[94, 95, 95, 98, 100, 96]
-------------------------------------------------------------------------
Wait time: 31000.0 Processing files: Z:\Lab Data\Qudit_Ramsey_raw_data\Raw_data_copied\2026\2026_05\2026_05_18\qudit_ramsey_scan_bused_1006
Threshold recalculated using histogram: 10.5
(6, 100, 2)
10.5
Warning: Expected at least 3 columns in the data for shelving detection.
[91, 95, 97, 95, 98, 99]
-------------------------------------------------------------------------
Wait time: 31000.0 Processing files: Z:\Lab Data\Qudit_Ramsey_raw_data\Raw_data_copied\2026\2026_05\2026_05_19\qudit_ramsey_scan_bused_977
Threshold recalculated using histogram: 10.5
(6, 100, 2)
10.5
Warning: Expected at least 3 columns in the data for shelving detection.
[98, 97, 100, 98, 100, 98]
-------------------------------------------------------------------------
Wait time: 32000.0 Processing files: Z:\Lab Data\Qudit_Ramsey_raw_data\Raw_data_copied\2026\2026_05\2026_05_15\qudit_ramsey_scan_bused_2385
Threshold recalculated using histogram: 9.5
(6, 100, 2)
9.5
Warning: Expected at least 3 columns in the data for shelving detection.
[92, 96, 98, 95, 98, 99]
-------------------------------------------------------------------------
Wait time: 32000.0 Processing files: Z:\Lab Data\Qudit_Ramsey_raw_data\Raw_data_copied\2026\2026_05\2026_05_18\qudit_ramsey_scan_bused_1020
Threshold recalculated using histogram: 10.5
(6, 100, 2)
10.5
Warning: Expected at least 3 columns in the data for shelving detection.
[95, 97, 97, 96, 98, 99]
-------------------------------------------------------------------------
Wait time: 32000.0 Processing files: Z:\Lab Data\Qudit_Ramsey_raw_data\Raw_data_copied\2026\2026_05\2026_05_19\qudit_ramsey_scan_bused_991
Threshold recalculated using histogram: 10.5
(6, 100, 2)
10.5
Warning: Expected at least 3 columns in the data for shelving detection.
[100, 99, 98, 96, 98, 99]
Running zero-detuning analysis for transitions [[0, 3, -1], [0, 2, 0]], LT_comp=True, grouped wait times=33
-------------------------------------------------------------------------
Wait time: 0.0 Processing files: Z:\Lab Data\Qudit_Ramsey_raw_data\Raw_data_copied\2026\2026_05\2026_05_15\qudit_ramsey_scan_bused_1395
Threshold recalculated using histogram: 10.5
(6, 100, 2)
10.5
Warning: Expected at least 3 columns in the data for shelving detection.
[100, 100, 98, 100, 99, 99]
-------------------------------------------------------------------------
Wait time: 0.0 Processing files: Z:\Lab Data\Qudit_Ramsey_raw_data\Raw_data_copied\2026\2026_05\2026_05_15\qudit_ramsey_scan_bused_2399
Threshold recalculated using histogram: 9.5
(6, 100, 2)
9.5
Warning: Expected at least 3 columns in the data for shelving detection.
[98, 94, 96, 97, 100, 98]
-------------------------------------------------------------------------
Wait time: 0.0 Processing files: Z:\Lab Data\Qudit_Ramsey_raw_data\Raw_data_copied\2026\2026_05\2026_05_16\qudit_ramsey_scan_bused_052
Threshold recalculated using histogram: 9.5
(6, 100, 2)
9.5
Warning: Expected at least 3 columns in the data for shelving detection.
[99, 100, 98, 94, 96, 98]
-------------------------------------------------------------------------
Wait time: 0.0 Processing files: Z:\Lab Data\Qudit_Ramsey_raw_data\Raw_data_copied\2026\2026_05\2026_05_18\qudit_ramsey_scan_bused_064
Threshold recalculated using histogram: 12.5
(6, 100, 2)
12.5
Warning: Expected at least 3 columns in the data for shelving detection.
[98, 100, 100, 99, 97, 100]
-------------------------------------------------------------------------
Wait time: 0.0 Processing files: Z:\Lab Data\Qudit_Ramsey_raw_data\Raw_data_copied\2026\2026_05\2026_05_18\qudit_ramsey_scan_bused_1034
Threshold recalculated using histogram: 11.5
(6, 100, 2)
11.5
Warning: Expected at least 3 columns in the data for shelving detection.
[96, 94, 92, 92, 94, 88]
-------------------------------------------------------------------------
Wait time: 0.0 Processing files: Z:\Lab Data\Qudit_Ramsey_raw_data\Raw_data_copied\2026\2026_05\2026_05_19\qudit_ramsey_scan_bused_1005
Threshold recalculated using histogram: 10.5
(6, 100, 2)
10.5
Warning: Expected at least 3 columns in the data for shelving detection.
[100, 98, 98, 99, 99, 98]
-------------------------------------------------------------------------
Wait time: 1000.0 Processing files: Z:\Lab Data\Qudit_Ramsey_raw_data\Raw_data_copied\2026\2026_05\2026_05_15\qudit_ramsey_scan_bused_1412
Threshold recalculated using histogram: 10.5
(6, 100, 2)
10.5
Warning: Expected at least 3 columns in the data for shelving detection.
[100, 100, 98, 98, 100, 100]
-------------------------------------------------------------------------
Wait time: 1000.0 Processing files: Z:\Lab Data\Qudit_Ramsey_raw_data\Raw_data_copied\2026\2026_05\2026_05_15\qudit_ramsey_scan_bused_2413
Threshold recalculated using histogram: 10.5
(6, 100, 2)
10.5
Warning: Expected at least 3 columns in the data for shelving detection.
[97, 100, 99, 100, 99, 97]
-------------------------------------------------------------------------
Wait time: 1000.0 Processing files: Z:\Lab Data\Qudit_Ramsey_raw_data\Raw_data_copied\2026\2026_05\2026_05_16\qudit_ramsey_scan_bused_066
Threshold recalculated using histogram: 10.5
(6, 100, 2)
10.5
Warning: Expected at least 3 columns in the data for shelving detection.
[94, 100, 100, 99, 98, 96]
-------------------------------------------------------------------------
Wait time: 1000.0 Processing files: Z:\Lab Data\Qudit_Ramsey_raw_data\Raw_data_copied\2026\2026_05\2026_05_18\qudit_ramsey_scan_bused_078
Threshold recalculated using histogram: 10.5
(6, 100, 2)
10.5
Warning: Expected at least 3 columns in the data for shelving detection.
[99, 99, 98, 100, 97, 95]
-------------------------------------------------------------------------
Wait time: 1000.0 Processing files: Z:\Lab Data\Qudit_Ramsey_raw_data\Raw_data_copied\2026\2026_05\2026_05_18\qudit_ramsey_scan_bused_1051
Threshold recalculated using histogram: 10.5
(6, 100, 2)
10.5
Warning: Expected at least 3 columns in the data for shelving detection.
[94, 94, 87, 92, 94, 93]
-------------------------------------------------------------------------
Wait time: 1000.0 Processing files: Z:\Lab Data\Qudit_Ramsey_raw_data\Raw_data_copied\2026\2026_05\2026_05_19\qudit_ramsey_scan_bused_1022
Threshold recalculated using histogram: 10.5
(6, 100, 2)
10.5
Warning: Expected at least 3 columns in the data for shelving detection.
[100, 98, 100, 100, 100, 98]
-------------------------------------------------------------------------
Wait time: 2000.0 Processing files: Z:\Lab Data\Qudit_Ramsey_raw_data\Raw_data_copied\2026\2026_05\2026_05_15\qudit_ramsey_scan_bused_1426
Threshold recalculated using histogram: 11.5
(6, 100, 2)
11.5
Warning: Expected at least 3 columns in the data for shelving detection.
[100, 100, 100, 99, 95, 97]
-------------------------------------------------------------------------
Wait time: 2000.0 Processing files: Z:\Lab Data\Qudit_Ramsey_raw_data\Raw_data_copied\2026\2026_05\2026_05_15\qudit_ramsey_scan_bused_2427
Threshold recalculated using histogram: 10.5
(6, 100, 2)
10.5
Warning: Expected at least 3 columns in the data for shelving detection.
[88, 95, 93, 87, 89, 89]
-------------------------------------------------------------------------
Wait time: 2000.0 Processing files: Z:\Lab Data\Qudit_Ramsey_raw_data\Raw_data_copied\2026\2026_05\2026_05_16\qudit_ramsey_scan_bused_080
Threshold recalculated using histogram: 9.5
(6, 100, 2)
9.5
Warning: Expected at least 3 columns in the data for shelving detection.
[96, 95, 99, 98, 100, 94]
-------------------------------------------------------------------------
Wait time: 2000.0 Processing files: Z:\Lab Data\Qudit_Ramsey_raw_data\Raw_data_copied\2026\2026_05\2026_05_18\qudit_ramsey_scan_bused_092
Threshold recalculated using histogram: 10.5
(6, 100, 2)
10.5
Warning: Expected at least 3 columns in the data for shelving detection.
[93, 93, 96, 96, 93, 92]
-------------------------------------------------------------------------
Wait time: 2000.0 Processing files: Z:\Lab Data\Qudit_Ramsey_raw_data\Raw_data_copied\2026\2026_05\2026_05_18\qudit_ramsey_scan_bused_1065
Threshold recalculated using histogram: 10.5
(6, 100, 2)
10.5
Warning: Expected at least 3 columns in the data for shelving detection.
[86, 91, 87, 97, 93, 89]
-------------------------------------------------------------------------
Wait time: 2000.0 Processing files: Z:\Lab Data\Qudit_Ramsey_raw_data\Raw_data_copied\2026\2026_05\2026_05_19\qudit_ramsey_scan_bused_1036
Threshold recalculated using histogram: 9.5
(6, 100, 2)
9.5
Warning: Expected at least 3 columns in the data for shelving detection.
[100, 100, 99, 99, 99, 98]
-------------------------------------------------------------------------
Wait time: 3000.0 Processing files: Z:\Lab Data\Qudit_Ramsey_raw_data\Raw_data_copied\2026\2026_05\2026_05_15\qudit_ramsey_scan_bused_1440
Threshold recalculated using histogram: 10.5
(6, 100, 2)
10.5
Warning: Expected at least 3 columns in the data for shelving detection.
[90, 94, 93, 98, 95, 94]
-------------------------------------------------------------------------
Wait time: 3000.0 Processing files: Z:\Lab Data\Qudit_Ramsey_raw_data\Raw_data_copied\2026\2026_05\2026_05_15\qudit_ramsey_scan_bused_2441
Threshold recalculated using histogram: 9.5
(6, 100, 2)
9.5
Warning: Expected at least 3 columns in the data for shelving detection.
[91, 100, 98, 98, 100, 99]
-------------------------------------------------------------------------
Wait time: 3000.0 Processing files: Z:\Lab Data\Qudit_Ramsey_raw_data\Raw_data_copied\2026\2026_05\2026_05_16\qudit_ramsey_scan_bused_097
Threshold recalculated using histogram: 10.5
(6, 100, 2)
10.5
Warning: Expected at least 3 columns in the data for shelving detection.
[97, 92, 95, 94, 95, 100]
-------------------------------------------------------------------------
Wait time: 3000.0 Processing files: Z:\Lab Data\Qudit_Ramsey_raw_data\Raw_data_copied\2026\2026_05\2026_05_18\qudit_ramsey_scan_bused_106
Threshold recalculated using histogram: 11.5
(6, 100, 2)
11.5
Warning: Expected at least 3 columns in the data for shelving detection.
[87, 89, 87, 90, 96, 94]
-------------------------------------------------------------------------
Wait time: 3000.0 Processing files: Z:\Lab Data\Qudit_Ramsey_raw_data\Raw_data_copied\2026\2026_05\2026_05_18\qudit_ramsey_scan_bused_1079
Threshold recalculated using histogram: 11.5
(6, 100, 2)
11.5
Warning: Expected at least 3 columns in the data for shelving detection.
[95, 95, 93, 92, 98, 95]
-------------------------------------------------------------------------
Wait time: 3000.0 Processing files: Z:\Lab Data\Qudit_Ramsey_raw_data\Raw_data_copied\2026\2026_05\2026_05_19\qudit_ramsey_scan_bused_1050
Threshold recalculated using histogram: 9.5
(6, 100, 2)
9.5
Warning: Expected at least 3 columns in the data for shelving detection.
[99, 99, 98, 99, 100, 100]
-------------------------------------------------------------------------
Wait time: 4000.0 Processing files: Z:\Lab Data\Qudit_Ramsey_raw_data\Raw_data_copied\2026\2026_05\2026_05_15\qudit_ramsey_scan_bused_1454
Threshold recalculated using histogram: 9.5
(6, 100, 2)
9.5
Warning: Expected at least 3 columns in the data for shelving detection.
[98, 100, 100, 97, 96, 96]
-------------------------------------------------------------------------
Wait time: 4000.0 Processing files: Z:\Lab Data\Qudit_Ramsey_raw_data\Raw_data_copied\2026\2026_05\2026_05_15\qudit_ramsey_scan_bused_2455
Threshold recalculated using histogram: 11.5
(6, 100, 2)
11.5
Warning: Expected at least 3 columns in the data for shelving detection.
[100, 100, 97, 99, 100, 100]
-------------------------------------------------------------------------
Wait time: 4000.0 Processing files: Z:\Lab Data\Qudit_Ramsey_raw_data\Raw_data_copied\2026\2026_05\2026_05_16\qudit_ramsey_scan_bused_111
Threshold recalculated using histogram: 9.5
(6, 100, 2)
9.5
Warning: Expected at least 3 columns in the data for shelving detection.
[96, 98, 96, 97, 93, 99]
-------------------------------------------------------------------------
Wait time: 4000.0 Processing files: Z:\Lab Data\Qudit_Ramsey_raw_data\Raw_data_copied\2026\2026_05\2026_05_18\qudit_ramsey_scan_bused_120
Threshold recalculated using histogram: 10.5
(6, 100, 2)
10.5
Warning: Expected at least 3 columns in the data for shelving detection.
[91, 91, 97, 93, 95, 92]
-------------------------------------------------------------------------
Wait time: 4000.0 Processing files: Z:\Lab Data\Qudit_Ramsey_raw_data\Raw_data_copied\2026\2026_05\2026_05_18\qudit_ramsey_scan_bused_1093
Threshold recalculated using histogram: 10.5
(6, 100, 2)
10.5
Warning: Expected at least 3 columns in the data for shelving detection.
[86, 86, 87, 92, 96, 90]
-------------------------------------------------------------------------
Wait time: 4000.0 Processing files: Z:\Lab Data\Qudit_Ramsey_raw_data\Raw_data_copied\2026\2026_05\2026_05_19\qudit_ramsey_scan_bused_1064
Threshold recalculated using histogram: 10.5
(6, 100, 2)
10.5
Warning: Expected at least 3 columns in the data for shelving detection.
[99, 99, 100, 99, 99, 99]
-------------------------------------------------------------------------
Wait time: 5000.0 Processing files: Z:\Lab Data\Qudit_Ramsey_raw_data\Raw_data_copied\2026\2026_05\2026_05_15\qudit_ramsey_scan_bused_1471
Threshold recalculated using histogram: 10.5
(6, 100, 2)
10.5
Warning: Expected at least 3 columns in the data for shelving detection.
[93, 94, 98, 99, 99, 90]
-------------------------------------------------------------------------
Wait time: 5000.0 Processing files: Z:\Lab Data\Qudit_Ramsey_raw_data\Raw_data_copied\2026\2026_05\2026_05_15\qudit_ramsey_scan_bused_2472
Threshold recalculated using histogram: 10.5
(6, 100, 2)
10.5
Warning: Expected at least 3 columns in the data for shelving detection.
[100, 99, 99, 99, 98, 99]
-------------------------------------------------------------------------
Wait time: 5000.0 Processing files: Z:\Lab Data\Qudit_Ramsey_raw_data\Raw_data_copied\2026\2026_05\2026_05_16\qudit_ramsey_scan_bused_131
Threshold recalculated using histogram: 10.5
(6, 100, 2)
10.5
Warning: Expected at least 3 columns in the data for shelving detection.
[81, 94, 84, 71, 81, 82]
-------------------------------------------------------------------------
Wait time: 5000.0 Processing files: Z:\Lab Data\Qudit_Ramsey_raw_data\Raw_data_copied\2026\2026_05\2026_05_18\qudit_ramsey_scan_bused_134
Threshold recalculated using histogram: 14.5
(6, 100, 2)
14.5
Warning: Expected at least 3 columns in the data for shelving detection.
[91, 96, 95, 94, 98, 87]
-------------------------------------------------------------------------
Wait time: 5000.0 Processing files: Z:\Lab Data\Qudit_Ramsey_raw_data\Raw_data_copied\2026\2026_05\2026_05_18\qudit_ramsey_scan_bused_1107
Threshold recalculated using histogram: 11.5
(6, 100, 2)
11.5
Warning: Expected at least 3 columns in the data for shelving detection.
[95, 95, 97, 94, 94, 97]
-------------------------------------------------------------------------
Wait time: 5000.0 Processing files: Z:\Lab Data\Qudit_Ramsey_raw_data\Raw_data_copied\2026\2026_05\2026_05_19\qudit_ramsey_scan_bused_1078
Threshold recalculated using histogram: 9.5
(6, 100, 2)
9.5
Warning: Expected at least 3 columns in the data for shelving detection.
[100, 99, 98, 99, 98, 99]
-------------------------------------------------------------------------
Wait time: 6000.0 Processing files: Z:\Lab Data\Qudit_Ramsey_raw_data\Raw_data_copied\2026\2026_05\2026_05_15\qudit_ramsey_scan_bused_1485
Threshold recalculated using histogram: 9.5
(6, 100, 2)
9.5
Warning: Expected at least 3 columns in the data for shelving detection.
[100, 90, 88, 96, 97, 94]
-------------------------------------------------------------------------
Wait time: 6000.0 Processing files: Z:\Lab Data\Qudit_Ramsey_raw_data\Raw_data_copied\2026\2026_05\2026_05_15\qudit_ramsey_scan_bused_2489
Threshold recalculated using histogram: 9.5
(6, 100, 2)
9.5
Warning: Expected at least 3 columns in the data for shelving detection.
[98, 100, 99, 100, 99, 100]
-------------------------------------------------------------------------
Wait time: 6000.0 Processing files: Z:\Lab Data\Qudit_Ramsey_raw_data\Raw_data_copied\2026\2026_05\2026_05_16\qudit_ramsey_scan_bused_147
Threshold recalculated using histogram: 10.5
(6, 100, 2)
10.5
Warning: Expected at least 3 columns in the data for shelving detection.
[83, 92, 84, 90, 91, 81]
-------------------------------------------------------------------------
Wait time: 6000.0 Processing files: Z:\Lab Data\Qudit_Ramsey_raw_data\Raw_data_copied\2026\2026_05\2026_05_18\qudit_ramsey_scan_bused_148
Threshold recalculated using histogram: 10.5
(6, 100, 2)
10.5
Warning: Expected at least 3 columns in the data for shelving detection.
[92, 92, 85, 88, 79, 80]
-------------------------------------------------------------------------
Wait time: 6000.0 Processing files: Z:\Lab Data\Qudit_Ramsey_raw_data\Raw_data_copied\2026\2026_05\2026_05_18\qudit_ramsey_scan_bused_1121
Threshold recalculated using histogram: 11.5
(6, 100, 2)
11.5
Warning: Expected at least 3 columns in the data for shelving detection.
[95, 96, 97, 94, 94, 93]
-------------------------------------------------------------------------
Wait time: 6000.0 Processing files: Z:\Lab Data\Qudit_Ramsey_raw_data\Raw_data_copied\2026\2026_05\2026_05_19\qudit_ramsey_scan_bused_1092
Threshold recalculated using histogram: 8.5
(6, 100, 2)
8.5
Warning: Expected at least 3 columns in the data for shelving detection.
[99, 98, 99, 99, 100, 99]
-------------------------------------------------------------------------
Wait time: 7000.0 Processing files: Z:\Lab Data\Qudit_Ramsey_raw_data\Raw_data_copied\2026\2026_05\2026_05_15\qudit_ramsey_scan_bused_1499
Threshold recalculated using histogram: 10.5
(6, 100, 2)
10.5
Warning: Expected at least 3 columns in the data for shelving detection.
[93, 98, 97, 96, 99, 98]
-------------------------------------------------------------------------
Wait time: 7000.0 Processing files: Z:\Lab Data\Qudit_Ramsey_raw_data\Raw_data_copied\2026\2026_05\2026_05_15\qudit_ramsey_scan_bused_2503
Threshold recalculated using histogram: 10.5
(6, 100, 2)
10.5
Warning: Expected at least 3 columns in the data for shelving detection.
[98, 100, 99, 98, 100, 100]
-------------------------------------------------------------------------
Wait time: 7000.0 Processing files: Z:\Lab Data\Qudit_Ramsey_raw_data\Raw_data_copied\2026\2026_05\2026_05_16\qudit_ramsey_scan_bused_161
Threshold recalculated using histogram: 9.5
(6, 100, 2)
9.5
Warning: Expected at least 3 columns in the data for shelving detection.
[97, 94, 99, 96, 94, 96]
-------------------------------------------------------------------------
Wait time: 7000.0 Processing files: Z:\Lab Data\Qudit_Ramsey_raw_data\Raw_data_copied\2026\2026_05\2026_05_18\qudit_ramsey_scan_bused_164
Threshold recalculated using histogram: 11.5
(6, 100, 2)
11.5
Warning: Expected at least 3 columns in the data for shelving detection.
[95, 94, 97, 94, 93, 95]
-------------------------------------------------------------------------
Wait time: 7000.0 Processing files: Z:\Lab Data\Qudit_Ramsey_raw_data\Raw_data_copied\2026\2026_05\2026_05_18\qudit_ramsey_scan_bused_1135
Threshold recalculated using histogram: 11.5
(6, 100, 2)
11.5
Warning: Expected at least 3 columns in the data for shelving detection.
[92, 89, 87, 82, 93, 90]
-------------------------------------------------------------------------
Wait time: 7000.0 Processing files: Z:\Lab Data\Qudit_Ramsey_raw_data\Raw_data_copied\2026\2026_05\2026_05_19\qudit_ramsey_scan_bused_1106
Threshold recalculated using histogram: 12.5
(6, 100, 2)
12.5
Warning: Expected at least 3 columns in the data for shelving detection.
[100, 100, 99, 98, 98, 99]
-------------------------------------------------------------------------
Wait time: 8000.0 Processing files: Z:\Lab Data\Qudit_Ramsey_raw_data\Raw_data_copied\2026\2026_05\2026_05_15\qudit_ramsey_scan_bused_1513
Threshold recalculated using histogram: 10.5
(6, 100, 2)
10.5
Warning: Expected at least 3 columns in the data for shelving detection.
[99, 97, 100, 100, 99, 99]
-------------------------------------------------------------------------
Wait time: 8000.0 Processing files: Z:\Lab Data\Qudit_Ramsey_raw_data\Raw_data_copied\2026\2026_05\2026_05_15\qudit_ramsey_scan_bused_2517
Threshold recalculated using histogram: 11.5
(6, 100, 2)
11.5
Warning: Expected at least 3 columns in the data for shelving detection.
[98, 89, 95, 99, 100, 96]
-------------------------------------------------------------------------
Wait time: 8000.0 Processing files: Z:\Lab Data\Qudit_Ramsey_raw_data\Raw_data_copied\2026\2026_05\2026_05_16\qudit_ramsey_scan_bused_175
Threshold recalculated using histogram: 10.5
(6, 100, 2)
10.5
Warning: Expected at least 3 columns in the data for shelving detection.
[95, 97, 98, 94, 98, 97]
-------------------------------------------------------------------------
Wait time: 8000.0 Processing files: Z:\Lab Data\Qudit_Ramsey_raw_data\Raw_data_copied\2026\2026_05\2026_05_18\qudit_ramsey_scan_bused_178
Threshold recalculated using histogram: 11.5
(6, 100, 2)
11.5
Warning: Expected at least 3 columns in the data for shelving detection.
[99, 96, 97, 100, 97, 95]
-------------------------------------------------------------------------
Wait time: 8000.0 Processing files: Z:\Lab Data\Qudit_Ramsey_raw_data\Raw_data_copied\2026\2026_05\2026_05_18\qudit_ramsey_scan_bused_1152
Threshold recalculated using histogram: 11.5
(6, 100, 2)
11.5
Warning: Expected at least 3 columns in the data for shelving detection.
[95, 92, 94, 95, 97, 99]
-------------------------------------------------------------------------
Wait time: 8000.0 Processing files: Z:\Lab Data\Qudit_Ramsey_raw_data\Raw_data_copied\2026\2026_05\2026_05_19\qudit_ramsey_scan_bused_1120
Threshold recalculated using histogram: 11.5
(6, 100, 2)
11.5
Warning: Expected at least 3 columns in the data for shelving detection.
[99, 96, 99, 99, 100, 99]
-------------------------------------------------------------------------
Wait time: 9000.0 Processing files: Z:\Lab Data\Qudit_Ramsey_raw_data\Raw_data_copied\2026\2026_05\2026_05_15\qudit_ramsey_scan_bused_1527
Threshold recalculated using histogram: 10.5
(6, 100, 2)
10.5
Warning: Expected at least 3 columns in the data for shelving detection.
[100, 100, 96, 98, 99, 100]
-------------------------------------------------------------------------
Wait time: 9000.0 Processing files: Z:\Lab Data\Qudit_Ramsey_raw_data\Raw_data_copied\2026\2026_05\2026_05_15\qudit_ramsey_scan_bused_2531
Threshold recalculated using histogram: 9.5
(6, 100, 2)
9.5
Warning: Expected at least 3 columns in the data for shelving detection.
[94, 86, 87, 98, 96, 98]
-------------------------------------------------------------------------
Wait time: 9000.0 Processing files: Z:\Lab Data\Qudit_Ramsey_raw_data\Raw_data_copied\2026\2026_05\2026_05_16\qudit_ramsey_scan_bused_189
Threshold recalculated using histogram: 9.5
(6, 100, 2)
9.5
Warning: Expected at least 3 columns in the data for shelving detection.
[97, 96, 96, 93, 95, 96]
-------------------------------------------------------------------------
Wait time: 9000.0 Processing files: Z:\Lab Data\Qudit_Ramsey_raw_data\Raw_data_copied\2026\2026_05\2026_05_18\qudit_ramsey_scan_bused_192
Threshold recalculated using histogram: 11.5
(6, 100, 2)
11.5
Warning: Expected at least 3 columns in the data for shelving detection.
[94, 93, 91, 91, 85, 92]
-------------------------------------------------------------------------
Wait time: 9000.0 Processing files: Z:\Lab Data\Qudit_Ramsey_raw_data\Raw_data_copied\2026\2026_05\2026_05_18\qudit_ramsey_scan_bused_1166
Threshold recalculated using histogram: 12.5
(6, 100, 2)
12.5
Warning: Expected at least 3 columns in the data for shelving detection.
[94, 88, 90, 96, 91, 94]
-------------------------------------------------------------------------
Wait time: 9000.0 Processing files: Z:\Lab Data\Qudit_Ramsey_raw_data\Raw_data_copied\2026\2026_05\2026_05_19\qudit_ramsey_scan_bused_1134
Threshold recalculated using histogram: 11.5
(6, 100, 2)
11.5
Warning: Expected at least 3 columns in the data for shelving detection.
[100, 100, 98, 100, 100, 99]
-------------------------------------------------------------------------
Wait time: 10000.0 Processing files: Z:\Lab Data\Qudit_Ramsey_raw_data\Raw_data_copied\2026\2026_05\2026_05_15\qudit_ramsey_scan_bused_1541
Threshold recalculated using histogram: 9.5
(6, 100, 2)
9.5
Warning: Expected at least 3 columns in the data for shelving detection.
[90, 92, 89, 90, 85, 97]
-------------------------------------------------------------------------
Wait time: 10000.0 Processing files: Z:\Lab Data\Qudit_Ramsey_raw_data\Raw_data_copied\2026\2026_05\2026_05_15\qudit_ramsey_scan_bused_2545
Threshold recalculated using histogram: 9.5
(6, 100, 2)
9.5
Warning: Expected at least 3 columns in the data for shelving detection.
[99, 100, 99, 98, 100, 99]
-------------------------------------------------------------------------
Wait time: 10000.0 Processing files: Z:\Lab Data\Qudit_Ramsey_raw_data\Raw_data_copied\2026\2026_05\2026_05_16\qudit_ramsey_scan_bused_203
Threshold recalculated using histogram: 10.5
(6, 100, 2)
10.5
Warning: Expected at least 3 columns in the data for shelving detection.
[93, 98, 89, 95, 94, 92]
-------------------------------------------------------------------------
Wait time: 10000.0 Processing files: Z:\Lab Data\Qudit_Ramsey_raw_data\Raw_data_copied\2026\2026_05\2026_05_18\qudit_ramsey_scan_bused_206
Threshold recalculated using histogram: 11.5
(6, 100, 2)
11.5
Warning: Expected at least 3 columns in the data for shelving detection.
[94, 90, 88, 97, 98, 77]
-------------------------------------------------------------------------
Wait time: 10000.0 Processing files: Z:\Lab Data\Qudit_Ramsey_raw_data\Raw_data_copied\2026\2026_05\2026_05_18\qudit_ramsey_scan_bused_1180
Threshold recalculated using histogram: 13.5
(6, 100, 2)
13.5
Warning: Expected at least 3 columns in the data for shelving detection.
[94, 93, 87, 93, 96, 91]
-------------------------------------------------------------------------
Wait time: 10000.0 Processing files: Z:\Lab Data\Qudit_Ramsey_raw_data\Raw_data_copied\2026\2026_05\2026_05_19\qudit_ramsey_scan_bused_1148
Threshold recalculated using histogram: 8.5
(6, 100, 2)
8.5
Warning: Expected at least 3 columns in the data for shelving detection.
[98, 100, 99, 100, 100, 100]
-------------------------------------------------------------------------
Wait time: 11000.0 Processing files: Z:\Lab Data\Qudit_Ramsey_raw_data\Raw_data_copied\2026\2026_05\2026_05_15\qudit_ramsey_scan_bused_1555
Threshold recalculated using histogram: 10.5
(6, 100, 2)
10.5
Warning: Expected at least 3 columns in the data for shelving detection.
[96, 98, 99, 95, 98, 99]
-------------------------------------------------------------------------
Wait time: 11000.0 Processing files: Z:\Lab Data\Qudit_Ramsey_raw_data\Raw_data_copied\2026\2026_05\2026_05_15\qudit_ramsey_scan_bused_2562
Threshold recalculated using histogram: 10.5
(6, 100, 2)
10.5
Warning: Expected at least 3 columns in the data for shelving detection.
[99, 99, 100, 98, 98, 99]
-------------------------------------------------------------------------
Wait time: 11000.0 Processing files: Z:\Lab Data\Qudit_Ramsey_raw_data\Raw_data_copied\2026\2026_05\2026_05_16\qudit_ramsey_scan_bused_217
Threshold recalculated using histogram: 11.5
(6, 100, 2)
11.5
Warning: Expected at least 3 columns in the data for shelving detection.
[91, 95, 95, 91, 93, 87]
-------------------------------------------------------------------------
Wait time: 11000.0 Processing files: Z:\Lab Data\Qudit_Ramsey_raw_data\Raw_data_copied\2026\2026_05\2026_05_18\qudit_ramsey_scan_bused_225
Threshold recalculated using histogram: 10.5
(6, 100, 2)
10.5
Warning: Expected at least 3 columns in the data for shelving detection.
[94, 97, 97, 95, 92, 96]
-------------------------------------------------------------------------
Wait time: 11000.0 Processing files: Z:\Lab Data\Qudit_Ramsey_raw_data\Raw_data_copied\2026\2026_05\2026_05_18\qudit_ramsey_scan_bused_1194
Threshold recalculated using histogram: 11.5
(6, 100, 2)
11.5
Warning: Expected at least 3 columns in the data for shelving detection.
[96, 93, 97, 98, 96, 96]
-------------------------------------------------------------------------
Wait time: 12000.0 Processing files: Z:\Lab Data\Qudit_Ramsey_raw_data\Raw_data_copied\2026\2026_05\2026_05_15\qudit_ramsey_scan_bused_1569
Threshold recalculated using histogram: 12.5
(6, 100, 2)
12.5
Warning: Expected at least 3 columns in the data for shelving detection.
[99, 96, 97, 96, 95, 97]
-------------------------------------------------------------------------
Wait time: 12000.0 Processing files: Z:\Lab Data\Qudit_Ramsey_raw_data\Raw_data_copied\2026\2026_05\2026_05_15\qudit_ramsey_scan_bused_2579
Threshold recalculated using histogram: 10.5
(6, 100, 2)
10.5
Warning: Expected at least 3 columns in the data for shelving detection.
[97, 98, 100, 98, 96, 99]
-------------------------------------------------------------------------
Wait time: 12000.0 Processing files: Z:\Lab Data\Qudit_Ramsey_raw_data\Raw_data_copied\2026\2026_05\2026_05_16\qudit_ramsey_scan_bused_231
Threshold recalculated using histogram: 11.5
(6, 100, 2)
11.5
Warning: Expected at least 3 columns in the data for shelving detection.
[78, 79, 71, 80, 72, 86]
-------------------------------------------------------------------------
Wait time: 12000.0 Processing files: Z:\Lab Data\Qudit_Ramsey_raw_data\Raw_data_copied\2026\2026_05\2026_05_18\qudit_ramsey_scan_bused_239
Threshold recalculated using histogram: 11.5
(6, 100, 2)
11.5
Warning: Expected at least 3 columns in the data for shelving detection.
[98, 99, 100, 99, 98, 99]
-------------------------------------------------------------------------
Wait time: 12000.0 Processing files: Z:\Lab Data\Qudit_Ramsey_raw_data\Raw_data_copied\2026\2026_05\2026_05_18\qudit_ramsey_scan_bused_1208
Threshold recalculated using histogram: 11.5
(6, 100, 2)
11.5
Warning: Expected at least 3 columns in the data for shelving detection.
[90, 94, 95, 98, 90, 97]
-------------------------------------------------------------------------
Wait time: 13000.0 Processing files: Z:\Lab Data\Qudit_Ramsey_raw_data\Raw_data_copied\2026\2026_05\2026_05_15\qudit_ramsey_scan_bused_1583
Threshold recalculated using histogram: 9.5
(6, 100, 2)
9.5
Warning: Expected at least 3 columns in the data for shelving detection.
[96, 95, 95, 94, 95, 94]
-------------------------------------------------------------------------
Wait time: 13000.0 Processing files: Z:\Lab Data\Qudit_Ramsey_raw_data\Raw_data_copied\2026\2026_05\2026_05_15\qudit_ramsey_scan_bused_2596
Threshold recalculated using histogram: 10.5
(6, 100, 2)
10.5
Warning: Expected at least 3 columns in the data for shelving detection.
[99, 100, 99, 99, 100, 97]
-------------------------------------------------------------------------
Wait time: 13000.0 Processing files: Z:\Lab Data\Qudit_Ramsey_raw_data\Raw_data_copied\2026\2026_05\2026_05_16\qudit_ramsey_scan_bused_248
Threshold recalculated using histogram: 8.5
(6, 100, 2)
8.5
Warning: Expected at least 3 columns in the data for shelving detection.
[94, 93, 98, 98, 94, 97]
-------------------------------------------------------------------------
Wait time: 13000.0 Processing files: Z:\Lab Data\Qudit_Ramsey_raw_data\Raw_data_copied\2026\2026_05\2026_05_18\qudit_ramsey_scan_bused_256
Threshold recalculated using histogram: 11.5
(6, 100, 2)
11.5
Warning: Expected at least 3 columns in the data for shelving detection.
[98, 97, 98, 99, 94, 98]
-------------------------------------------------------------------------
Wait time: 13000.0 Processing files: Z:\Lab Data\Qudit_Ramsey_raw_data\Raw_data_copied\2026\2026_05\2026_05_18\qudit_ramsey_scan_bused_1225
Threshold recalculated using histogram: 10.5
(6, 100, 2)
10.5
Warning: Expected at least 3 columns in the data for shelving detection.
[93, 92, 94, 97, 88, 93]
-------------------------------------------------------------------------
Wait time: 14000.0 Processing files: Z:\Lab Data\Qudit_Ramsey_raw_data\Raw_data_copied\2026\2026_05\2026_05_15\qudit_ramsey_scan_bused_1600
Threshold recalculated using histogram: 10.5
(6, 100, 2)
10.5
Warning: Expected at least 3 columns in the data for shelving detection.
[96, 97, 99, 99, 96, 96]
-------------------------------------------------------------------------
Wait time: 14000.0 Processing files: Z:\Lab Data\Qudit_Ramsey_raw_data\Raw_data_copied\2026\2026_05\2026_05_15\qudit_ramsey_scan_bused_2615
Threshold recalculated using histogram: 11.5
(6, 100, 2)
11.5
Warning: Expected at least 3 columns in the data for shelving detection.
[94, 96, 94, 97, 93, 95]
-------------------------------------------------------------------------
Wait time: 14000.0 Processing files: Z:\Lab Data\Qudit_Ramsey_raw_data\Raw_data_copied\2026\2026_05\2026_05_16\qudit_ramsey_scan_bused_262
Threshold recalculated using histogram: 8.5
(6, 100, 2)
8.5
Warning: Expected at least 3 columns in the data for shelving detection.
[100, 93, 97, 95, 92, 97]
-------------------------------------------------------------------------
Wait time: 14000.0 Processing files: Z:\Lab Data\Qudit_Ramsey_raw_data\Raw_data_copied\2026\2026_05\2026_05_18\qudit_ramsey_scan_bused_270
Threshold recalculated using histogram: 11.5
(6, 100, 2)
11.5
Warning: Expected at least 3 columns in the data for shelving detection.
[95, 95, 96, 98, 94, 95]
-------------------------------------------------------------------------
Wait time: 14000.0 Processing files: Z:\Lab Data\Qudit_Ramsey_raw_data\Raw_data_copied\2026\2026_05\2026_05_19\qudit_ramsey_scan_bused_005
Threshold recalculated using histogram: 9.5
(6, 100, 2)
9.5
Warning: Expected at least 3 columns in the data for shelving detection.
[86, 93, 92, 94, 90, 90]
-------------------------------------------------------------------------
Wait time: 15000.0 Processing files: Z:\Lab Data\Qudit_Ramsey_raw_data\Raw_data_copied\2026\2026_05\2026_05_15\qudit_ramsey_scan_bused_1617
Threshold recalculated using histogram: 10.5
(6, 100, 2)
10.5
Warning: Expected at least 3 columns in the data for shelving detection.
[99, 98, 95, 98, 96, 97]
-------------------------------------------------------------------------
Wait time: 15000.0 Processing files: Z:\Lab Data\Qudit_Ramsey_raw_data\Raw_data_copied\2026\2026_05\2026_05_15\qudit_ramsey_scan_bused_2632
Threshold recalculated using histogram: 10.5
(6, 100, 2)
10.5
Warning: Expected at least 3 columns in the data for shelving detection.
[95, 94, 93, 98, 89, 92]
-------------------------------------------------------------------------
Wait time: 15000.0 Processing files: Z:\Lab Data\Qudit_Ramsey_raw_data\Raw_data_copied\2026\2026_05\2026_05_18\qudit_ramsey_scan_bused_284
Threshold recalculated using histogram: 11.5
(6, 100, 2)
11.5
Warning: Expected at least 3 columns in the data for shelving detection.
[89, 97, 98, 91, 93, 93]
-------------------------------------------------------------------------
Wait time: 15000.0 Processing files: Z:\Lab Data\Qudit_Ramsey_raw_data\Raw_data_copied\2026\2026_05\2026_05_19\qudit_ramsey_scan_bused_019
Threshold recalculated using histogram: 11.5
(6, 100, 2)
11.5
Warning: Expected at least 3 columns in the data for shelving detection.
[93, 93, 90, 96, 95, 99]
-------------------------------------------------------------------------
Wait time: 16000.0 Processing files: Z:\Lab Data\Qudit_Ramsey_raw_data\Raw_data_copied\2026\2026_05\2026_05_15\qudit_ramsey_scan_bused_1631
Threshold recalculated using histogram: 11.5
(6, 100, 2)
11.5
Warning: Expected at least 3 columns in the data for shelving detection.
[98, 91, 93, 98, 94, 96]
-------------------------------------------------------------------------
Wait time: 16000.0 Processing files: Z:\Lab Data\Qudit_Ramsey_raw_data\Raw_data_copied\2026\2026_05\2026_05_15\qudit_ramsey_scan_bused_2649
Threshold recalculated using histogram: 11.5
(6, 100, 2)
11.5
Warning: Expected at least 3 columns in the data for shelving detection.
[98, 97, 97, 99, 97, 97]
-------------------------------------------------------------------------
Wait time: 16000.0 Processing files: Z:\Lab Data\Qudit_Ramsey_raw_data\Raw_data_copied\2026\2026_05\2026_05_18\qudit_ramsey_scan_bused_298
Threshold recalculated using histogram: 11.5
(6, 100, 2)
11.5
Warning: Expected at least 3 columns in the data for shelving detection.
[93, 93, 92, 98, 97, 95]
-------------------------------------------------------------------------
Wait time: 16000.0 Processing files: Z:\Lab Data\Qudit_Ramsey_raw_data\Raw_data_copied\2026\2026_05\2026_05_19\qudit_ramsey_scan_bused_033
Threshold recalculated using histogram: 11.5
(6, 100, 2)
11.5
Warning: Expected at least 3 columns in the data for shelving detection.
[99, 95, 98, 98, 99, 97]
-------------------------------------------------------------------------
Wait time: 17000.0 Processing files: Z:\Lab Data\Qudit_Ramsey_raw_data\Raw_data_copied\2026\2026_05\2026_05_15\qudit_ramsey_scan_bused_1645
Threshold recalculated using histogram: 11.5
(6, 100, 2)
11.5
Warning: Expected at least 3 columns in the data for shelving detection.
[90, 98, 100, 98, 97, 95]
-------------------------------------------------------------------------
Wait time: 17000.0 Processing files: Z:\Lab Data\Qudit_Ramsey_raw_data\Raw_data_copied\2026\2026_05\2026_05_18\qudit_ramsey_scan_bused_312
Threshold recalculated using histogram: 11.5
(6, 100, 2)
11.5
Warning: Expected at least 3 columns in the data for shelving detection.
[98, 99, 98, 99, 95, 99]
-------------------------------------------------------------------------
Wait time: 17000.0 Processing files: Z:\Lab Data\Qudit_Ramsey_raw_data\Raw_data_copied\2026\2026_05\2026_05_19\qudit_ramsey_scan_bused_047
Threshold recalculated using histogram: 10.5
(6, 100, 2)
10.5
Warning: Expected at least 3 columns in the data for shelving detection.
[91, 90, 95, 95, 91, 95]
-------------------------------------------------------------------------
Wait time: 18000.0 Processing files: Z:\Lab Data\Qudit_Ramsey_raw_data\Raw_data_copied\2026\2026_05\2026_05_15\qudit_ramsey_scan_bused_1659
Threshold recalculated using histogram: 9.5
(6, 100, 2)
9.5
Warning: Expected at least 3 columns in the data for shelving detection.
[98, 96, 96, 93, 98, 97]
-------------------------------------------------------------------------
Wait time: 18000.0 Processing files: Z:\Lab Data\Qudit_Ramsey_raw_data\Raw_data_copied\2026\2026_05\2026_05_18\qudit_ramsey_scan_bused_326
Threshold recalculated using histogram: 13.5
(6, 100, 2)
13.5
Warning: Expected at least 3 columns in the data for shelving detection.
[99, 96, 95, 97, 98, 98]
-------------------------------------------------------------------------
Wait time: 18000.0 Processing files: Z:\Lab Data\Qudit_Ramsey_raw_data\Raw_data_copied\2026\2026_05\2026_05_19\qudit_ramsey_scan_bused_064
Threshold recalculated using histogram: 11.5
(6, 100, 2)
11.5
Warning: Expected at least 3 columns in the data for shelving detection.
[95, 88, 88, 92, 94, 92]
-------------------------------------------------------------------------
Wait time: 19000.0 Processing files: Z:\Lab Data\Qudit_Ramsey_raw_data\Raw_data_copied\2026\2026_05\2026_05_15\qudit_ramsey_scan_bused_1673
Threshold recalculated using histogram: 10.5
(6, 100, 2)
10.5
Warning: Expected at least 3 columns in the data for shelving detection.
[95, 96, 91, 93, 92, 88]
-------------------------------------------------------------------------
Wait time: 19000.0 Processing files: Z:\Lab Data\Qudit_Ramsey_raw_data\Raw_data_copied\2026\2026_05\2026_05_18\qudit_ramsey_scan_bused_340
Threshold recalculated using histogram: 11.5
(6, 100, 2)
11.5
Warning: Expected at least 3 columns in the data for shelving detection.
[94, 99, 95, 95, 99, 95]
-------------------------------------------------------------------------
Wait time: 19000.0 Processing files: Z:\Lab Data\Qudit_Ramsey_raw_data\Raw_data_copied\2026\2026_05\2026_05_19\qudit_ramsey_scan_bused_080
Threshold recalculated using histogram: 11.5
(6, 100, 2)
11.5
Warning: Expected at least 3 columns in the data for shelving detection.
[95, 98, 98, 97, 94, 96]
-------------------------------------------------------------------------
Wait time: 20000.0 Processing files: Z:\Lab Data\Qudit_Ramsey_raw_data\Raw_data_copied\2026\2026_05\2026_05_15\qudit_ramsey_scan_bused_1690
Threshold recalculated using histogram: 11.5
(6, 100, 2)
11.5
Warning: Expected at least 3 columns in the data for shelving detection.
[95, 97, 97, 99, 98, 95]
-------------------------------------------------------------------------
Wait time: 20000.0 Processing files: Z:\Lab Data\Qudit_Ramsey_raw_data\Raw_data_copied\2026\2026_05\2026_05_18\qudit_ramsey_scan_bused_354
Threshold recalculated using histogram: 11.5
(6, 100, 2)
11.5
Warning: Expected at least 3 columns in the data for shelving detection.
[90, 97, 93, 96, 94, 97]
-------------------------------------------------------------------------
Wait time: 20000.0 Processing files: Z:\Lab Data\Qudit_Ramsey_raw_data\Raw_data_copied\2026\2026_05\2026_05_19\qudit_ramsey_scan_bused_094
Threshold recalculated using histogram: 11.5
(6, 100, 2)
11.5
Warning: Expected at least 3 columns in the data for shelving detection.
[98, 100, 98, 99, 97, 99]
-------------------------------------------------------------------------
Wait time: 21000.0 Processing files: Z:\Lab Data\Qudit_Ramsey_raw_data\Raw_data_copied\2026\2026_05\2026_05_15\qudit_ramsey_scan_bused_1707
Threshold recalculated using histogram: 9.5
(6, 100, 2)
9.5
Warning: Expected at least 3 columns in the data for shelving detection.
[96, 93, 95, 94, 96, 93]
-------------------------------------------------------------------------
Wait time: 21000.0 Processing files: Z:\Lab Data\Qudit_Ramsey_raw_data\Raw_data_copied\2026\2026_05\2026_05_18\qudit_ramsey_scan_bused_368
Threshold recalculated using histogram: 10.5
(6, 100, 2)
10.5
Warning: Expected at least 3 columns in the data for shelving detection.
[92, 96, 99, 96, 96, 99]
-------------------------------------------------------------------------
Wait time: 21000.0 Processing files: Z:\Lab Data\Qudit_Ramsey_raw_data\Raw_data_copied\2026\2026_05\2026_05_19\qudit_ramsey_scan_bused_108
Threshold recalculated using histogram: 11.5
(6, 100, 2)
11.5
Warning: Expected at least 3 columns in the data for shelving detection.
[95, 89, 95, 95, 95, 98]
-------------------------------------------------------------------------
Wait time: 22000.0 Processing files: Z:\Lab Data\Qudit_Ramsey_raw_data\Raw_data_copied\2026\2026_05\2026_05_15\qudit_ramsey_scan_bused_1721
Threshold recalculated using histogram: 10.5
(6, 100, 2)
10.5
Warning: Expected at least 3 columns in the data for shelving detection.
[96, 90, 94, 95, 90, 88]
-------------------------------------------------------------------------
Wait time: 22000.0 Processing files: Z:\Lab Data\Qudit_Ramsey_raw_data\Raw_data_copied\2026\2026_05\2026_05_18\qudit_ramsey_scan_bused_382
Threshold recalculated using histogram: 12.5
(6, 100, 2)
12.5
Warning: Expected at least 3 columns in the data for shelving detection.
[100, 95, 99, 95, 99, 98]
-------------------------------------------------------------------------
Wait time: 22000.0 Processing files: Z:\Lab Data\Qudit_Ramsey_raw_data\Raw_data_copied\2026\2026_05\2026_05_19\qudit_ramsey_scan_bused_122
Threshold recalculated using histogram: 11.5
(6, 100, 2)
11.5
Warning: Expected at least 3 columns in the data for shelving detection.
[97, 92, 93, 92, 91, 92]
-------------------------------------------------------------------------
Wait time: 23000.0 Processing files: Z:\Lab Data\Qudit_Ramsey_raw_data\Raw_data_copied\2026\2026_05\2026_05_15\qudit_ramsey_scan_bused_1735
Threshold recalculated using histogram: 9.5
(6, 100, 2)
9.5
Warning: Expected at least 3 columns in the data for shelving detection.
[97, 93, 97, 98, 96, 94]
-------------------------------------------------------------------------
Wait time: 23000.0 Processing files: Z:\Lab Data\Qudit_Ramsey_raw_data\Raw_data_copied\2026\2026_05\2026_05_18\qudit_ramsey_scan_bused_396
Threshold recalculated using histogram: 10.5
(6, 100, 2)
10.5
Warning: Expected at least 3 columns in the data for shelving detection.
[99, 99, 96, 95, 98, 99]
-------------------------------------------------------------------------
Wait time: 23000.0 Processing files: Z:\Lab Data\Qudit_Ramsey_raw_data\Raw_data_copied\2026\2026_05\2026_05_19\qudit_ramsey_scan_bused_136
Threshold recalculated using histogram: 10.5
(6, 100, 2)
10.5
Warning: Expected at least 3 columns in the data for shelving detection.
[99, 95, 97, 95, 99, 93]
-------------------------------------------------------------------------
Wait time: 24000.0 Processing files: Z:\Lab Data\Qudit_Ramsey_raw_data\Raw_data_copied\2026\2026_05\2026_05_15\qudit_ramsey_scan_bused_1752
Threshold recalculated using histogram: 10.5
(6, 100, 2)
10.5
Warning: Expected at least 3 columns in the data for shelving detection.
[86, 98, 94, 93, 91, 95]
-------------------------------------------------------------------------
Wait time: 24000.0 Processing files: Z:\Lab Data\Qudit_Ramsey_raw_data\Raw_data_copied\2026\2026_05\2026_05_19\qudit_ramsey_scan_bused_150
Threshold recalculated using histogram: 9.5
(6, 100, 2)
9.5
Warning: Expected at least 3 columns in the data for shelving detection.
[99, 99, 93, 97, 97, 97]
-------------------------------------------------------------------------
Wait time: 25000.0 Processing files: Z:\Lab Data\Qudit_Ramsey_raw_data\Raw_data_copied\2026\2026_05\2026_05_15\qudit_ramsey_scan_bused_1766
Threshold recalculated using histogram: 10.5
(6, 100, 2)
10.5
Warning: Expected at least 3 columns in the data for shelving detection.
[94, 95, 90, 96, 100, 95]
-------------------------------------------------------------------------
Wait time: 25000.0 Processing files: Z:\Lab Data\Qudit_Ramsey_raw_data\Raw_data_copied\2026\2026_05\2026_05_18\qudit_ramsey_scan_bused_450
Threshold recalculated using histogram: 11.5
(6, 100, 2)
11.5
Warning: Expected at least 3 columns in the data for shelving detection.
[95, 88, 85, 93, 87, 85]
-------------------------------------------------------------------------
Wait time: 25000.0 Processing files: Z:\Lab Data\Qudit_Ramsey_raw_data\Raw_data_copied\2026\2026_05\2026_05_19\qudit_ramsey_scan_bused_164
Threshold recalculated using histogram: 10.5
(6, 100, 2)
10.5
Warning: Expected at least 3 columns in the data for shelving detection.
[97, 99, 98, 99, 97, 97]
-------------------------------------------------------------------------
Wait time: 26000.0 Processing files: Z:\Lab Data\Qudit_Ramsey_raw_data\Raw_data_copied\2026\2026_05\2026_05_15\qudit_ramsey_scan_bused_1780
Threshold recalculated using histogram: 9.5
(6, 100, 2)
9.5
Warning: Expected at least 3 columns in the data for shelving detection.
[97, 100, 97, 97, 99, 99]
-------------------------------------------------------------------------
Wait time: 26000.0 Processing files: Z:\Lab Data\Qudit_Ramsey_raw_data\Raw_data_copied\2026\2026_05\2026_05_18\qudit_ramsey_scan_bused_464
Threshold recalculated using histogram: 11.5
(6, 100, 2)
11.5
Warning: Expected at least 3 columns in the data for shelving detection.
[88, 95, 99, 95, 96, 98]
-------------------------------------------------------------------------
Wait time: 26000.0 Processing files: Z:\Lab Data\Qudit_Ramsey_raw_data\Raw_data_copied\2026\2026_05\2026_05_19\qudit_ramsey_scan_bused_178
Threshold recalculated using histogram: 9.5
(6, 100, 2)
9.5
Warning: Expected at least 3 columns in the data for shelving detection.
[98, 96, 95, 98, 96, 97]
-------------------------------------------------------------------------
Wait time: 27000.0 Processing files: Z:\Lab Data\Qudit_Ramsey_raw_data\Raw_data_copied\2026\2026_05\2026_05_15\qudit_ramsey_scan_bused_1797
Threshold recalculated using histogram: 11.5
(6, 100, 2)
11.5
Warning: Expected at least 3 columns in the data for shelving detection.
[95, 96, 95, 98, 96, 97]
-------------------------------------------------------------------------
Wait time: 27000.0 Processing files: Z:\Lab Data\Qudit_Ramsey_raw_data\Raw_data_copied\2026\2026_05\2026_05_18\qudit_ramsey_scan_bused_478
Threshold recalculated using histogram: 16.5
(6, 100, 2)
16.5
Warning: Expected at least 3 columns in the data for shelving detection.
[94, 97, 95, 94, 97, 95]
-------------------------------------------------------------------------
Wait time: 27000.0 Processing files: Z:\Lab Data\Qudit_Ramsey_raw_data\Raw_data_copied\2026\2026_05\2026_05_19\qudit_ramsey_scan_bused_192
Threshold recalculated using histogram: 11.5
(6, 100, 2)
11.5
Warning: Expected at least 3 columns in the data for shelving detection.
[97, 98, 98, 98, 99, 98]
-------------------------------------------------------------------------
Wait time: 28000.0 Processing files: Z:\Lab Data\Qudit_Ramsey_raw_data\Raw_data_copied\2026\2026_05\2026_05_15\qudit_ramsey_scan_bused_1811
Threshold recalculated using histogram: 9.5
(6, 100, 2)
9.5
Warning: Expected at least 3 columns in the data for shelving detection.
[96, 94, 97, 95, 91, 95]
-------------------------------------------------------------------------
Wait time: 28000.0 Processing files: Z:\Lab Data\Qudit_Ramsey_raw_data\Raw_data_copied\2026\2026_05\2026_05_18\qudit_ramsey_scan_bused_492
Threshold recalculated using histogram: 11.5
(6, 100, 2)
11.5
Warning: Expected at least 3 columns in the data for shelving detection.
[91, 98, 96, 89, 94, 91]
-------------------------------------------------------------------------
Wait time: 28000.0 Processing files: Z:\Lab Data\Qudit_Ramsey_raw_data\Raw_data_copied\2026\2026_05\2026_05_19\qudit_ramsey_scan_bused_206
Threshold recalculated using histogram: 10.5
(6, 100, 2)
10.5
Warning: Expected at least 3 columns in the data for shelving detection.
[99, 99, 100, 99, 99, 100]
-------------------------------------------------------------------------
Wait time: 29000.0 Processing files: Z:\Lab Data\Qudit_Ramsey_raw_data\Raw_data_copied\2026\2026_05\2026_05_15\qudit_ramsey_scan_bused_1825
Threshold recalculated using histogram: 10.5
(6, 100, 2)
10.5
Warning: Expected at least 3 columns in the data for shelving detection.
[92, 94, 93, 98, 95, 92]
-------------------------------------------------------------------------
Wait time: 29000.0 Processing files: Z:\Lab Data\Qudit_Ramsey_raw_data\Raw_data_copied\2026\2026_05\2026_05_18\qudit_ramsey_scan_bused_506
Threshold recalculated using histogram: 12.5
(6, 100, 2)
12.5
Warning: Expected at least 3 columns in the data for shelving detection.
[96, 100, 98, 94, 99, 97]
-------------------------------------------------------------------------
Wait time: 29000.0 Processing files: Z:\Lab Data\Qudit_Ramsey_raw_data\Raw_data_copied\2026\2026_05\2026_05_19\qudit_ramsey_scan_bused_220
Threshold recalculated using histogram: 11.5
(6, 100, 2)
11.5
Warning: Expected at least 3 columns in the data for shelving detection.
[99, 99, 97, 98, 99, 97]
-------------------------------------------------------------------------
Wait time: 30000.0 Processing files: Z:\Lab Data\Qudit_Ramsey_raw_data\Raw_data_copied\2026\2026_05\2026_05_15\qudit_ramsey_scan_bused_1845
Threshold recalculated using histogram: 10.5
(6, 100, 2)
10.5
Warning: Expected at least 3 columns in the data for shelving detection.
[96, 96, 98, 97, 96, 97]
-------------------------------------------------------------------------
Wait time: 30000.0 Processing files: Z:\Lab Data\Qudit_Ramsey_raw_data\Raw_data_copied\2026\2026_05\2026_05_18\qudit_ramsey_scan_bused_522
Threshold recalculated using histogram: 11.5
(6, 100, 2)
11.5
Warning: Expected at least 3 columns in the data for shelving detection.
[94, 98, 97, 99, 97, 95]
-------------------------------------------------------------------------
Wait time: 30000.0 Processing files: Z:\Lab Data\Qudit_Ramsey_raw_data\Raw_data_copied\2026\2026_05\2026_05_19\qudit_ramsey_scan_bused_234
Threshold recalculated using histogram: 10.5
(6, 100, 2)
10.5
Warning: Expected at least 3 columns in the data for shelving detection.
[97, 95, 92, 99, 99, 98]
-------------------------------------------------------------------------
Wait time: 31000.0 Processing files: Z:\Lab Data\Qudit_Ramsey_raw_data\Raw_data_copied\2026\2026_05\2026_05_15\qudit_ramsey_scan_bused_1859
Threshold recalculated using histogram: 9.5
(6, 100, 2)
9.5
Warning: Expected at least 3 columns in the data for shelving detection.
[98, 98, 97, 98, 97, 99]
-------------------------------------------------------------------------
Wait time: 31000.0 Processing files: Z:\Lab Data\Qudit_Ramsey_raw_data\Raw_data_copied\2026\2026_05\2026_05_18\qudit_ramsey_scan_bused_536
Threshold recalculated using histogram: 10.5
(6, 100, 2)
10.5
Warning: Expected at least 3 columns in the data for shelving detection.
[98, 100, 99, 98, 98, 99]
-------------------------------------------------------------------------
Wait time: 31000.0 Processing files: Z:\Lab Data\Qudit_Ramsey_raw_data\Raw_data_copied\2026\2026_05\2026_05_19\qudit_ramsey_scan_bused_250
Threshold recalculated using histogram: 10.5
(6, 100, 2)
10.5
Warning: Expected at least 3 columns in the data for shelving detection.
[97, 97, 99, 100, 99, 95]
-------------------------------------------------------------------------
Wait time: 32000.0 Processing files: Z:\Lab Data\Qudit_Ramsey_raw_data\Raw_data_copied\2026\2026_05\2026_05_15\qudit_ramsey_scan_bused_1873
Threshold recalculated using histogram: 10.5
(6, 100, 2)
10.5
Warning: Expected at least 3 columns in the data for shelving detection.
[97, 99, 98, 99, 99, 98]
-------------------------------------------------------------------------
Wait time: 32000.0 Processing files: Z:\Lab Data\Qudit_Ramsey_raw_data\Raw_data_copied\2026\2026_05\2026_05_18\qudit_ramsey_scan_bused_550
Threshold recalculated using histogram: 11.5
(6, 100, 2)
11.5
Warning: Expected at least 3 columns in the data for shelving detection.
[92, 94, 91, 96, 94, 94]
-------------------------------------------------------------------------
Wait time: 32000.0 Processing files: Z:\Lab Data\Qudit_Ramsey_raw_data\Raw_data_copied\2026\2026_05\2026_05_19\qudit_ramsey_scan_bused_264
Threshold recalculated using histogram: 11.5
(6, 100, 2)
11.5
Warning: Expected at least 3 columns in the data for shelving detection.
[100, 98, 100, 98, 99, 100]
Processing transitions [[0, 3, 2], [0, 2, 0]]
Running zero-detuning analysis for transitions [[0, 3, 2], [0, 2, 0]], LT_comp=False, grouped wait times=21
-------------------------------------------------------------------------
Wait time: 0.0 Processing files: Z:\Lab Data\Qudit_Ramsey_raw_data\Raw_data_copied\2026\2026_04\2026_04_27\qudit_ramsey_scan_bused_1303
Threshold recalculated using histogram: 11.5
(6, 100, 2)
11.5
Warning: Expected at least 3 columns in the data for shelving detection.
[96, 96, 99, 99, 99, 97]
-------------------------------------------------------------------------
Wait time: 0.0 Processing files: Z:\Lab Data\Qudit_Ramsey_raw_data\Raw_data_copied\2026\2026_04\2026_04_27\qudit_ramsey_scan_bused_1357
Threshold recalculated using histogram: 10.5
(6, 100, 2)
10.5
Warning: Expected at least 3 columns in the data for shelving detection.
[99, 97, 98, 97, 96, 98]
-------------------------------------------------------------------------
Wait time: 0.0 Processing files: Z:\Lab Data\Qudit_Ramsey_raw_data\Raw_data_copied\2026\2026_04\2026_04_27\qudit_ramsey_scan_bused_1950
Threshold recalculated using histogram: 9.5
(6, 100, 2)
9.5
Warning: Expected at least 3 columns in the data for shelving detection.
[95, 99, 98, 98, 95, 98]
-------------------------------------------------------------------------
Wait time: 0.0 Processing files: Z:\Lab Data\Qudit_Ramsey_raw_data\Raw_data_copied\2026\2026_04\2026_04_27\qudit_ramsey_scan_bused_2568
Threshold recalculated using histogram: 12.5
(6, 100, 2)
12.5
Warning: Expected at least 3 columns in the data for shelving detection.
[99, 97, 100, 95, 95, 95]
-------------------------------------------------------------------------
Wait time: 0.0 Processing files: Z:\Lab Data\Qudit_Ramsey_raw_data\Raw_data_copied\2026\2026_04\2026_04_28\qudit_ramsey_scan_bused_956
Threshold recalculated using histogram: 9.5
(6, 100, 2)
9.5
Warning: Expected at least 3 columns in the data for shelving detection.
[99, 99, 100, 100, 99, 99]
-------------------------------------------------------------------------
Wait time: 0.0 Processing files: Z:\Lab Data\Qudit_Ramsey_raw_data\Raw_data_copied\2026\2026_04\2026_04_28\qudit_ramsey_scan_bused_1560
Threshold recalculated using histogram: 10.5
(6, 100, 2)
10.5
Warning: Expected at least 3 columns in the data for shelving detection.
[99, 98, 100, 100, 100, 99]
-------------------------------------------------------------------------
Wait time: 0.0 Processing files: Z:\Lab Data\Qudit_Ramsey_raw_data\Raw_data_copied\2026\2026_05\2026_05_01\qudit_ramsey_scan_bused_849
Threshold recalculated using histogram: 11.5
(6, 100, 2)
11.5
Warning: Expected at least 3 columns in the data for shelving detection.
[96, 97, 91, 97, 95, 92]
-------------------------------------------------------------------------
Wait time: 0.0 Processing files: Z:\Lab Data\Qudit_Ramsey_raw_data\Raw_data_copied\2026\2026_05\2026_05_01\qudit_ramsey_scan_bused_1460
Threshold recalculated using histogram: 11.5
(6, 100, 2)
11.5
Warning: Expected at least 3 columns in the data for shelving detection.
[96, 94, 92, 95, 95, 96]
-------------------------------------------------------------------------
Wait time: 200.0 Processing files: Z:\Lab Data\Qudit_Ramsey_raw_data\Raw_data_copied\2026\2026_04\2026_04_27\qudit_ramsey_scan_bused_1371
Threshold recalculated using histogram: 12.5
(6, 100, 2)
12.5
Warning: Expected at least 3 columns in the data for shelving detection.
[99, 98, 98, 95, 98, 100]
-------------------------------------------------------------------------
Wait time: 200.0 Processing files: Z:\Lab Data\Qudit_Ramsey_raw_data\Raw_data_copied\2026\2026_04\2026_04_27\qudit_ramsey_scan_bused_1964
Threshold recalculated using histogram: 10.5
(6, 100, 2)
10.5
Warning: Expected at least 3 columns in the data for shelving detection.
[97, 100, 95, 98, 94, 97]
-------------------------------------------------------------------------
Wait time: 200.0 Processing files: Z:\Lab Data\Qudit_Ramsey_raw_data\Raw_data_copied\2026\2026_04\2026_04_27\qudit_ramsey_scan_bused_2582
Threshold recalculated using histogram: 10.5
(6, 100, 2)
10.5
Warning: Expected at least 3 columns in the data for shelving detection.
[97, 96, 99, 96, 95, 99]
-------------------------------------------------------------------------
Wait time: 200.0 Processing files: Z:\Lab Data\Qudit_Ramsey_raw_data\Raw_data_copied\2026\2026_04\2026_04_28\qudit_ramsey_scan_bused_970
Threshold recalculated using histogram: 9.5
(6, 100, 2)
9.5
Warning: Expected at least 3 columns in the data for shelving detection.
[100, 98, 100, 99, 99, 100]
-------------------------------------------------------------------------
Wait time: 200.0 Processing files: Z:\Lab Data\Qudit_Ramsey_raw_data\Raw_data_copied\2026\2026_04\2026_04_28\qudit_ramsey_scan_bused_1574
Threshold recalculated using histogram: 10.5
(6, 100, 2)
10.5
Warning: Expected at least 3 columns in the data for shelving detection.
[100, 100, 99, 100, 100, 99]
-------------------------------------------------------------------------
Wait time: 200.0 Processing files: Z:\Lab Data\Qudit_Ramsey_raw_data\Raw_data_copied\2026\2026_05\2026_05_01\qudit_ramsey_scan_bused_863
Threshold recalculated using histogram: 11.5
(6, 100, 2)
11.5
Warning: Expected at least 3 columns in the data for shelving detection.
[93, 96, 90, 97, 97, 95]
-------------------------------------------------------------------------
Wait time: 200.0 Processing files: Z:\Lab Data\Qudit_Ramsey_raw_data\Raw_data_copied\2026\2026_05\2026_05_01\qudit_ramsey_scan_bused_1474
Threshold recalculated using histogram: 10.5
(6, 100, 2)
10.5
Warning: Expected at least 3 columns in the data for shelving detection.
[91, 88, 95, 95, 96, 93]
-------------------------------------------------------------------------
Wait time: 400.0 Processing files: Z:\Lab Data\Qudit_Ramsey_raw_data\Raw_data_copied\2026\2026_04\2026_04_27\qudit_ramsey_scan_bused_1385
Threshold recalculated using histogram: 11.5
(6, 100, 2)
11.5
Warning: Expected at least 3 columns in the data for shelving detection.
[89, 94, 96, 98, 98, 98]
-------------------------------------------------------------------------
Wait time: 400.0 Processing files: Z:\Lab Data\Qudit_Ramsey_raw_data\Raw_data_copied\2026\2026_04\2026_04_27\qudit_ramsey_scan_bused_1978
Threshold recalculated using histogram: 10.5
(6, 100, 2)
10.5
Warning: Expected at least 3 columns in the data for shelving detection.
[97, 97, 96, 97, 98, 98]
-------------------------------------------------------------------------
Wait time: 400.0 Processing files: Z:\Lab Data\Qudit_Ramsey_raw_data\Raw_data_copied\2026\2026_04\2026_04_27\qudit_ramsey_scan_bused_2596
Threshold recalculated using histogram: 10.5
(6, 100, 2)
10.5
Warning: Expected at least 3 columns in the data for shelving detection.
[96, 97, 98, 100, 99, 94]
-------------------------------------------------------------------------
Wait time: 400.0 Processing files: Z:\Lab Data\Qudit_Ramsey_raw_data\Raw_data_copied\2026\2026_04\2026_04_28\qudit_ramsey_scan_bused_984
Threshold recalculated using histogram: 10.5
(6, 100, 2)
10.5
Warning: Expected at least 3 columns in the data for shelving detection.
[98, 100, 100, 98, 97, 99]
-------------------------------------------------------------------------
Wait time: 400.0 Processing files: Z:\Lab Data\Qudit_Ramsey_raw_data\Raw_data_copied\2026\2026_05\2026_05_01\qudit_ramsey_scan_bused_877
Threshold recalculated using histogram: 11.5
(6, 100, 2)
11.5
Warning: Expected at least 3 columns in the data for shelving detection.
[93, 94, 98, 97, 94, 93]
-------------------------------------------------------------------------
Wait time: 400.0 Processing files: Z:\Lab Data\Qudit_Ramsey_raw_data\Raw_data_copied\2026\2026_05\2026_05_01\qudit_ramsey_scan_bused_1488
Threshold recalculated using histogram: 9.5
(6, 100, 2)
9.5
Warning: Expected at least 3 columns in the data for shelving detection.
[95, 95, 96, 93, 93, 97]
-------------------------------------------------------------------------
Wait time: 600.0 Processing files: Z:\Lab Data\Qudit_Ramsey_raw_data\Raw_data_copied\2026\2026_04\2026_04_27\qudit_ramsey_scan_bused_1401
Threshold recalculated using histogram: 10.5
(6, 100, 2)
10.5
Warning: Expected at least 3 columns in the data for shelving detection.
[93, 89, 96, 96, 99, 98]
-------------------------------------------------------------------------
Wait time: 600.0 Processing files: Z:\Lab Data\Qudit_Ramsey_raw_data\Raw_data_copied\2026\2026_04\2026_04_27\qudit_ramsey_scan_bused_1992
Threshold recalculated using histogram: 9.5
(6, 100, 2)
9.5
Warning: Expected at least 3 columns in the data for shelving detection.
[93, 98, 94, 95, 94, 96]
-------------------------------------------------------------------------
Wait time: 600.0 Processing files: Z:\Lab Data\Qudit_Ramsey_raw_data\Raw_data_copied\2026\2026_04\2026_04_27\qudit_ramsey_scan_bused_2610
Threshold recalculated using histogram: 11.5
(6, 100, 2)
11.5
Warning: Expected at least 3 columns in the data for shelving detection.
[99, 94, 100, 100, 96, 100]
-------------------------------------------------------------------------
Wait time: 600.0 Processing files: Z:\Lab Data\Qudit_Ramsey_raw_data\Raw_data_copied\2026\2026_04\2026_04_28\qudit_ramsey_scan_bused_1000
Threshold recalculated using histogram: 10.5
(6, 100, 2)
10.5
Warning: Expected at least 3 columns in the data for shelving detection.
[98, 100, 97, 99, 98, 100]
-------------------------------------------------------------------------
Wait time: 600.0 Processing files: Z:\Lab Data\Qudit_Ramsey_raw_data\Raw_data_copied\2026\2026_05\2026_05_01\qudit_ramsey_scan_bused_891
Threshold recalculated using histogram: 10.5
(6, 100, 2)
10.5
Warning: Expected at least 3 columns in the data for shelving detection.
[95, 96, 91, 92, 92, 88]
-------------------------------------------------------------------------
Wait time: 600.0 Processing files: Z:\Lab Data\Qudit_Ramsey_raw_data\Raw_data_copied\2026\2026_05\2026_05_01\qudit_ramsey_scan_bused_1502
Threshold recalculated using histogram: 10.5
(6, 100, 2)
10.5
Warning: Expected at least 3 columns in the data for shelving detection.
[93, 94, 94, 98, 93, 95]
-------------------------------------------------------------------------
Wait time: 800.0 Processing files: Z:\Lab Data\Qudit_Ramsey_raw_data\Raw_data_copied\2026\2026_04\2026_04_27\qudit_ramsey_scan_bused_1415
Threshold recalculated using histogram: 11.5
(6, 100, 2)
11.5
Warning: Expected at least 3 columns in the data for shelving detection.
[98, 96, 97, 96, 99, 94]
-------------------------------------------------------------------------
Wait time: 800.0 Processing files: Z:\Lab Data\Qudit_Ramsey_raw_data\Raw_data_copied\2026\2026_04\2026_04_27\qudit_ramsey_scan_bused_2029
Threshold recalculated using histogram: 9.5
(6, 100, 2)
9.5
Warning: Expected at least 3 columns in the data for shelving detection.
[96, 95, 96, 98, 100, 99]
-------------------------------------------------------------------------
Wait time: 800.0 Processing files: Z:\Lab Data\Qudit_Ramsey_raw_data\Raw_data_copied\2026\2026_04\2026_04_27\qudit_ramsey_scan_bused_2624
Threshold recalculated using histogram: 11.5
(6, 100, 2)
11.5
Warning: Expected at least 3 columns in the data for shelving detection.
[98, 98, 99, 99, 100, 98]
-------------------------------------------------------------------------
Wait time: 800.0 Processing files: Z:\Lab Data\Qudit_Ramsey_raw_data\Raw_data_copied\2026\2026_04\2026_04_28\qudit_ramsey_scan_bused_1014
Threshold recalculated using histogram: 11.5
(6, 100, 2)
11.5
Warning: Expected at least 3 columns in the data for shelving detection.
[98, 99, 99, 98, 100, 99]
-------------------------------------------------------------------------
Wait time: 800.0 Processing files: Z:\Lab Data\Qudit_Ramsey_raw_data\Raw_data_copied\2026\2026_05\2026_05_01\qudit_ramsey_scan_bused_905
Threshold recalculated using histogram: 12.5
(6, 100, 2)
12.5
Warning: Expected at least 3 columns in the data for shelving detection.
[91, 93, 94, 94, 95, 97]
-------------------------------------------------------------------------
Wait time: 800.0 Processing files: Z:\Lab Data\Qudit_Ramsey_raw_data\Raw_data_copied\2026\2026_05\2026_05_01\qudit_ramsey_scan_bused_1516
Threshold recalculated using histogram: 10.5
(6, 100, 2)
10.5
Warning: Expected at least 3 columns in the data for shelving detection.
[95, 97, 98, 96, 90, 92]
-------------------------------------------------------------------------
Wait time: 1000.0 Processing files: Z:\Lab Data\Qudit_Ramsey_raw_data\Raw_data_copied\2026\2026_04\2026_04_27\qudit_ramsey_scan_bused_1429
Threshold recalculated using histogram: 13.5
(6, 100, 2)
13.5
Warning: Expected at least 3 columns in the data for shelving detection.
[100, 96, 93, 91, 96, 88]
-------------------------------------------------------------------------
Wait time: 1000.0 Processing files: Z:\Lab Data\Qudit_Ramsey_raw_data\Raw_data_copied\2026\2026_04\2026_04_27\qudit_ramsey_scan_bused_2043
Threshold recalculated using histogram: 11.5
(6, 100, 2)
11.5
Warning: Expected at least 3 columns in the data for shelving detection.
[99, 98, 96, 99, 96, 92]
-------------------------------------------------------------------------
Wait time: 1000.0 Processing files: Z:\Lab Data\Qudit_Ramsey_raw_data\Raw_data_copied\2026\2026_04\2026_04_27\qudit_ramsey_scan_bused_2640
Threshold recalculated using histogram: 12.5
(6, 100, 2)
12.5
Warning: Expected at least 3 columns in the data for shelving detection.
[100, 100, 99, 100, 99, 96]
-------------------------------------------------------------------------
Wait time: 1000.0 Processing files: Z:\Lab Data\Qudit_Ramsey_raw_data\Raw_data_copied\2026\2026_04\2026_04_28\qudit_ramsey_scan_bused_1028
Threshold recalculated using histogram: 9.5
(6, 100, 2)
9.5
Warning: Expected at least 3 columns in the data for shelving detection.
[100, 99, 99, 99, 100, 99]
-------------------------------------------------------------------------
Wait time: 1000.0 Processing files: Z:\Lab Data\Qudit_Ramsey_raw_data\Raw_data_copied\2026\2026_05\2026_05_01\qudit_ramsey_scan_bused_919
Threshold recalculated using histogram: 13.5
(6, 100, 2)
13.5
Warning: Expected at least 3 columns in the data for shelving detection.
[97, 97, 93, 99, 94, 93]
-------------------------------------------------------------------------
Wait time: 1000.0 Processing files: Z:\Lab Data\Qudit_Ramsey_raw_data\Raw_data_copied\2026\2026_05\2026_05_01\qudit_ramsey_scan_bused_1530
Threshold recalculated using histogram: 10.5
(6, 100, 2)
10.5
Warning: Expected at least 3 columns in the data for shelving detection.
[94, 92, 95, 94, 93, 94]
-------------------------------------------------------------------------
Wait time: 1200.0 Processing files: Z:\Lab Data\Qudit_Ramsey_raw_data\Raw_data_copied\2026\2026_04\2026_04_27\qudit_ramsey_scan_bused_1443
Threshold recalculated using histogram: 12.5
(6, 100, 2)
12.5
Warning: Expected at least 3 columns in the data for shelving detection.
[97, 93, 90, 98, 98, 97]
-------------------------------------------------------------------------
Wait time: 1200.0 Processing files: Z:\Lab Data\Qudit_Ramsey_raw_data\Raw_data_copied\2026\2026_04\2026_04_27\qudit_ramsey_scan_bused_2057
Threshold recalculated using histogram: 10.5
(6, 100, 2)
10.5
Warning: Expected at least 3 columns in the data for shelving detection.
[98, 94, 97, 90, 97, 96]
-------------------------------------------------------------------------
Wait time: 1200.0 Processing files: Z:\Lab Data\Qudit_Ramsey_raw_data\Raw_data_copied\2026\2026_04\2026_04_27\qudit_ramsey_scan_bused_2654
Threshold recalculated using histogram: 11.5
(6, 100, 2)
11.5
Warning: Expected at least 3 columns in the data for shelving detection.
[98, 97, 99, 99, 99, 98]
-------------------------------------------------------------------------
Wait time: 1200.0 Processing files: Z:\Lab Data\Qudit_Ramsey_raw_data\Raw_data_copied\2026\2026_04\2026_04_28\qudit_ramsey_scan_bused_1042
Threshold recalculated using histogram: 10.5
(6, 100, 2)
10.5
Warning: Expected at least 3 columns in the data for shelving detection.
[99, 97, 100, 100, 100, 99]
-------------------------------------------------------------------------
Wait time: 1200.0 Processing files: Z:\Lab Data\Qudit_Ramsey_raw_data\Raw_data_copied\2026\2026_05\2026_05_01\qudit_ramsey_scan_bused_933
Threshold recalculated using histogram: 10.5
(6, 100, 2)
10.5
Warning: Expected at least 3 columns in the data for shelving detection.
[98, 95, 99, 93, 97, 95]
-------------------------------------------------------------------------
Wait time: 1200.0 Processing files: Z:\Lab Data\Qudit_Ramsey_raw_data\Raw_data_copied\2026\2026_05\2026_05_01\qudit_ramsey_scan_bused_1544
Threshold recalculated using histogram: 10.5
(6, 100, 2)
10.5
Warning: Expected at least 3 columns in the data for shelving detection.
[97, 97, 96, 96, 94, 96]
-------------------------------------------------------------------------
Wait time: 1400.0 Processing files: Z:\Lab Data\Qudit_Ramsey_raw_data\Raw_data_copied\2026\2026_04\2026_04_27\qudit_ramsey_scan_bused_1457
Threshold recalculated using histogram: 11.5
(6, 100, 2)
11.5
Warning: Expected at least 3 columns in the data for shelving detection.
[95, 95, 96, 98, 99, 98]
-------------------------------------------------------------------------
Wait time: 1400.0 Processing files: Z:\Lab Data\Qudit_Ramsey_raw_data\Raw_data_copied\2026\2026_04\2026_04_27\qudit_ramsey_scan_bused_2071
Threshold recalculated using histogram: 10.5
(6, 100, 2)
10.5
Warning: Expected at least 3 columns in the data for shelving detection.
[100, 97, 100, 95, 97, 87]
-------------------------------------------------------------------------
Wait time: 1400.0 Processing files: Z:\Lab Data\Qudit_Ramsey_raw_data\Raw_data_copied\2026\2026_04\2026_04_27\qudit_ramsey_scan_bused_2682
Threshold recalculated using histogram: 11.5
(6, 100, 2)
11.5
Warning: Expected at least 3 columns in the data for shelving detection.
[95, 92, 91, 91, 94, 100]
-------------------------------------------------------------------------
Wait time: 1400.0 Processing files: Z:\Lab Data\Qudit_Ramsey_raw_data\Raw_data_copied\2026\2026_04\2026_04_27\qudit_ramsey_scan_bused_2785
Threshold recalculated using histogram: 11.5
(6, 100, 2)
11.5
Warning: Expected at least 3 columns in the data for shelving detection.
[91, 96, 99, 98, 96, 97]
-------------------------------------------------------------------------
Wait time: 1400.0 Processing files: Z:\Lab Data\Qudit_Ramsey_raw_data\Raw_data_copied\2026\2026_04\2026_04_28\qudit_ramsey_scan_bused_058
Threshold recalculated using histogram: 9.5
(6, 100, 2)
9.5
Warning: Expected at least 3 columns in the data for shelving detection.
[99, 99, 100, 100, 100, 100]
-------------------------------------------------------------------------
Wait time: 1400.0 Processing files: Z:\Lab Data\Qudit_Ramsey_raw_data\Raw_data_copied\2026\2026_04\2026_04_28\qudit_ramsey_scan_bused_455
Threshold recalculated using histogram: 10.5
(6, 100, 2)
10.5
Warning: Expected at least 3 columns in the data for shelving detection.
[98, 98, 93, 97, 97, 96]
-------------------------------------------------------------------------
Wait time: 1400.0 Processing files: Z:\Lab Data\Qudit_Ramsey_raw_data\Raw_data_copied\2026\2026_04\2026_04_28\qudit_ramsey_scan_bused_1056
Threshold recalculated using histogram: 9.5
(6, 100, 2)
9.5
Warning: Expected at least 3 columns in the data for shelving detection.
[99, 100, 99, 100, 99, 99]
-------------------------------------------------------------------------
Wait time: 1400.0 Processing files: Z:\Lab Data\Qudit_Ramsey_raw_data\Raw_data_copied\2026\2026_05\2026_05_01\qudit_ramsey_scan_bused_947
Threshold recalculated using histogram: 11.5
(6, 100, 2)
11.5
Warning: Expected at least 3 columns in the data for shelving detection.
[96, 100, 98, 96, 98, 97]
-------------------------------------------------------------------------
Wait time: 1400.0 Processing files: Z:\Lab Data\Qudit_Ramsey_raw_data\Raw_data_copied\2026\2026_05\2026_05_01\qudit_ramsey_scan_bused_1558
Threshold recalculated using histogram: 11.5
(6, 100, 2)
11.5
Warning: Expected at least 3 columns in the data for shelving detection.
[93, 95, 96, 95, 95, 97]
-------------------------------------------------------------------------
Wait time: 1600.0 Processing files: Z:\Lab Data\Qudit_Ramsey_raw_data\Raw_data_copied\2026\2026_04\2026_04_27\qudit_ramsey_scan_bused_1471
Threshold recalculated using histogram: 10.5
(6, 100, 2)
10.5
Warning: Expected at least 3 columns in the data for shelving detection.
[99, 98, 100, 97, 97, 99]
-------------------------------------------------------------------------
Wait time: 1600.0 Processing files: Z:\Lab Data\Qudit_Ramsey_raw_data\Raw_data_copied\2026\2026_04\2026_04_27\qudit_ramsey_scan_bused_2085
Threshold recalculated using histogram: 10.5
(6, 100, 2)
10.5
Warning: Expected at least 3 columns in the data for shelving detection.
[95, 99, 99, 100, 95, 97]
-------------------------------------------------------------------------
Wait time: 1600.0 Processing files: Z:\Lab Data\Qudit_Ramsey_raw_data\Raw_data_copied\2026\2026_04\2026_04_27\qudit_ramsey_scan_bused_2696
Threshold recalculated using histogram: 10.5
(6, 100, 2)
10.5
Warning: Expected at least 3 columns in the data for shelving detection.
[96, 96, 100, 99, 96, 100]
-------------------------------------------------------------------------
Wait time: 1600.0 Processing files: Z:\Lab Data\Qudit_Ramsey_raw_data\Raw_data_copied\2026\2026_04\2026_04_27\qudit_ramsey_scan_bused_2799
Threshold recalculated using histogram: 10.5
(6, 100, 2)
10.5
Warning: Expected at least 3 columns in the data for shelving detection.
[100, 97, 95, 98, 100, 99]
-------------------------------------------------------------------------
Wait time: 1600.0 Processing files: Z:\Lab Data\Qudit_Ramsey_raw_data\Raw_data_copied\2026\2026_04\2026_04_28\qudit_ramsey_scan_bused_072
Threshold recalculated using histogram: 10.5
(6, 100, 2)
10.5
Warning: Expected at least 3 columns in the data for shelving detection.
[100, 99, 100, 99, 100, 98]
-------------------------------------------------------------------------
Wait time: 1600.0 Processing files: Z:\Lab Data\Qudit_Ramsey_raw_data\Raw_data_copied\2026\2026_04\2026_04_28\qudit_ramsey_scan_bused_469
Threshold recalculated using histogram: 8.5
(6, 100, 2)
8.5
Warning: Expected at least 3 columns in the data for shelving detection.
[98, 98, 99, 96, 98, 97]
-------------------------------------------------------------------------
Wait time: 1600.0 Processing files: Z:\Lab Data\Qudit_Ramsey_raw_data\Raw_data_copied\2026\2026_04\2026_04_28\qudit_ramsey_scan_bused_1070
Threshold recalculated using histogram: 9.5
(6, 100, 2)
9.5
Warning: Expected at least 3 columns in the data for shelving detection.
[99, 99, 99, 100, 100, 72]
-------------------------------------------------------------------------
Wait time: 1600.0 Processing files: Z:\Lab Data\Qudit_Ramsey_raw_data\Raw_data_copied\2026\2026_05\2026_05_01\qudit_ramsey_scan_bused_961
Threshold recalculated using histogram: 9.5
(6, 100, 2)
9.5
Warning: Expected at least 3 columns in the data for shelving detection.
[96, 92, 98, 95, 97, 97]
-------------------------------------------------------------------------
Wait time: 1600.0 Processing files: Z:\Lab Data\Qudit_Ramsey_raw_data\Raw_data_copied\2026\2026_05\2026_05_01\qudit_ramsey_scan_bused_1572
Threshold recalculated using histogram: 10.5
(6, 100, 2)
10.5
Warning: Expected at least 3 columns in the data for shelving detection.
[95, 98, 94, 95, 93, 99]
-------------------------------------------------------------------------
Wait time: 1800.0 Processing files: Z:\Lab Data\Qudit_Ramsey_raw_data\Raw_data_copied\2026\2026_04\2026_04_27\qudit_ramsey_scan_bused_1485
Threshold recalculated using histogram: 11.5
(6, 100, 2)
11.5
Warning: Expected at least 3 columns in the data for shelving detection.
[98, 100, 99, 100, 98, 98]
-------------------------------------------------------------------------
Wait time: 1800.0 Processing files: Z:\Lab Data\Qudit_Ramsey_raw_data\Raw_data_copied\2026\2026_04\2026_04_27\qudit_ramsey_scan_bused_2102
Threshold recalculated using histogram: 11.5
(6, 100, 2)
11.5
Warning: Expected at least 3 columns in the data for shelving detection.
[94, 98, 96, 98, 98, 100]
-------------------------------------------------------------------------
Wait time: 1800.0 Processing files: Z:\Lab Data\Qudit_Ramsey_raw_data\Raw_data_copied\2026\2026_04\2026_04_27\qudit_ramsey_scan_bused_2710
Threshold recalculated using histogram: 11.5
(6, 100, 2)
11.5
Warning: Expected at least 3 columns in the data for shelving detection.
[99, 100, 98, 100, 98, 99]
-------------------------------------------------------------------------
Wait time: 1800.0 Processing files: Z:\Lab Data\Qudit_Ramsey_raw_data\Raw_data_copied\2026\2026_04\2026_04_27\qudit_ramsey_scan_bused_2815
Threshold recalculated using histogram: 11.5
(6, 100, 2)
11.5
Warning: Expected at least 3 columns in the data for shelving detection.
[93, 90, 94, 96, 97, 99]
-------------------------------------------------------------------------
Wait time: 1800.0 Processing files: Z:\Lab Data\Qudit_Ramsey_raw_data\Raw_data_copied\2026\2026_04\2026_04_28\qudit_ramsey_scan_bused_086
Threshold recalculated using histogram: 10.5
(6, 100, 2)
10.5
Warning: Expected at least 3 columns in the data for shelving detection.
[100, 99, 100, 100, 100, 99]
-------------------------------------------------------------------------
Wait time: 1800.0 Processing files: Z:\Lab Data\Qudit_Ramsey_raw_data\Raw_data_copied\2026\2026_04\2026_04_28\qudit_ramsey_scan_bused_483
Threshold recalculated using histogram: 11.5
(6, 100, 2)
11.5
Warning: Expected at least 3 columns in the data for shelving detection.
[96, 99, 100, 99, 99, 98]
-------------------------------------------------------------------------
Wait time: 1800.0 Processing files: Z:\Lab Data\Qudit_Ramsey_raw_data\Raw_data_copied\2026\2026_04\2026_04_28\qudit_ramsey_scan_bused_1090
Threshold recalculated using histogram: 10.5
(6, 100, 2)
10.5
Warning: Expected at least 3 columns in the data for shelving detection.
[95, 92, 93, 96, 96, 89]
-------------------------------------------------------------------------
Wait time: 1800.0 Processing files: Z:\Lab Data\Qudit_Ramsey_raw_data\Raw_data_copied\2026\2026_05\2026_05_01\qudit_ramsey_scan_bused_978
Threshold recalculated using histogram: 10.5
(6, 100, 2)
10.5
Warning: Expected at least 3 columns in the data for shelving detection.
[100, 100, 95, 96, 95, 94]
-------------------------------------------------------------------------
Wait time: 1800.0 Processing files: Z:\Lab Data\Qudit_Ramsey_raw_data\Raw_data_copied\2026\2026_05\2026_05_01\qudit_ramsey_scan_bused_1586
Threshold recalculated using histogram: 10.5
(6, 100, 2)
10.5
Warning: Expected at least 3 columns in the data for shelving detection.
[96, 98, 95, 93, 95, 95]
-------------------------------------------------------------------------
Wait time: 2000.0 Processing files: Z:\Lab Data\Qudit_Ramsey_raw_data\Raw_data_copied\2026\2026_04\2026_04_27\qudit_ramsey_scan_bused_1499
Threshold recalculated using histogram: 9.5
(6, 100, 2)
9.5
Warning: Expected at least 3 columns in the data for shelving detection.
[99, 99, 96, 98, 94, 97]
-------------------------------------------------------------------------
Wait time: 2000.0 Processing files: Z:\Lab Data\Qudit_Ramsey_raw_data\Raw_data_copied\2026\2026_04\2026_04_27\qudit_ramsey_scan_bused_2116
Threshold recalculated using histogram: 11.5
(6, 100, 2)
11.5
Warning: Expected at least 3 columns in the data for shelving detection.
[96, 99, 98, 98, 99, 99]
-------------------------------------------------------------------------
Wait time: 2000.0 Processing files: Z:\Lab Data\Qudit_Ramsey_raw_data\Raw_data_copied\2026\2026_04\2026_04_27\qudit_ramsey_scan_bused_2724
Threshold recalculated using histogram: 7.5
(6, 100, 2)
7.5
Warning: Expected at least 3 columns in the data for shelving detection.
[0, 0, 2, 0, 1, 0]
-------------------------------------------------------------------------
Wait time: 2000.0 Processing files: Z:\Lab Data\Qudit_Ramsey_raw_data\Raw_data_copied\2026\2026_04\2026_04_27\qudit_ramsey_scan_bused_2831
Threshold recalculated using histogram: 10.5
(6, 100, 2)
10.5
Warning: Expected at least 3 columns in the data for shelving detection.
[86, 91, 89, 92, 91, 86]
-------------------------------------------------------------------------
Wait time: 2000.0 Processing files: Z:\Lab Data\Qudit_Ramsey_raw_data\Raw_data_copied\2026\2026_04\2026_04_28\qudit_ramsey_scan_bused_103
Threshold recalculated using histogram: 9.5
(6, 100, 2)
9.5
Warning: Expected at least 3 columns in the data for shelving detection.
[97, 100, 100, 99, 100, 99]
-------------------------------------------------------------------------
Wait time: 2000.0 Processing files: Z:\Lab Data\Qudit_Ramsey_raw_data\Raw_data_copied\2026\2026_04\2026_04_28\qudit_ramsey_scan_bused_497
Threshold recalculated using histogram: 10.5
(6, 100, 2)
10.5
Warning: Expected at least 3 columns in the data for shelving detection.
[98, 98, 98, 99, 99, 99]
-------------------------------------------------------------------------
Wait time: 2000.0 Processing files: Z:\Lab Data\Qudit_Ramsey_raw_data\Raw_data_copied\2026\2026_04\2026_04_28\qudit_ramsey_scan_bused_1104
Threshold recalculated using histogram: 10.5
(6, 100, 2)
10.5
Warning: Expected at least 3 columns in the data for shelving detection.
[98, 97, 97, 94, 96, 92]
-------------------------------------------------------------------------
Wait time: 2000.0 Processing files: Z:\Lab Data\Qudit_Ramsey_raw_data\Raw_data_copied\2026\2026_05\2026_05_01\qudit_ramsey_scan_bused_992
Threshold recalculated using histogram: 10.5
(6, 100, 2)
10.5
Warning: Expected at least 3 columns in the data for shelving detection.
[100, 94, 96, 97, 94, 98]
-------------------------------------------------------------------------
Wait time: 2000.0 Processing files: Z:\Lab Data\Qudit_Ramsey_raw_data\Raw_data_copied\2026\2026_05\2026_05_01\qudit_ramsey_scan_bused_1602
Threshold recalculated using histogram: 11.5
(6, 100, 2)
11.5
Warning: Expected at least 3 columns in the data for shelving detection.
[95, 100, 94, 96, 99, 97]
-------------------------------------------------------------------------
Wait time: 2200.0 Processing files: Z:\Lab Data\Qudit_Ramsey_raw_data\Raw_data_copied\2026\2026_04\2026_04_27\qudit_ramsey_scan_bused_1513
Threshold recalculated using histogram: 10.5
(6, 100, 2)
10.5
Warning: Expected at least 3 columns in the data for shelving detection.
[96, 96, 100, 97, 100, 95]
-------------------------------------------------------------------------
Wait time: 2200.0 Processing files: Z:\Lab Data\Qudit_Ramsey_raw_data\Raw_data_copied\2026\2026_04\2026_04_27\qudit_ramsey_scan_bused_2130
Threshold recalculated using histogram: 11.5
(6, 100, 2)
11.5
Warning: Expected at least 3 columns in the data for shelving detection.
[98, 98, 100, 99, 99, 98]
-------------------------------------------------------------------------
Wait time: 2200.0 Processing files: Z:\Lab Data\Qudit_Ramsey_raw_data\Raw_data_copied\2026\2026_04\2026_04_27\qudit_ramsey_scan_bused_2845
Threshold recalculated using histogram: 10.5
(6, 100, 2)
10.5
Warning: Expected at least 3 columns in the data for shelving detection.
[94, 95, 96, 99, 95, 98]
-------------------------------------------------------------------------
Wait time: 2200.0 Processing files: Z:\Lab Data\Qudit_Ramsey_raw_data\Raw_data_copied\2026\2026_04\2026_04_28\qudit_ramsey_scan_bused_117
Threshold recalculated using histogram: 11.5
(6, 100, 2)
11.5
Warning: Expected at least 3 columns in the data for shelving detection.
[99, 100, 100, 100, 100, 100]
-------------------------------------------------------------------------
Wait time: 2200.0 Processing files: Z:\Lab Data\Qudit_Ramsey_raw_data\Raw_data_copied\2026\2026_04\2026_04_28\qudit_ramsey_scan_bused_511
Threshold recalculated using histogram: 9.5
(6, 100, 2)
9.5
Warning: Expected at least 3 columns in the data for shelving detection.
[99, 98, 99, 99, 100, 99]
-------------------------------------------------------------------------
Wait time: 2200.0 Processing files: Z:\Lab Data\Qudit_Ramsey_raw_data\Raw_data_copied\2026\2026_04\2026_04_28\qudit_ramsey_scan_bused_1118
Threshold recalculated using histogram: 10.5
(6, 100, 2)
10.5
Warning: Expected at least 3 columns in the data for shelving detection.
[96, 98, 99, 95, 99, 97]
-------------------------------------------------------------------------
Wait time: 2200.0 Processing files: Z:\Lab Data\Qudit_Ramsey_raw_data\Raw_data_copied\2026\2026_05\2026_05_01\qudit_ramsey_scan_bused_1006
Threshold recalculated using histogram: 10.5
(6, 100, 2)
10.5
Warning: Expected at least 3 columns in the data for shelving detection.
[96, 98, 97, 99, 99, 98]
-------------------------------------------------------------------------
Wait time: 2200.0 Processing files: Z:\Lab Data\Qudit_Ramsey_raw_data\Raw_data_copied\2026\2026_05\2026_05_01\qudit_ramsey_scan_bused_1616
Threshold recalculated using histogram: 9.5
(6, 100, 2)
9.5
Warning: Expected at least 3 columns in the data for shelving detection.
[96, 95, 96, 93, 98, 95]
-------------------------------------------------------------------------
Wait time: 2400.0 Processing files: Z:\Lab Data\Qudit_Ramsey_raw_data\Raw_data_copied\2026\2026_04\2026_04_27\qudit_ramsey_scan_bused_1527
Threshold recalculated using histogram: 10.5
(6, 100, 2)
10.5
Warning: Expected at least 3 columns in the data for shelving detection.
[100, 96, 97, 98, 98, 95]
-------------------------------------------------------------------------
Wait time: 2400.0 Processing files: Z:\Lab Data\Qudit_Ramsey_raw_data\Raw_data_copied\2026\2026_04\2026_04_27\qudit_ramsey_scan_bused_2144
Threshold recalculated using histogram: 10.5
(6, 100, 2)
10.5
Warning: Expected at least 3 columns in the data for shelving detection.
[98, 99, 97, 96, 95, 100]
-------------------------------------------------------------------------
Wait time: 2400.0 Processing files: Z:\Lab Data\Qudit_Ramsey_raw_data\Raw_data_copied\2026\2026_04\2026_04_27\qudit_ramsey_scan_bused_2859
Threshold recalculated using histogram: 10.5
(6, 100, 2)
10.5
Warning: Expected at least 3 columns in the data for shelving detection.
[97, 96, 97, 93, 92, 99]
-------------------------------------------------------------------------
Wait time: 2400.0 Processing files: Z:\Lab Data\Qudit_Ramsey_raw_data\Raw_data_copied\2026\2026_04\2026_04_28\qudit_ramsey_scan_bused_131
Threshold recalculated using histogram: 10.5
(6, 100, 2)
10.5
Warning: Expected at least 3 columns in the data for shelving detection.
[99, 98, 97, 98, 98, 100]
-------------------------------------------------------------------------
Wait time: 2400.0 Processing files: Z:\Lab Data\Qudit_Ramsey_raw_data\Raw_data_copied\2026\2026_04\2026_04_28\qudit_ramsey_scan_bused_525
Threshold recalculated using histogram: 9.5
(6, 100, 2)
9.5
Warning: Expected at least 3 columns in the data for shelving detection.
[100, 100, 99, 97, 98, 99]
-------------------------------------------------------------------------
Wait time: 2400.0 Processing files: Z:\Lab Data\Qudit_Ramsey_raw_data\Raw_data_copied\2026\2026_04\2026_04_28\qudit_ramsey_scan_bused_1132
Threshold recalculated using histogram: 8.5
(6, 100, 2)
8.5
Warning: Expected at least 3 columns in the data for shelving detection.
[96, 98, 99, 98, 97, 98]
-------------------------------------------------------------------------
Wait time: 2400.0 Processing files: Z:\Lab Data\Qudit_Ramsey_raw_data\Raw_data_copied\2026\2026_05\2026_05_01\qudit_ramsey_scan_bused_1020
Threshold recalculated using histogram: 11.5
(6, 100, 2)
11.5
Warning: Expected at least 3 columns in the data for shelving detection.
[98, 99, 98, 95, 97, 97]
-------------------------------------------------------------------------
Wait time: 2400.0 Processing files: Z:\Lab Data\Qudit_Ramsey_raw_data\Raw_data_copied\2026\2026_05\2026_05_01\qudit_ramsey_scan_bused_1630
Threshold recalculated using histogram: 10.5
(6, 100, 2)
10.5
Warning: Expected at least 3 columns in the data for shelving detection.
[95, 97, 97, 100, 97, 99]
-------------------------------------------------------------------------
Wait time: 2600.0 Processing files: Z:\Lab Data\Qudit_Ramsey_raw_data\Raw_data_copied\2026\2026_04\2026_04_27\qudit_ramsey_scan_bused_1541
Threshold recalculated using histogram: 9.5
(6, 100, 2)
9.5
Warning: Expected at least 3 columns in the data for shelving detection.
[96, 98, 100, 97, 97, 98]
-------------------------------------------------------------------------
Wait time: 2600.0 Processing files: Z:\Lab Data\Qudit_Ramsey_raw_data\Raw_data_copied\2026\2026_04\2026_04_27\qudit_ramsey_scan_bused_2158
Threshold recalculated using histogram: 11.5
(6, 100, 2)
11.5
Warning: Expected at least 3 columns in the data for shelving detection.
[98, 98, 99, 100, 95, 99]
-------------------------------------------------------------------------
Wait time: 2600.0 Processing files: Z:\Lab Data\Qudit_Ramsey_raw_data\Raw_data_copied\2026\2026_04\2026_04_27\qudit_ramsey_scan_bused_2873
Threshold recalculated using histogram: 11.5
(6, 100, 2)
11.5
Warning: Expected at least 3 columns in the data for shelving detection.
[96, 96, 99, 99, 99, 95]
-------------------------------------------------------------------------
Wait time: 2600.0 Processing files: Z:\Lab Data\Qudit_Ramsey_raw_data\Raw_data_copied\2026\2026_04\2026_04_28\qudit_ramsey_scan_bused_145
Threshold recalculated using histogram: 9.5
(6, 100, 2)
9.5
Warning: Expected at least 3 columns in the data for shelving detection.
[98, 100, 100, 99, 100, 99]
-------------------------------------------------------------------------
Wait time: 2600.0 Processing files: Z:\Lab Data\Qudit_Ramsey_raw_data\Raw_data_copied\2026\2026_04\2026_04_28\qudit_ramsey_scan_bused_542
Threshold recalculated using histogram: 10.5
(6, 100, 2)
10.5
Warning: Expected at least 3 columns in the data for shelving detection.
[100, 99, 99, 99, 100, 100]
-------------------------------------------------------------------------
Wait time: 2600.0 Processing files: Z:\Lab Data\Qudit_Ramsey_raw_data\Raw_data_copied\2026\2026_04\2026_04_28\qudit_ramsey_scan_bused_1146
Threshold recalculated using histogram: 9.5
(6, 100, 2)
9.5
Warning: Expected at least 3 columns in the data for shelving detection.
[98, 100, 99, 99, 96, 96]
-------------------------------------------------------------------------
Wait time: 2600.0 Processing files: Z:\Lab Data\Qudit_Ramsey_raw_data\Raw_data_copied\2026\2026_05\2026_05_01\qudit_ramsey_scan_bused_1034
Threshold recalculated using histogram: 10.5
(6, 100, 2)
10.5
Warning: Expected at least 3 columns in the data for shelving detection.
[98, 98, 97, 98, 96, 100]
-------------------------------------------------------------------------
Wait time: 2600.0 Processing files: Z:\Lab Data\Qudit_Ramsey_raw_data\Raw_data_copied\2026\2026_05\2026_05_01\qudit_ramsey_scan_bused_1644
Threshold recalculated using histogram: 11.5
(6, 100, 2)
11.5
Warning: Expected at least 3 columns in the data for shelving detection.
[96, 96, 95, 97, 98, 100]
-------------------------------------------------------------------------
Wait time: 2800.0 Processing files: Z:\Lab Data\Qudit_Ramsey_raw_data\Raw_data_copied\2026\2026_04\2026_04_27\qudit_ramsey_scan_bused_1555
Threshold recalculated using histogram: 11.5
(6, 100, 2)
11.5
Warning: Expected at least 3 columns in the data for shelving detection.
[96, 97, 99, 97, 98, 94]
-------------------------------------------------------------------------
Wait time: 2800.0 Processing files: Z:\Lab Data\Qudit_Ramsey_raw_data\Raw_data_copied\2026\2026_04\2026_04_27\qudit_ramsey_scan_bused_2172
Threshold recalculated using histogram: 10.5
(6, 100, 2)
10.5
Warning: Expected at least 3 columns in the data for shelving detection.
[98, 97, 99, 95, 99, 97]
-------------------------------------------------------------------------
Wait time: 2800.0 Processing files: Z:\Lab Data\Qudit_Ramsey_raw_data\Raw_data_copied\2026\2026_04\2026_04_27\qudit_ramsey_scan_bused_2887
Threshold recalculated using histogram: 11.5
(6, 100, 2)
11.5
Warning: Expected at least 3 columns in the data for shelving detection.
[99, 96, 98, 97, 97, 98]
-------------------------------------------------------------------------
Wait time: 2800.0 Processing files: Z:\Lab Data\Qudit_Ramsey_raw_data\Raw_data_copied\2026\2026_04\2026_04_28\qudit_ramsey_scan_bused_159
Threshold recalculated using histogram: 11.5
(6, 100, 2)
11.5
Warning: Expected at least 3 columns in the data for shelving detection.
[99, 98, 99, 99, 97, 100]
-------------------------------------------------------------------------
Wait time: 2800.0 Processing files: Z:\Lab Data\Qudit_Ramsey_raw_data\Raw_data_copied\2026\2026_04\2026_04_28\qudit_ramsey_scan_bused_556
Threshold recalculated using histogram: 11.5
(6, 100, 2)
11.5
Warning: Expected at least 3 columns in the data for shelving detection.
[98, 98, 100, 100, 100, 100]
-------------------------------------------------------------------------
Wait time: 2800.0 Processing files: Z:\Lab Data\Qudit_Ramsey_raw_data\Raw_data_copied\2026\2026_04\2026_04_28\qudit_ramsey_scan_bused_1160
Threshold recalculated using histogram: 10.5
(6, 100, 2)
10.5
Warning: Expected at least 3 columns in the data for shelving detection.
[99, 97, 99, 96, 100, 98]
-------------------------------------------------------------------------
Wait time: 2800.0 Processing files: Z:\Lab Data\Qudit_Ramsey_raw_data\Raw_data_copied\2026\2026_05\2026_05_01\qudit_ramsey_scan_bused_1048
Threshold recalculated using histogram: 10.5
(6, 100, 2)
10.5
Warning: Expected at least 3 columns in the data for shelving detection.
[98, 100, 97, 98, 98, 95]
-------------------------------------------------------------------------
Wait time: 2800.0 Processing files: Z:\Lab Data\Qudit_Ramsey_raw_data\Raw_data_copied\2026\2026_05\2026_05_01\qudit_ramsey_scan_bused_1658
Threshold recalculated using histogram: 10.5
(6, 100, 2)
10.5
Warning: Expected at least 3 columns in the data for shelving detection.
[98, 95, 96, 96, 97, 99]
-------------------------------------------------------------------------
Wait time: 3000.0 Processing files: Z:\Lab Data\Qudit_Ramsey_raw_data\Raw_data_copied\2026\2026_04\2026_04_27\qudit_ramsey_scan_bused_1569
Threshold recalculated using histogram: 11.5
(6, 100, 2)
11.5
Warning: Expected at least 3 columns in the data for shelving detection.
[98, 94, 93, 94, 99, 94]
-------------------------------------------------------------------------
Wait time: 3000.0 Processing files: Z:\Lab Data\Qudit_Ramsey_raw_data\Raw_data_copied\2026\2026_04\2026_04_27\qudit_ramsey_scan_bused_2186
Threshold recalculated using histogram: 10.5
(6, 100, 2)
10.5
Warning: Expected at least 3 columns in the data for shelving detection.
[96, 97, 96, 98, 97, 96]
-------------------------------------------------------------------------
Wait time: 3000.0 Processing files: Z:\Lab Data\Qudit_Ramsey_raw_data\Raw_data_copied\2026\2026_04\2026_04_27\qudit_ramsey_scan_bused_2901
Threshold recalculated using histogram: 10.5
(6, 100, 2)
10.5
Warning: Expected at least 3 columns in the data for shelving detection.
[97, 98, 99, 99, 97, 100]
-------------------------------------------------------------------------
Wait time: 3000.0 Processing files: Z:\Lab Data\Qudit_Ramsey_raw_data\Raw_data_copied\2026\2026_04\2026_04_28\qudit_ramsey_scan_bused_173
Threshold recalculated using histogram: 9.5
(6, 100, 2)
9.5
Warning: Expected at least 3 columns in the data for shelving detection.
[98, 99, 100, 100, 97, 99]
-------------------------------------------------------------------------
Wait time: 3000.0 Processing files: Z:\Lab Data\Qudit_Ramsey_raw_data\Raw_data_copied\2026\2026_04\2026_04_28\qudit_ramsey_scan_bused_570
Threshold recalculated using histogram: 11.5
(6, 100, 2)
11.5
Warning: Expected at least 3 columns in the data for shelving detection.
[97, 99, 99, 100, 100, 98]
-------------------------------------------------------------------------
Wait time: 3000.0 Processing files: Z:\Lab Data\Qudit_Ramsey_raw_data\Raw_data_copied\2026\2026_04\2026_04_28\qudit_ramsey_scan_bused_1174
Threshold recalculated using histogram: 10.5
(6, 100, 2)
10.5
Warning: Expected at least 3 columns in the data for shelving detection.
[100, 99, 98, 99, 99, 100]
-------------------------------------------------------------------------
Wait time: 3000.0 Processing files: Z:\Lab Data\Qudit_Ramsey_raw_data\Raw_data_copied\2026\2026_05\2026_05_01\qudit_ramsey_scan_bused_1062
Threshold recalculated using histogram: 10.5
(6, 100, 2)
10.5
Warning: Expected at least 3 columns in the data for shelving detection.
[97, 99, 99, 97, 99, 99]
-------------------------------------------------------------------------
Wait time: 3000.0 Processing files: Z:\Lab Data\Qudit_Ramsey_raw_data\Raw_data_copied\2026\2026_05\2026_05_01\qudit_ramsey_scan_bused_1672
Threshold recalculated using histogram: 9.5
(6, 100, 2)
9.5
Warning: Expected at least 3 columns in the data for shelving detection.
[96, 96, 100, 98, 97, 98]
-------------------------------------------------------------------------
Wait time: 3200.0 Processing files: Z:\Lab Data\Qudit_Ramsey_raw_data\Raw_data_copied\2026\2026_04\2026_04_27\qudit_ramsey_scan_bused_1583
Threshold recalculated using histogram: 10.5
(6, 100, 2)
10.5
Warning: Expected at least 3 columns in the data for shelving detection.
[98, 99, 99, 99, 100, 100]
-------------------------------------------------------------------------
Wait time: 3200.0 Processing files: Z:\Lab Data\Qudit_Ramsey_raw_data\Raw_data_copied\2026\2026_04\2026_04_27\qudit_ramsey_scan_bused_2200
Threshold recalculated using histogram: 10.5
(6, 100, 2)
10.5
Warning: Expected at least 3 columns in the data for shelving detection.
[95, 98, 96, 96, 98, 97]
-------------------------------------------------------------------------
Wait time: 3200.0 Processing files: Z:\Lab Data\Qudit_Ramsey_raw_data\Raw_data_copied\2026\2026_04\2026_04_27\qudit_ramsey_scan_bused_2917
Threshold recalculated using histogram: 9.5
(6, 100, 2)
9.5
Warning: Expected at least 3 columns in the data for shelving detection.
[94, 99, 98, 98, 98, 100]
-------------------------------------------------------------------------
Wait time: 3200.0 Processing files: Z:\Lab Data\Qudit_Ramsey_raw_data\Raw_data_copied\2026\2026_04\2026_04_28\qudit_ramsey_scan_bused_187
Threshold recalculated using histogram: 9.5
(6, 100, 2)
9.5
Warning: Expected at least 3 columns in the data for shelving detection.
[98, 97, 99, 98, 98, 99]
-------------------------------------------------------------------------
Wait time: 3200.0 Processing files: Z:\Lab Data\Qudit_Ramsey_raw_data\Raw_data_copied\2026\2026_04\2026_04_28\qudit_ramsey_scan_bused_584
Threshold recalculated using histogram: 11.5
(6, 100, 2)
11.5
Warning: Expected at least 3 columns in the data for shelving detection.
[98, 99, 100, 100, 100, 100]
-------------------------------------------------------------------------
Wait time: 3200.0 Processing files: Z:\Lab Data\Qudit_Ramsey_raw_data\Raw_data_copied\2026\2026_04\2026_04_28\qudit_ramsey_scan_bused_1188
Threshold recalculated using histogram: 9.5
(6, 100, 2)
9.5
Warning: Expected at least 3 columns in the data for shelving detection.
[98, 97, 98, 100, 97, 96]
-------------------------------------------------------------------------
Wait time: 3200.0 Processing files: Z:\Lab Data\Qudit_Ramsey_raw_data\Raw_data_copied\2026\2026_05\2026_05_01\qudit_ramsey_scan_bused_1076
Threshold recalculated using histogram: 12.5
(6, 100, 2)
12.5
Warning: Expected at least 3 columns in the data for shelving detection.
[99, 98, 98, 99, 94, 96]
-------------------------------------------------------------------------
Wait time: 3200.0 Processing files: Z:\Lab Data\Qudit_Ramsey_raw_data\Raw_data_copied\2026\2026_05\2026_05_01\qudit_ramsey_scan_bused_1686
Threshold recalculated using histogram: 9.5
(6, 100, 2)
9.5
Warning: Expected at least 3 columns in the data for shelving detection.
[95, 98, 96, 98, 98, 98]
-------------------------------------------------------------------------
Wait time: 3400.0 Processing files: Z:\Lab Data\Qudit_Ramsey_raw_data\Raw_data_copied\2026\2026_04\2026_04_27\qudit_ramsey_scan_bused_1597
Threshold recalculated using histogram: 9.5
(6, 100, 2)
9.5
Warning: Expected at least 3 columns in the data for shelving detection.
[99, 98, 98, 99, 99, 97]
-------------------------------------------------------------------------
Wait time: 3400.0 Processing files: Z:\Lab Data\Qudit_Ramsey_raw_data\Raw_data_copied\2026\2026_04\2026_04_27\qudit_ramsey_scan_bused_2214
Threshold recalculated using histogram: 10.5
(6, 100, 2)
10.5
Warning: Expected at least 3 columns in the data for shelving detection.
[97, 98, 97, 96, 98, 92]
-------------------------------------------------------------------------
Wait time: 3400.0 Processing files: Z:\Lab Data\Qudit_Ramsey_raw_data\Raw_data_copied\2026\2026_04\2026_04_27\qudit_ramsey_scan_bused_2931
Threshold recalculated using histogram: 9.5
(6, 100, 2)
9.5
Warning: Expected at least 3 columns in the data for shelving detection.
[96, 99, 98, 97, 100, 97]
-------------------------------------------------------------------------
Wait time: 3400.0 Processing files: Z:\Lab Data\Qudit_Ramsey_raw_data\Raw_data_copied\2026\2026_04\2026_04_28\qudit_ramsey_scan_bused_201
Threshold recalculated using histogram: 10.5
(6, 100, 2)
10.5
Warning: Expected at least 3 columns in the data for shelving detection.
[99, 96, 97, 95, 99, 98]
-------------------------------------------------------------------------
Wait time: 3400.0 Processing files: Z:\Lab Data\Qudit_Ramsey_raw_data\Raw_data_copied\2026\2026_04\2026_04_28\qudit_ramsey_scan_bused_598
Threshold recalculated using histogram: 10.5
(6, 100, 2)
10.5
Warning: Expected at least 3 columns in the data for shelving detection.
[100, 100, 99, 99, 100, 99]
-------------------------------------------------------------------------
Wait time: 3400.0 Processing files: Z:\Lab Data\Qudit_Ramsey_raw_data\Raw_data_copied\2026\2026_04\2026_04_28\qudit_ramsey_scan_bused_1202
Threshold recalculated using histogram: 10.5
(6, 100, 2)
10.5
Warning: Expected at least 3 columns in the data for shelving detection.
[95, 96, 100, 98, 99, 97]
-------------------------------------------------------------------------
Wait time: 3400.0 Processing files: Z:\Lab Data\Qudit_Ramsey_raw_data\Raw_data_copied\2026\2026_05\2026_05_01\qudit_ramsey_scan_bused_1090
Threshold recalculated using histogram: 10.5
(6, 100, 2)
10.5
Warning: Expected at least 3 columns in the data for shelving detection.
[99, 97, 98, 97, 99, 97]
-------------------------------------------------------------------------
Wait time: 3400.0 Processing files: Z:\Lab Data\Qudit_Ramsey_raw_data\Raw_data_copied\2026\2026_05\2026_05_01\qudit_ramsey_scan_bused_1700
Threshold recalculated using histogram: 11.5
(6, 100, 2)
11.5
Warning: Expected at least 3 columns in the data for shelving detection.
[97, 97, 99, 99, 97, 95]
-------------------------------------------------------------------------
Wait time: 3600.0 Processing files: Z:\Lab Data\Qudit_Ramsey_raw_data\Raw_data_copied\2026\2026_04\2026_04_27\qudit_ramsey_scan_bused_1611
Threshold recalculated using histogram: 12.5
(6, 100, 2)
12.5
Warning: Expected at least 3 columns in the data for shelving detection.
[96, 98, 98, 100, 98, 100]
-------------------------------------------------------------------------
Wait time: 3600.0 Processing files: Z:\Lab Data\Qudit_Ramsey_raw_data\Raw_data_copied\2026\2026_04\2026_04_27\qudit_ramsey_scan_bused_2232
Threshold recalculated using histogram: 11.5
(6, 100, 2)
11.5
Warning: Expected at least 3 columns in the data for shelving detection.
[99, 99, 99, 96, 100, 100]
-------------------------------------------------------------------------
Wait time: 3600.0 Processing files: Z:\Lab Data\Qudit_Ramsey_raw_data\Raw_data_copied\2026\2026_04\2026_04_28\qudit_ramsey_scan_bused_215
Threshold recalculated using histogram: 10.5
(6, 100, 2)
10.5
Warning: Expected at least 3 columns in the data for shelving detection.
[100, 98, 99, 99, 99, 100]
-------------------------------------------------------------------------
Wait time: 3600.0 Processing files: Z:\Lab Data\Qudit_Ramsey_raw_data\Raw_data_copied\2026\2026_04\2026_04_28\qudit_ramsey_scan_bused_612
Threshold recalculated using histogram: 9.5
(6, 100, 2)
9.5
Warning: Expected at least 3 columns in the data for shelving detection.
[99, 99, 99, 99, 100, 98]
-------------------------------------------------------------------------
Wait time: 3600.0 Processing files: Z:\Lab Data\Qudit_Ramsey_raw_data\Raw_data_copied\2026\2026_04\2026_04_28\qudit_ramsey_scan_bused_1216
Threshold recalculated using histogram: 10.5
(6, 100, 2)
10.5
Warning: Expected at least 3 columns in the data for shelving detection.
[98, 98, 99, 97, 99, 94]
-------------------------------------------------------------------------
Wait time: 3600.0 Processing files: Z:\Lab Data\Qudit_Ramsey_raw_data\Raw_data_copied\2026\2026_05\2026_05_01\qudit_ramsey_scan_bused_1104
Threshold recalculated using histogram: 9.5
(6, 100, 2)
9.5
Warning: Expected at least 3 columns in the data for shelving detection.
[99, 98, 97, 98, 100, 99]
-------------------------------------------------------------------------
Wait time: 3600.0 Processing files: Z:\Lab Data\Qudit_Ramsey_raw_data\Raw_data_copied\2026\2026_05\2026_05_01\qudit_ramsey_scan_bused_1714
Threshold recalculated using histogram: 10.5
(6, 100, 2)
10.5
Warning: Expected at least 3 columns in the data for shelving detection.
[98, 97, 96, 98, 98, 100]
-------------------------------------------------------------------------
Wait time: 3800.0 Processing files: Z:\Lab Data\Qudit_Ramsey_raw_data\Raw_data_copied\2026\2026_04\2026_04_27\qudit_ramsey_scan_bused_1628
Threshold recalculated using histogram: 11.5
(6, 100, 2)
11.5
Warning: Expected at least 3 columns in the data for shelving detection.
[99, 100, 98, 98, 99, 95]
-------------------------------------------------------------------------
Wait time: 3800.0 Processing files: Z:\Lab Data\Qudit_Ramsey_raw_data\Raw_data_copied\2026\2026_04\2026_04_27\qudit_ramsey_scan_bused_2246
Threshold recalculated using histogram: 10.5
(6, 100, 2)
10.5
Warning: Expected at least 3 columns in the data for shelving detection.
[96, 96, 98, 96, 93, 97]
-------------------------------------------------------------------------
Wait time: 3800.0 Processing files: Z:\Lab Data\Qudit_Ramsey_raw_data\Raw_data_copied\2026\2026_04\2026_04_28\qudit_ramsey_scan_bused_229
Threshold recalculated using histogram: 10.5
(6, 100, 2)
10.5
Warning: Expected at least 3 columns in the data for shelving detection.
[98, 98, 100, 99, 99, 99]
-------------------------------------------------------------------------
Wait time: 3800.0 Processing files: Z:\Lab Data\Qudit_Ramsey_raw_data\Raw_data_copied\2026\2026_04\2026_04_28\qudit_ramsey_scan_bused_626
Threshold recalculated using histogram: 9.5
(6, 100, 2)
9.5
Warning: Expected at least 3 columns in the data for shelving detection.
[97, 100, 100, 99, 98, 100]
-------------------------------------------------------------------------
Wait time: 3800.0 Processing files: Z:\Lab Data\Qudit_Ramsey_raw_data\Raw_data_copied\2026\2026_04\2026_04_28\qudit_ramsey_scan_bused_1230
Threshold recalculated using histogram: 9.5
(6, 100, 2)
9.5
Warning: Expected at least 3 columns in the data for shelving detection.
[97, 100, 98, 99, 98, 99]
-------------------------------------------------------------------------
Wait time: 3800.0 Processing files: Z:\Lab Data\Qudit_Ramsey_raw_data\Raw_data_copied\2026\2026_05\2026_05_01\qudit_ramsey_scan_bused_1118
Threshold recalculated using histogram: 11.5
(6, 100, 2)
11.5
Warning: Expected at least 3 columns in the data for shelving detection.
[99, 96, 99, 98, 96, 99]
-------------------------------------------------------------------------
Wait time: 3800.0 Processing files: Z:\Lab Data\Qudit_Ramsey_raw_data\Raw_data_copied\2026\2026_05\2026_05_01\qudit_ramsey_scan_bused_1728
Threshold recalculated using histogram: 10.5
(6, 100, 2)
10.5
Warning: Expected at least 3 columns in the data for shelving detection.
[96, 97, 97, 99, 99, 97]
-------------------------------------------------------------------------
Wait time: 4000.0 Processing files: Z:\Lab Data\Qudit_Ramsey_raw_data\Raw_data_copied\2026\2026_04\2026_04_27\qudit_ramsey_scan_bused_1642
Threshold recalculated using histogram: 10.5
(6, 100, 2)
10.5
Warning: Expected at least 3 columns in the data for shelving detection.
[96, 100, 98, 99, 99, 98]
-------------------------------------------------------------------------
Wait time: 4000.0 Processing files: Z:\Lab Data\Qudit_Ramsey_raw_data\Raw_data_copied\2026\2026_04\2026_04_27\qudit_ramsey_scan_bused_2260
Threshold recalculated using histogram: 10.5
(6, 100, 2)
10.5
Warning: Expected at least 3 columns in the data for shelving detection.
[98, 97, 99, 96, 99, 97]
-------------------------------------------------------------------------
Wait time: 4000.0 Processing files: Z:\Lab Data\Qudit_Ramsey_raw_data\Raw_data_copied\2026\2026_04\2026_04_28\qudit_ramsey_scan_bused_243
Threshold recalculated using histogram: 10.5
(6, 100, 2)
10.5
Warning: Expected at least 3 columns in the data for shelving detection.
[99, 98, 100, 99, 98, 100]
-------------------------------------------------------------------------
Wait time: 4000.0 Processing files: Z:\Lab Data\Qudit_Ramsey_raw_data\Raw_data_copied\2026\2026_04\2026_04_28\qudit_ramsey_scan_bused_643
Threshold recalculated using histogram: 8.5
(6, 100, 2)
8.5
Warning: Expected at least 3 columns in the data for shelving detection.
[99, 97, 100, 99, 99, 96]
-------------------------------------------------------------------------
Wait time: 4000.0 Processing files: Z:\Lab Data\Qudit_Ramsey_raw_data\Raw_data_copied\2026\2026_04\2026_04_28\qudit_ramsey_scan_bused_1244
Threshold recalculated using histogram: 8.5
(6, 100, 2)
8.5
Warning: Expected at least 3 columns in the data for shelving detection.
[100, 98, 98, 99, 99, 99]
-------------------------------------------------------------------------
Wait time: 4000.0 Processing files: Z:\Lab Data\Qudit_Ramsey_raw_data\Raw_data_copied\2026\2026_05\2026_05_01\qudit_ramsey_scan_bused_1132
Threshold recalculated using histogram: 11.5
(6, 100, 2)
11.5
Warning: Expected at least 3 columns in the data for shelving detection.
[97, 99, 99, 96, 97, 93]
-------------------------------------------------------------------------
Wait time: 4000.0 Processing files: Z:\Lab Data\Qudit_Ramsey_raw_data\Raw_data_copied\2026\2026_05\2026_05_01\qudit_ramsey_scan_bused_1742
Threshold recalculated using histogram: 9.5
(6, 100, 2)
9.5
Warning: Expected at least 3 columns in the data for shelving detection.
[98, 99, 95, 96, 100, 97]
Running zero-detuning analysis for transitions [[0, 3, 2], [0, 2, 0]], LT_comp=True, grouped wait times=21
-------------------------------------------------------------------------
Wait time: 0.0 Processing files: Z:\Lab Data\Qudit_Ramsey_raw_data\Raw_data_copied\2026\2026_04\2026_04_27\qudit_ramsey_scan_bused_1003
Threshold recalculated using histogram: 11.5
(6, 100, 2)
11.5
Warning: Expected at least 3 columns in the data for shelving detection.
[97, 91, 99, 98, 97, 96]
-------------------------------------------------------------------------
Wait time: 0.0 Processing files: Z:\Lab Data\Qudit_Ramsey_raw_data\Raw_data_copied\2026\2026_04\2026_04_27\qudit_ramsey_scan_bused_1656
Threshold recalculated using histogram: 10.5
(6, 100, 2)
10.5
Warning: Expected at least 3 columns in the data for shelving detection.
[97, 99, 98, 95, 98, 97]
-------------------------------------------------------------------------
Wait time: 0.0 Processing files: Z:\Lab Data\Qudit_Ramsey_raw_data\Raw_data_copied\2026\2026_04\2026_04_27\qudit_ramsey_scan_bused_2274
Threshold recalculated using histogram: 9.5
(6, 100, 2)
9.5
Warning: Expected at least 3 columns in the data for shelving detection.
[99, 98, 98, 99, 98, 99]
-------------------------------------------------------------------------
Wait time: 0.0 Processing files: Z:\Lab Data\Qudit_Ramsey_raw_data\Raw_data_copied\2026\2026_04\2026_04_28\qudit_ramsey_scan_bused_257
Threshold recalculated using histogram: 9.5
(6, 100, 2)
9.5
Warning: Expected at least 3 columns in the data for shelving detection.
[95, 99, 96, 98, 99, 97]
-------------------------------------------------------------------------
Wait time: 0.0 Processing files: Z:\Lab Data\Qudit_Ramsey_raw_data\Raw_data_copied\2026\2026_04\2026_04_28\qudit_ramsey_scan_bused_657
Threshold recalculated using histogram: 9.5
(6, 100, 2)
9.5
Warning: Expected at least 3 columns in the data for shelving detection.
[100, 99, 99, 100, 99, 98]
-------------------------------------------------------------------------
Wait time: 0.0 Processing files: Z:\Lab Data\Qudit_Ramsey_raw_data\Raw_data_copied\2026\2026_04\2026_04_28\qudit_ramsey_scan_bused_1258
Threshold recalculated using histogram: 10.5
(6, 100, 2)
10.5
Warning: Expected at least 3 columns in the data for shelving detection.
[99, 99, 98, 99, 100, 99]
-------------------------------------------------------------------------
Wait time: 0.0 Processing files: Z:\Lab Data\Qudit_Ramsey_raw_data\Raw_data_copied\2026\2026_05\2026_05_01\qudit_ramsey_scan_bused_1146
Threshold recalculated using histogram: 11.5
(6, 100, 2)
11.5
Warning: Expected at least 3 columns in the data for shelving detection.
[95, 92, 91, 94, 93, 96]
-------------------------------------------------------------------------
Wait time: 0.0 Processing files: Z:\Lab Data\Qudit_Ramsey_raw_data\Raw_data_copied\2026\2026_05\2026_05_01\qudit_ramsey_scan_bused_1756
Threshold recalculated using histogram: 9.5
(6, 100, 2)
9.5
Warning: Expected at least 3 columns in the data for shelving detection.
[99, 98, 95, 94, 97, 91]
-------------------------------------------------------------------------
Wait time: 200.0 Processing files: Z:\Lab Data\Qudit_Ramsey_raw_data\Raw_data_copied\2026\2026_04\2026_04_27\qudit_ramsey_scan_bused_1017
Threshold recalculated using histogram: 11.5
(6, 100, 2)
11.5
Warning: Expected at least 3 columns in the data for shelving detection.
[96, 93, 97, 99, 97, 100]
-------------------------------------------------------------------------
Wait time: 200.0 Processing files: Z:\Lab Data\Qudit_Ramsey_raw_data\Raw_data_copied\2026\2026_04\2026_04_27\qudit_ramsey_scan_bused_1670
Threshold recalculated using histogram: 11.5
(6, 100, 2)
11.5
Warning: Expected at least 3 columns in the data for shelving detection.
[94, 95, 95, 98, 98, 99]
-------------------------------------------------------------------------
Wait time: 200.0 Processing files: Z:\Lab Data\Qudit_Ramsey_raw_data\Raw_data_copied\2026\2026_04\2026_04_27\qudit_ramsey_scan_bused_2288
Threshold recalculated using histogram: 11.5
(6, 100, 2)
11.5
Warning: Expected at least 3 columns in the data for shelving detection.
[100, 98, 99, 99, 100, 98]
-------------------------------------------------------------------------
Wait time: 200.0 Processing files: Z:\Lab Data\Qudit_Ramsey_raw_data\Raw_data_copied\2026\2026_04\2026_04_28\qudit_ramsey_scan_bused_271
Threshold recalculated using histogram: 9.5
(6, 100, 2)
9.5
Warning: Expected at least 3 columns in the data for shelving detection.
[99, 98, 100, 97, 99, 99]
-------------------------------------------------------------------------
Wait time: 200.0 Processing files: Z:\Lab Data\Qudit_Ramsey_raw_data\Raw_data_copied\2026\2026_04\2026_04_28\qudit_ramsey_scan_bused_671
Threshold recalculated using histogram: 10.5
(6, 100, 2)
10.5
Warning: Expected at least 3 columns in the data for shelving detection.
[98, 99, 99, 100, 100, 100]
-------------------------------------------------------------------------
Wait time: 200.0 Processing files: Z:\Lab Data\Qudit_Ramsey_raw_data\Raw_data_copied\2026\2026_04\2026_04_28\qudit_ramsey_scan_bused_1272
Threshold recalculated using histogram: 10.5
(6, 100, 2)
10.5
Warning: Expected at least 3 columns in the data for shelving detection.
[99, 100, 99, 99, 100, 99]
-------------------------------------------------------------------------
Wait time: 200.0 Processing files: Z:\Lab Data\Qudit_Ramsey_raw_data\Raw_data_copied\2026\2026_05\2026_05_01\qudit_ramsey_scan_bused_1163
Threshold recalculated using histogram: 9.5
(6, 100, 2)
9.5
Warning: Expected at least 3 columns in the data for shelving detection.
[94, 88, 92, 94, 92, 89]
-------------------------------------------------------------------------
Wait time: 200.0 Processing files: Z:\Lab Data\Qudit_Ramsey_raw_data\Raw_data_copied\2026\2026_05\2026_05_01\qudit_ramsey_scan_bused_1770
Threshold recalculated using histogram: 10.5
(6, 100, 2)
10.5
Warning: Expected at least 3 columns in the data for shelving detection.
[96, 94, 97, 95, 94, 97]
-------------------------------------------------------------------------
Wait time: 400.0 Processing files: Z:\Lab Data\Qudit_Ramsey_raw_data\Raw_data_copied\2026\2026_04\2026_04_27\qudit_ramsey_scan_bused_1031
Threshold recalculated using histogram: 11.5
(6, 100, 2)
11.5
Warning: Expected at least 3 columns in the data for shelving detection.
[99, 96, 95, 96, 94, 99]
-------------------------------------------------------------------------
Wait time: 400.0 Processing files: Z:\Lab Data\Qudit_Ramsey_raw_data\Raw_data_copied\2026\2026_04\2026_04_27\qudit_ramsey_scan_bused_1684
Threshold recalculated using histogram: 11.5
(6, 100, 2)
11.5
Warning: Expected at least 3 columns in the data for shelving detection.
[97, 99, 97, 97, 99, 98]
-------------------------------------------------------------------------
Wait time: 400.0 Processing files: Z:\Lab Data\Qudit_Ramsey_raw_data\Raw_data_copied\2026\2026_04\2026_04_27\qudit_ramsey_scan_bused_2302
Threshold recalculated using histogram: 12.5
(6, 100, 2)
12.5
Warning: Expected at least 3 columns in the data for shelving detection.
[92, 98, 97, 97, 99, 97]
-------------------------------------------------------------------------
Wait time: 400.0 Processing files: Z:\Lab Data\Qudit_Ramsey_raw_data\Raw_data_copied\2026\2026_04\2026_04_28\qudit_ramsey_scan_bused_285
Threshold recalculated using histogram: 10.5
(6, 100, 2)
10.5
Warning: Expected at least 3 columns in the data for shelving detection.
[99, 99, 99, 100, 100, 100]
-------------------------------------------------------------------------
Wait time: 400.0 Processing files: Z:\Lab Data\Qudit_Ramsey_raw_data\Raw_data_copied\2026\2026_04\2026_04_28\qudit_ramsey_scan_bused_685
Threshold recalculated using histogram: 10.5
(6, 100, 2)
10.5
Warning: Expected at least 3 columns in the data for shelving detection.
[98, 100, 99, 99, 99, 100]
-------------------------------------------------------------------------
Wait time: 400.0 Processing files: Z:\Lab Data\Qudit_Ramsey_raw_data\Raw_data_copied\2026\2026_04\2026_04_28\qudit_ramsey_scan_bused_1286
Threshold recalculated using histogram: 9.5
(6, 100, 2)
9.5
Warning: Expected at least 3 columns in the data for shelving detection.
[98, 100, 98, 98, 100, 100]
-------------------------------------------------------------------------
Wait time: 400.0 Processing files: Z:\Lab Data\Qudit_Ramsey_raw_data\Raw_data_copied\2026\2026_05\2026_05_01\qudit_ramsey_scan_bused_1177
Threshold recalculated using histogram: 10.5
(6, 100, 2)
10.5
Warning: Expected at least 3 columns in the data for shelving detection.
[94, 95, 96, 91, 93, 89]
-------------------------------------------------------------------------
Wait time: 400.0 Processing files: Z:\Lab Data\Qudit_Ramsey_raw_data\Raw_data_copied\2026\2026_05\2026_05_01\qudit_ramsey_scan_bused_1784
Threshold recalculated using histogram: 11.5
(6, 100, 2)
11.5
Warning: Expected at least 3 columns in the data for shelving detection.
[93, 93, 93, 96, 94, 94]
-------------------------------------------------------------------------
Wait time: 600.0 Processing files: Z:\Lab Data\Qudit_Ramsey_raw_data\Raw_data_copied\2026\2026_04\2026_04_27\qudit_ramsey_scan_bused_1045
Threshold recalculated using histogram: 11.5
(6, 100, 2)
11.5
Warning: Expected at least 3 columns in the data for shelving detection.
[96, 96, 95, 99, 97, 99]
-------------------------------------------------------------------------
Wait time: 600.0 Processing files: Z:\Lab Data\Qudit_Ramsey_raw_data\Raw_data_copied\2026\2026_04\2026_04_27\qudit_ramsey_scan_bused_1698
Threshold recalculated using histogram: 11.5
(6, 100, 2)
11.5
Warning: Expected at least 3 columns in the data for shelving detection.
[92, 97, 97, 98, 95, 99]
-------------------------------------------------------------------------
Wait time: 600.0 Processing files: Z:\Lab Data\Qudit_Ramsey_raw_data\Raw_data_copied\2026\2026_04\2026_04_27\qudit_ramsey_scan_bused_2316
Threshold recalculated using histogram: 10.5
(6, 100, 2)
10.5
Warning: Expected at least 3 columns in the data for shelving detection.
[95, 98, 97, 99, 96, 99]
-------------------------------------------------------------------------
Wait time: 600.0 Processing files: Z:\Lab Data\Qudit_Ramsey_raw_data\Raw_data_copied\2026\2026_04\2026_04_28\qudit_ramsey_scan_bused_299
Threshold recalculated using histogram: 11.5
(6, 100, 2)
11.5
Warning: Expected at least 3 columns in the data for shelving detection.
[98, 98, 97, 98, 99, 99]
-------------------------------------------------------------------------
Wait time: 600.0 Processing files: Z:\Lab Data\Qudit_Ramsey_raw_data\Raw_data_copied\2026\2026_04\2026_04_28\qudit_ramsey_scan_bused_699
Threshold recalculated using histogram: 10.5
(6, 100, 2)
10.5
Warning: Expected at least 3 columns in the data for shelving detection.
[99, 98, 100, 98, 100, 99]
-------------------------------------------------------------------------
Wait time: 600.0 Processing files: Z:\Lab Data\Qudit_Ramsey_raw_data\Raw_data_copied\2026\2026_04\2026_04_28\qudit_ramsey_scan_bused_1303
Threshold recalculated using histogram: 10.5
(6, 100, 2)
10.5
Warning: Expected at least 3 columns in the data for shelving detection.
[100, 100, 98, 100, 98, 100]
-------------------------------------------------------------------------
Wait time: 600.0 Processing files: Z:\Lab Data\Qudit_Ramsey_raw_data\Raw_data_copied\2026\2026_05\2026_05_01\qudit_ramsey_scan_bused_1191
Threshold recalculated using histogram: 10.5
(6, 100, 2)
10.5
Warning: Expected at least 3 columns in the data for shelving detection.
[91, 92, 95, 96, 96, 94]
-------------------------------------------------------------------------
Wait time: 600.0 Processing files: Z:\Lab Data\Qudit_Ramsey_raw_data\Raw_data_copied\2026\2026_05\2026_05_01\qudit_ramsey_scan_bused_1801
Threshold recalculated using histogram: 11.5
(6, 100, 2)
11.5
Warning: Expected at least 3 columns in the data for shelving detection.
[95, 94, 94, 99, 97, 96]
-------------------------------------------------------------------------
Wait time: 800.0 Processing files: Z:\Lab Data\Qudit_Ramsey_raw_data\Raw_data_copied\2026\2026_04\2026_04_27\qudit_ramsey_scan_bused_1059
Threshold recalculated using histogram: 12.5
(6, 100, 2)
12.5
Warning: Expected at least 3 columns in the data for shelving detection.
[97, 97, 97, 99, 96, 91]
-------------------------------------------------------------------------
Wait time: 800.0 Processing files: Z:\Lab Data\Qudit_Ramsey_raw_data\Raw_data_copied\2026\2026_04\2026_04_27\qudit_ramsey_scan_bused_1712
Threshold recalculated using histogram: 10.5
(6, 100, 2)
10.5
Warning: Expected at least 3 columns in the data for shelving detection.
[99, 92, 93, 89, 95, 95]
-------------------------------------------------------------------------
Wait time: 800.0 Processing files: Z:\Lab Data\Qudit_Ramsey_raw_data\Raw_data_copied\2026\2026_04\2026_04_27\qudit_ramsey_scan_bused_2330
Threshold recalculated using histogram: 12.5
(6, 100, 2)
12.5
Warning: Expected at least 3 columns in the data for shelving detection.
[97, 99, 99, 98, 99, 99]
-------------------------------------------------------------------------
Wait time: 800.0 Processing files: Z:\Lab Data\Qudit_Ramsey_raw_data\Raw_data_copied\2026\2026_04\2026_04_28\qudit_ramsey_scan_bused_313
Threshold recalculated using histogram: 10.5
(6, 100, 2)
10.5
Warning: Expected at least 3 columns in the data for shelving detection.
[100, 100, 99, 100, 100, 99]
-------------------------------------------------------------------------
Wait time: 800.0 Processing files: Z:\Lab Data\Qudit_Ramsey_raw_data\Raw_data_copied\2026\2026_04\2026_04_28\qudit_ramsey_scan_bused_713
Threshold recalculated using histogram: 9.5
(6, 100, 2)
9.5
Warning: Expected at least 3 columns in the data for shelving detection.
[99, 99, 100, 98, 99, 100]
-------------------------------------------------------------------------
Wait time: 800.0 Processing files: Z:\Lab Data\Qudit_Ramsey_raw_data\Raw_data_copied\2026\2026_04\2026_04_28\qudit_ramsey_scan_bused_1317
Threshold recalculated using histogram: 10.5
(6, 100, 2)
10.5
Warning: Expected at least 3 columns in the data for shelving detection.
[99, 98, 98, 100, 98, 99]
-------------------------------------------------------------------------
Wait time: 800.0 Processing files: Z:\Lab Data\Qudit_Ramsey_raw_data\Raw_data_copied\2026\2026_05\2026_05_01\qudit_ramsey_scan_bused_1205
Threshold recalculated using histogram: 10.5
(6, 100, 2)
10.5
Warning: Expected at least 3 columns in the data for shelving detection.
[91, 97, 94, 95, 96, 95]
-------------------------------------------------------------------------
Wait time: 800.0 Processing files: Z:\Lab Data\Qudit_Ramsey_raw_data\Raw_data_copied\2026\2026_05\2026_05_01\qudit_ramsey_scan_bused_1815
Threshold recalculated using histogram: 10.5
(6, 100, 2)
10.5
Warning: Expected at least 3 columns in the data for shelving detection.
[95, 93, 95, 95, 100, 97]
-------------------------------------------------------------------------
Wait time: 1000.0 Processing files: Z:\Lab Data\Qudit_Ramsey_raw_data\Raw_data_copied\2026\2026_04\2026_04_27\qudit_ramsey_scan_bused_1073
Threshold recalculated using histogram: 10.5
(6, 100, 2)
10.5
Warning: Expected at least 3 columns in the data for shelving detection.
[94, 96, 98, 97, 96, 92]
-------------------------------------------------------------------------
Wait time: 1000.0 Processing files: Z:\Lab Data\Qudit_Ramsey_raw_data\Raw_data_copied\2026\2026_04\2026_04_27\qudit_ramsey_scan_bused_1726
Threshold recalculated using histogram: 11.5
(6, 100, 2)
11.5
Warning: Expected at least 3 columns in the data for shelving detection.
[96, 99, 96, 97, 96, 98]
-------------------------------------------------------------------------
Wait time: 1000.0 Processing files: Z:\Lab Data\Qudit_Ramsey_raw_data\Raw_data_copied\2026\2026_04\2026_04_27\qudit_ramsey_scan_bused_2344
Threshold recalculated using histogram: 10.5
(6, 100, 2)
10.5
Warning: Expected at least 3 columns in the data for shelving detection.
[98, 96, 98, 98, 98, 98]
-------------------------------------------------------------------------
Wait time: 1000.0 Processing files: Z:\Lab Data\Qudit_Ramsey_raw_data\Raw_data_copied\2026\2026_04\2026_04_28\qudit_ramsey_scan_bused_327
Threshold recalculated using histogram: 10.5
(6, 100, 2)
10.5
Warning: Expected at least 3 columns in the data for shelving detection.
[99, 96, 100, 100, 98, 100]
-------------------------------------------------------------------------
Wait time: 1000.0 Processing files: Z:\Lab Data\Qudit_Ramsey_raw_data\Raw_data_copied\2026\2026_04\2026_04_28\qudit_ramsey_scan_bused_727
Threshold recalculated using histogram: 9.5
(6, 100, 2)
9.5
Warning: Expected at least 3 columns in the data for shelving detection.
[99, 99, 99, 100, 99, 100]
-------------------------------------------------------------------------
Wait time: 1000.0 Processing files: Z:\Lab Data\Qudit_Ramsey_raw_data\Raw_data_copied\2026\2026_04\2026_04_28\qudit_ramsey_scan_bused_1331
Threshold recalculated using histogram: 10.5
(6, 100, 2)
10.5
Warning: Expected at least 3 columns in the data for shelving detection.
[95, 96, 98, 99, 100, 98]
-------------------------------------------------------------------------
Wait time: 1000.0 Processing files: Z:\Lab Data\Qudit_Ramsey_raw_data\Raw_data_copied\2026\2026_05\2026_05_01\qudit_ramsey_scan_bused_1219
Threshold recalculated using histogram: 13.5
(6, 100, 2)
13.5
Warning: Expected at least 3 columns in the data for shelving detection.
[91, 98, 90, 95, 93, 96]
-------------------------------------------------------------------------
Wait time: 1000.0 Processing files: Z:\Lab Data\Qudit_Ramsey_raw_data\Raw_data_copied\2026\2026_05\2026_05_01\qudit_ramsey_scan_bused_1829
Threshold recalculated using histogram: 11.5
(6, 100, 2)
11.5
Warning: Expected at least 3 columns in the data for shelving detection.
[99, 97, 98, 100, 97, 93]
-------------------------------------------------------------------------
Wait time: 1200.0 Processing files: Z:\Lab Data\Qudit_Ramsey_raw_data\Raw_data_copied\2026\2026_04\2026_04_27\qudit_ramsey_scan_bused_1087
Threshold recalculated using histogram: 10.5
(6, 100, 2)
10.5
Warning: Expected at least 3 columns in the data for shelving detection.
[98, 95, 94, 92, 96, 23]
-------------------------------------------------------------------------
Wait time: 1200.0 Processing files: Z:\Lab Data\Qudit_Ramsey_raw_data\Raw_data_copied\2026\2026_04\2026_04_27\qudit_ramsey_scan_bused_1740
Threshold recalculated using histogram: 10.5
(6, 100, 2)
10.5
Warning: Expected at least 3 columns in the data for shelving detection.
[96, 100, 99, 100, 98, 97]
-------------------------------------------------------------------------
Wait time: 1200.0 Processing files: Z:\Lab Data\Qudit_Ramsey_raw_data\Raw_data_copied\2026\2026_04\2026_04_27\qudit_ramsey_scan_bused_2358
Threshold recalculated using histogram: 11.5
(6, 100, 2)
11.5
Warning: Expected at least 3 columns in the data for shelving detection.
[96, 99, 97, 98, 98, 98]
-------------------------------------------------------------------------
Wait time: 1200.0 Processing files: Z:\Lab Data\Qudit_Ramsey_raw_data\Raw_data_copied\2026\2026_04\2026_04_28\qudit_ramsey_scan_bused_344
Threshold recalculated using histogram: 11.5
(6, 100, 2)
11.5
Warning: Expected at least 3 columns in the data for shelving detection.
[100, 99, 98, 99, 99, 96]
-------------------------------------------------------------------------
Wait time: 1200.0 Processing files: Z:\Lab Data\Qudit_Ramsey_raw_data\Raw_data_copied\2026\2026_04\2026_04_28\qudit_ramsey_scan_bused_741
Threshold recalculated using histogram: 9.5
(6, 100, 2)
9.5
Warning: Expected at least 3 columns in the data for shelving detection.
[99, 100, 99, 98, 100, 99]
-------------------------------------------------------------------------
Wait time: 1200.0 Processing files: Z:\Lab Data\Qudit_Ramsey_raw_data\Raw_data_copied\2026\2026_04\2026_04_28\qudit_ramsey_scan_bused_1345
Threshold recalculated using histogram: 11.5
(6, 100, 2)
11.5
Warning: Expected at least 3 columns in the data for shelving detection.
[96, 97, 100, 98, 100, 96]
-------------------------------------------------------------------------
Wait time: 1200.0 Processing files: Z:\Lab Data\Qudit_Ramsey_raw_data\Raw_data_copied\2026\2026_05\2026_05_01\qudit_ramsey_scan_bused_1233
Threshold recalculated using histogram: 10.5
(6, 100, 2)
10.5
Warning: Expected at least 3 columns in the data for shelving detection.
[87, 95, 93, 95, 96, 95]
-------------------------------------------------------------------------
Wait time: 1200.0 Processing files: Z:\Lab Data\Qudit_Ramsey_raw_data\Raw_data_copied\2026\2026_05\2026_05_01\qudit_ramsey_scan_bused_1843
Threshold recalculated using histogram: 9.5
(6, 100, 2)
9.5
Warning: Expected at least 3 columns in the data for shelving detection.
[98, 96, 97, 97, 98, 94]
-------------------------------------------------------------------------
Wait time: 1400.0 Processing files: Z:\Lab Data\Qudit_Ramsey_raw_data\Raw_data_copied\2026\2026_04\2026_04_27\qudit_ramsey_scan_bused_1107
Threshold recalculated using histogram: 10.5
(6, 100, 2)
10.5
Warning: Expected at least 3 columns in the data for shelving detection.
[91, 97, 98, 98, 97, 93]
-------------------------------------------------------------------------
Wait time: 1400.0 Processing files: Z:\Lab Data\Qudit_Ramsey_raw_data\Raw_data_copied\2026\2026_04\2026_04_27\qudit_ramsey_scan_bused_1754
Threshold recalculated using histogram: 11.5
(6, 100, 2)
11.5
Warning: Expected at least 3 columns in the data for shelving detection.
[98, 96, 97, 98, 94, 99]
-------------------------------------------------------------------------
Wait time: 1400.0 Processing files: Z:\Lab Data\Qudit_Ramsey_raw_data\Raw_data_copied\2026\2026_04\2026_04_27\qudit_ramsey_scan_bused_2372
Threshold recalculated using histogram: 10.5
(6, 100, 2)
10.5
Warning: Expected at least 3 columns in the data for shelving detection.
[97, 98, 100, 99, 100, 99]
-------------------------------------------------------------------------
Wait time: 1400.0 Processing files: Z:\Lab Data\Qudit_Ramsey_raw_data\Raw_data_copied\2026\2026_04\2026_04_28\qudit_ramsey_scan_bused_358
Threshold recalculated using histogram: 10.5
(6, 100, 2)
10.5
Warning: Expected at least 3 columns in the data for shelving detection.
[98, 100, 99, 100, 99, 100]
-------------------------------------------------------------------------
Wait time: 1400.0 Processing files: Z:\Lab Data\Qudit_Ramsey_raw_data\Raw_data_copied\2026\2026_04\2026_04_28\qudit_ramsey_scan_bused_755
Threshold recalculated using histogram: 9.5
(6, 100, 2)
9.5
Warning: Expected at least 3 columns in the data for shelving detection.
[100, 99, 99, 100, 98, 100]
-------------------------------------------------------------------------
Wait time: 1400.0 Processing files: Z:\Lab Data\Qudit_Ramsey_raw_data\Raw_data_copied\2026\2026_04\2026_04_28\qudit_ramsey_scan_bused_1359
Threshold recalculated using histogram: 9.5
(6, 100, 2)
9.5
Warning: Expected at least 3 columns in the data for shelving detection.
[100, 99, 99, 98, 100, 100]
-------------------------------------------------------------------------
Wait time: 1400.0 Processing files: Z:\Lab Data\Qudit_Ramsey_raw_data\Raw_data_copied\2026\2026_05\2026_05_01\qudit_ramsey_scan_bused_1247
Threshold recalculated using histogram: 11.5
(6, 100, 2)
11.5
Warning: Expected at least 3 columns in the data for shelving detection.
[95, 91, 95, 96, 92, 95]
-------------------------------------------------------------------------
Wait time: 1600.0 Processing files: Z:\Lab Data\Qudit_Ramsey_raw_data\Raw_data_copied\2026\2026_04\2026_04_27\qudit_ramsey_scan_bused_1121
Threshold recalculated using histogram: 14.5
(6, 100, 2)
14.5
Warning: Expected at least 3 columns in the data for shelving detection.
[98, 98, 100, 99, 96, 97]
-------------------------------------------------------------------------
Wait time: 1600.0 Processing files: Z:\Lab Data\Qudit_Ramsey_raw_data\Raw_data_copied\2026\2026_04\2026_04_27\qudit_ramsey_scan_bused_1768
Threshold recalculated using histogram: 9.5
(6, 100, 2)
9.5
Warning: Expected at least 3 columns in the data for shelving detection.
[99, 99, 98, 100, 99, 96]
-------------------------------------------------------------------------
Wait time: 1600.0 Processing files: Z:\Lab Data\Qudit_Ramsey_raw_data\Raw_data_copied\2026\2026_04\2026_04_27\qudit_ramsey_scan_bused_2386
Threshold recalculated using histogram: 10.5
(6, 100, 2)
10.5
Warning: Expected at least 3 columns in the data for shelving detection.
[99, 100, 100, 99, 99, 100]
-------------------------------------------------------------------------
Wait time: 1600.0 Processing files: Z:\Lab Data\Qudit_Ramsey_raw_data\Raw_data_copied\2026\2026_04\2026_04_28\qudit_ramsey_scan_bused_372
Threshold recalculated using histogram: 9.5
(6, 100, 2)
9.5
Warning: Expected at least 3 columns in the data for shelving detection.
[97, 99, 99, 98, 100, 99]
-------------------------------------------------------------------------
Wait time: 1600.0 Processing files: Z:\Lab Data\Qudit_Ramsey_raw_data\Raw_data_copied\2026\2026_04\2026_04_28\qudit_ramsey_scan_bused_769
Threshold recalculated using histogram: 10.5
(6, 100, 2)
10.5
Warning: Expected at least 3 columns in the data for shelving detection.
[100, 100, 98, 100, 98, 98]
-------------------------------------------------------------------------
Wait time: 1600.0 Processing files: Z:\Lab Data\Qudit_Ramsey_raw_data\Raw_data_copied\2026\2026_04\2026_04_28\qudit_ramsey_scan_bused_1373
Threshold recalculated using histogram: 11.5
(6, 100, 2)
11.5
Warning: Expected at least 3 columns in the data for shelving detection.
[99, 96, 99, 97, 98, 96]
-------------------------------------------------------------------------
Wait time: 1600.0 Processing files: Z:\Lab Data\Qudit_Ramsey_raw_data\Raw_data_copied\2026\2026_05\2026_05_01\qudit_ramsey_scan_bused_1278
Threshold recalculated using histogram: 10.5
(6, 100, 2)
10.5
Warning: Expected at least 3 columns in the data for shelving detection.
[95, 95, 96, 95, 97, 94]
-------------------------------------------------------------------------
Wait time: 1600.0 Processing files: Z:\Lab Data\Qudit_Ramsey_raw_data\Raw_data_copied\2026\2026_05\2026_05_01\qudit_ramsey_scan_bused_1908
Threshold recalculated using histogram: 9.5
(6, 100, 2)
9.5
Warning: Expected at least 3 columns in the data for shelving detection.
[98, 99, 99, 100, 99, 99]
-------------------------------------------------------------------------
Wait time: 1800.0 Processing files: Z:\Lab Data\Qudit_Ramsey_raw_data\Raw_data_copied\2026\2026_04\2026_04_27\qudit_ramsey_scan_bused_1135
Threshold recalculated using histogram: 9.5
(6, 100, 2)
9.5
Warning: Expected at least 3 columns in the data for shelving detection.
[98, 99, 99, 96, 97, 98]
-------------------------------------------------------------------------
Wait time: 1800.0 Processing files: Z:\Lab Data\Qudit_Ramsey_raw_data\Raw_data_copied\2026\2026_04\2026_04_27\qudit_ramsey_scan_bused_1782
Threshold recalculated using histogram: 11.5
(6, 100, 2)
11.5
Warning: Expected at least 3 columns in the data for shelving detection.
[98, 98, 99, 98, 99, 99]
-------------------------------------------------------------------------
Wait time: 1800.0 Processing files: Z:\Lab Data\Qudit_Ramsey_raw_data\Raw_data_copied\2026\2026_04\2026_04_27\qudit_ramsey_scan_bused_2400
Threshold recalculated using histogram: 10.5
(6, 100, 2)
10.5
Warning: Expected at least 3 columns in the data for shelving detection.
[99, 100, 99, 99, 99, 99]
-------------------------------------------------------------------------
Wait time: 1800.0 Processing files: Z:\Lab Data\Qudit_Ramsey_raw_data\Raw_data_copied\2026\2026_04\2026_04_28\qudit_ramsey_scan_bused_783
Threshold recalculated using histogram: 8.5
(6, 100, 2)
8.5
Warning: Expected at least 3 columns in the data for shelving detection.
[98, 99, 99, 100, 100, 99]
-------------------------------------------------------------------------
Wait time: 1800.0 Processing files: Z:\Lab Data\Qudit_Ramsey_raw_data\Raw_data_copied\2026\2026_04\2026_04_28\qudit_ramsey_scan_bused_1387
Threshold recalculated using histogram: 10.5
(6, 100, 2)
10.5
Warning: Expected at least 3 columns in the data for shelving detection.
[100, 97, 97, 98, 100, 100]
-------------------------------------------------------------------------
Wait time: 1800.0 Processing files: Z:\Lab Data\Qudit_Ramsey_raw_data\Raw_data_copied\2026\2026_05\2026_05_01\qudit_ramsey_scan_bused_1292
Threshold recalculated using histogram: 10.5
(6, 100, 2)
10.5
Warning: Expected at least 3 columns in the data for shelving detection.
[93, 95, 95, 93, 99, 96]
-------------------------------------------------------------------------
Wait time: 1800.0 Processing files: Z:\Lab Data\Qudit_Ramsey_raw_data\Raw_data_copied\2026\2026_05\2026_05_01\qudit_ramsey_scan_bused_1922
Threshold recalculated using histogram: 9.5
(6, 100, 2)
9.5
Warning: Expected at least 3 columns in the data for shelving detection.
[97, 100, 97, 98, 98, 98]
-------------------------------------------------------------------------
Wait time: 2000.0 Processing files: Z:\Lab Data\Qudit_Ramsey_raw_data\Raw_data_copied\2026\2026_04\2026_04_27\qudit_ramsey_scan_bused_1149
Threshold recalculated using histogram: 10.5
(6, 100, 2)
10.5
Warning: Expected at least 3 columns in the data for shelving detection.
[95, 98, 98, 99, 98, 93]
-------------------------------------------------------------------------
Wait time: 2000.0 Processing files: Z:\Lab Data\Qudit_Ramsey_raw_data\Raw_data_copied\2026\2026_04\2026_04_27\qudit_ramsey_scan_bused_1796
Threshold recalculated using histogram: 10.5
(6, 100, 2)
10.5
Warning: Expected at least 3 columns in the data for shelving detection.
[100, 98, 100, 97, 99, 98]
-------------------------------------------------------------------------
Wait time: 2000.0 Processing files: Z:\Lab Data\Qudit_Ramsey_raw_data\Raw_data_copied\2026\2026_04\2026_04_27\qudit_ramsey_scan_bused_2414
Threshold recalculated using histogram: 10.5
(6, 100, 2)
10.5
Warning: Expected at least 3 columns in the data for shelving detection.
[99, 99, 99, 97, 99, 99]
-------------------------------------------------------------------------
Wait time: 2000.0 Processing files: Z:\Lab Data\Qudit_Ramsey_raw_data\Raw_data_copied\2026\2026_04\2026_04_28\qudit_ramsey_scan_bused_797
Threshold recalculated using histogram: 10.5
(6, 100, 2)
10.5
Warning: Expected at least 3 columns in the data for shelving detection.
[100, 100, 98, 98, 99, 98]
-------------------------------------------------------------------------
Wait time: 2000.0 Processing files: Z:\Lab Data\Qudit_Ramsey_raw_data\Raw_data_copied\2026\2026_04\2026_04_28\qudit_ramsey_scan_bused_1401
Threshold recalculated using histogram: 9.5
(6, 100, 2)
9.5
Warning: Expected at least 3 columns in the data for shelving detection.
[98, 97, 100, 100, 99, 99]
-------------------------------------------------------------------------
Wait time: 2000.0 Processing files: Z:\Lab Data\Qudit_Ramsey_raw_data\Raw_data_copied\2026\2026_05\2026_05_01\qudit_ramsey_scan_bused_1306
Threshold recalculated using histogram: 11.5
(6, 100, 2)
11.5
Warning: Expected at least 3 columns in the data for shelving detection.
[95, 95, 98, 93, 92, 95]
-------------------------------------------------------------------------
Wait time: 2000.0 Processing files: Z:\Lab Data\Qudit_Ramsey_raw_data\Raw_data_copied\2026\2026_05\2026_05_01\qudit_ramsey_scan_bused_1936
Threshold recalculated using histogram: 8.5
(6, 100, 2)
8.5
Warning: Expected at least 3 columns in the data for shelving detection.
[100, 100, 100, 96, 97, 100]
-------------------------------------------------------------------------
Wait time: 2200.0 Processing files: Z:\Lab Data\Qudit_Ramsey_raw_data\Raw_data_copied\2026\2026_04\2026_04_27\qudit_ramsey_scan_bused_1163
Threshold recalculated using histogram: 12.5
(6, 100, 2)
12.5
Warning: Expected at least 3 columns in the data for shelving detection.
[96, 97, 95, 99, 100, 99]
-------------------------------------------------------------------------
Wait time: 2200.0 Processing files: Z:\Lab Data\Qudit_Ramsey_raw_data\Raw_data_copied\2026\2026_04\2026_04_27\qudit_ramsey_scan_bused_1810
Threshold recalculated using histogram: 10.5
(6, 100, 2)
10.5
Warning: Expected at least 3 columns in the data for shelving detection.
[98, 98, 99, 98, 96, 97]
-------------------------------------------------------------------------
Wait time: 2200.0 Processing files: Z:\Lab Data\Qudit_Ramsey_raw_data\Raw_data_copied\2026\2026_04\2026_04_27\qudit_ramsey_scan_bused_2428
Threshold recalculated using histogram: 12.5
(6, 100, 2)
12.5
Warning: Expected at least 3 columns in the data for shelving detection.
[98, 94, 96, 96, 100, 98]
-------------------------------------------------------------------------
Wait time: 2200.0 Processing files: Z:\Lab Data\Qudit_Ramsey_raw_data\Raw_data_copied\2026\2026_04\2026_04_28\qudit_ramsey_scan_bused_811
Threshold recalculated using histogram: 9.5
(6, 100, 2)
9.5
Warning: Expected at least 3 columns in the data for shelving detection.
[99, 98, 98, 97, 99, 98]
-------------------------------------------------------------------------
Wait time: 2200.0 Processing files: Z:\Lab Data\Qudit_Ramsey_raw_data\Raw_data_copied\2026\2026_04\2026_04_28\qudit_ramsey_scan_bused_1417
Threshold recalculated using histogram: 10.5
(6, 100, 2)
10.5
Warning: Expected at least 3 columns in the data for shelving detection.
[99, 99, 100, 100, 98, 99]
-------------------------------------------------------------------------
Wait time: 2200.0 Processing files: Z:\Lab Data\Qudit_Ramsey_raw_data\Raw_data_copied\2026\2026_05\2026_05_01\qudit_ramsey_scan_bused_1320
Threshold recalculated using histogram: 9.5
(6, 100, 2)
9.5
Warning: Expected at least 3 columns in the data for shelving detection.
[96, 93, 97, 95, 97, 94]
-------------------------------------------------------------------------
Wait time: 2200.0 Processing files: Z:\Lab Data\Qudit_Ramsey_raw_data\Raw_data_copied\2026\2026_05\2026_05_01\qudit_ramsey_scan_bused_1950
Threshold recalculated using histogram: 9.5
(6, 100, 2)
9.5
Warning: Expected at least 3 columns in the data for shelving detection.
[98, 100, 99, 96, 97, 100]
-------------------------------------------------------------------------
Wait time: 2400.0 Processing files: Z:\Lab Data\Qudit_Ramsey_raw_data\Raw_data_copied\2026\2026_04\2026_04_27\qudit_ramsey_scan_bused_1177
Threshold recalculated using histogram: 10.5
(6, 100, 2)
10.5
Warning: Expected at least 3 columns in the data for shelving detection.
[97, 99, 94, 93, 97, 97]
-------------------------------------------------------------------------
Wait time: 2400.0 Processing files: Z:\Lab Data\Qudit_Ramsey_raw_data\Raw_data_copied\2026\2026_04\2026_04_27\qudit_ramsey_scan_bused_1824
Threshold recalculated using histogram: 10.5
(6, 100, 2)
10.5
Warning: Expected at least 3 columns in the data for shelving detection.
[96, 97, 99, 96, 96, 99]
-------------------------------------------------------------------------
Wait time: 2400.0 Processing files: Z:\Lab Data\Qudit_Ramsey_raw_data\Raw_data_copied\2026\2026_04\2026_04_27\qudit_ramsey_scan_bused_2442
Threshold recalculated using histogram: 11.5
(6, 100, 2)
11.5
Warning: Expected at least 3 columns in the data for shelving detection.
[99, 99, 96, 97, 99, 99]
-------------------------------------------------------------------------
Wait time: 2400.0 Processing files: Z:\Lab Data\Qudit_Ramsey_raw_data\Raw_data_copied\2026\2026_04\2026_04_28\qudit_ramsey_scan_bused_825
Threshold recalculated using histogram: 9.5
(6, 100, 2)
9.5
Warning: Expected at least 3 columns in the data for shelving detection.
[100, 100, 99, 100, 98, 99]
-------------------------------------------------------------------------
Wait time: 2400.0 Processing files: Z:\Lab Data\Qudit_Ramsey_raw_data\Raw_data_copied\2026\2026_04\2026_04_28\qudit_ramsey_scan_bused_1431
Threshold recalculated using histogram: 9.5
(6, 100, 2)
9.5
Warning: Expected at least 3 columns in the data for shelving detection.
[99, 99, 96, 99, 97, 100]
-------------------------------------------------------------------------
Wait time: 2400.0 Processing files: Z:\Lab Data\Qudit_Ramsey_raw_data\Raw_data_copied\2026\2026_05\2026_05_01\qudit_ramsey_scan_bused_1334
Threshold recalculated using histogram: 10.5
(6, 100, 2)
10.5
Warning: Expected at least 3 columns in the data for shelving detection.
[96, 94, 97, 99, 98, 96]
-------------------------------------------------------------------------
Wait time: 2400.0 Processing files: Z:\Lab Data\Qudit_Ramsey_raw_data\Raw_data_copied\2026\2026_05\2026_05_01\qudit_ramsey_scan_bused_1964
Threshold recalculated using histogram: 9.5
(6, 100, 2)
9.5
Warning: Expected at least 3 columns in the data for shelving detection.
[99, 100, 97, 99, 100, 98]
-------------------------------------------------------------------------
Wait time: 2600.0 Processing files: Z:\Lab Data\Qudit_Ramsey_raw_data\Raw_data_copied\2026\2026_04\2026_04_27\qudit_ramsey_scan_bused_1191
Threshold recalculated using histogram: 9.5
(6, 100, 2)
9.5
Warning: Expected at least 3 columns in the data for shelving detection.
[94, 98, 97, 93, 94, 87]
-------------------------------------------------------------------------
Wait time: 2600.0 Processing files: Z:\Lab Data\Qudit_Ramsey_raw_data\Raw_data_copied\2026\2026_04\2026_04_27\qudit_ramsey_scan_bused_1838
Threshold recalculated using histogram: 13.5
(6, 100, 2)
13.5
Warning: Expected at least 3 columns in the data for shelving detection.
[97, 97, 96, 99, 98, 100]
-------------------------------------------------------------------------
Wait time: 2600.0 Processing files: Z:\Lab Data\Qudit_Ramsey_raw_data\Raw_data_copied\2026\2026_04\2026_04_27\qudit_ramsey_scan_bused_2456
Threshold recalculated using histogram: 10.5
(6, 100, 2)
10.5
Warning: Expected at least 3 columns in the data for shelving detection.
[99, 98, 95, 95, 97, 95]
-------------------------------------------------------------------------
Wait time: 2600.0 Processing files: Z:\Lab Data\Qudit_Ramsey_raw_data\Raw_data_copied\2026\2026_04\2026_04_28\qudit_ramsey_scan_bused_839
Threshold recalculated using histogram: 10.5
(6, 100, 2)
10.5
Warning: Expected at least 3 columns in the data for shelving detection.
[99, 98, 100, 100, 97, 99]
-------------------------------------------------------------------------
Wait time: 2600.0 Processing files: Z:\Lab Data\Qudit_Ramsey_raw_data\Raw_data_copied\2026\2026_04\2026_04_28\qudit_ramsey_scan_bused_1445
Threshold recalculated using histogram: 9.5
(6, 100, 2)
9.5
Warning: Expected at least 3 columns in the data for shelving detection.
[100, 99, 98, 99, 99, 99]
-------------------------------------------------------------------------
Wait time: 2600.0 Processing files: Z:\Lab Data\Qudit_Ramsey_raw_data\Raw_data_copied\2026\2026_05\2026_05_01\qudit_ramsey_scan_bused_1348
Threshold recalculated using histogram: 9.5
(6, 100, 2)
9.5
Warning: Expected at least 3 columns in the data for shelving detection.
[97, 98, 98, 100, 99, 97]
-------------------------------------------------------------------------
Wait time: 2600.0 Processing files: Z:\Lab Data\Qudit_Ramsey_raw_data\Raw_data_copied\2026\2026_05\2026_05_01\qudit_ramsey_scan_bused_1978
Threshold recalculated using histogram: 11.5
(6, 100, 2)
11.5
Warning: Expected at least 3 columns in the data for shelving detection.
[97, 100, 100, 97, 99, 98]
-------------------------------------------------------------------------
Wait time: 2800.0 Processing files: Z:\Lab Data\Qudit_Ramsey_raw_data\Raw_data_copied\2026\2026_04\2026_04_27\qudit_ramsey_scan_bused_1205
Threshold recalculated using histogram: 10.5
(6, 100, 2)
10.5
Warning: Expected at least 3 columns in the data for shelving detection.
[92, 91, 91, 90, 95, 96]
-------------------------------------------------------------------------
Wait time: 2800.0 Processing files: Z:\Lab Data\Qudit_Ramsey_raw_data\Raw_data_copied\2026\2026_04\2026_04_27\qudit_ramsey_scan_bused_1852
Threshold recalculated using histogram: 11.5
(6, 100, 2)
11.5
Warning: Expected at least 3 columns in the data for shelving detection.
[97, 99, 95, 100, 99, 96]
-------------------------------------------------------------------------
Wait time: 2800.0 Processing files: Z:\Lab Data\Qudit_Ramsey_raw_data\Raw_data_copied\2026\2026_04\2026_04_27\qudit_ramsey_scan_bused_2470
Threshold recalculated using histogram: 10.5
(6, 100, 2)
10.5
Warning: Expected at least 3 columns in the data for shelving detection.
[94, 99, 99, 97, 97, 98]
-------------------------------------------------------------------------
Wait time: 2800.0 Processing files: Z:\Lab Data\Qudit_Ramsey_raw_data\Raw_data_copied\2026\2026_04\2026_04_28\qudit_ramsey_scan_bused_853
Threshold recalculated using histogram: 9.5
(6, 100, 2)
9.5
Warning: Expected at least 3 columns in the data for shelving detection.
[98, 98, 100, 100, 100, 99]
-------------------------------------------------------------------------
Wait time: 2800.0 Processing files: Z:\Lab Data\Qudit_Ramsey_raw_data\Raw_data_copied\2026\2026_04\2026_04_28\qudit_ramsey_scan_bused_1459
Threshold recalculated using histogram: 10.5
(6, 100, 2)
10.5
Warning: Expected at least 3 columns in the data for shelving detection.
[98, 99, 99, 99, 99, 100]
-------------------------------------------------------------------------
Wait time: 2800.0 Processing files: Z:\Lab Data\Qudit_Ramsey_raw_data\Raw_data_copied\2026\2026_05\2026_05_01\qudit_ramsey_scan_bused_1362
Threshold recalculated using histogram: 11.5
(6, 100, 2)
11.5
Warning: Expected at least 3 columns in the data for shelving detection.
[95, 98, 98, 100, 98, 99]
-------------------------------------------------------------------------
Wait time: 2800.0 Processing files: Z:\Lab Data\Qudit_Ramsey_raw_data\Raw_data_copied\2026\2026_05\2026_05_01\qudit_ramsey_scan_bused_1992
Threshold recalculated using histogram: 10.5
(6, 100, 2)
10.5
Warning: Expected at least 3 columns in the data for shelving detection.
[98, 100, 99, 98, 99, 99]
-------------------------------------------------------------------------
Wait time: 3000.0 Processing files: Z:\Lab Data\Qudit_Ramsey_raw_data\Raw_data_copied\2026\2026_04\2026_04_27\qudit_ramsey_scan_bused_1219
Threshold recalculated using histogram: 11.5
(6, 100, 2)
11.5
Warning: Expected at least 3 columns in the data for shelving detection.
[97, 95, 96, 94, 95, 98]
-------------------------------------------------------------------------
Wait time: 3000.0 Processing files: Z:\Lab Data\Qudit_Ramsey_raw_data\Raw_data_copied\2026\2026_04\2026_04_27\qudit_ramsey_scan_bused_1866
Threshold recalculated using histogram: 11.5
(6, 100, 2)
11.5
Warning: Expected at least 3 columns in the data for shelving detection.
[97, 99, 99, 95, 99, 94]
-------------------------------------------------------------------------
Wait time: 3000.0 Processing files: Z:\Lab Data\Qudit_Ramsey_raw_data\Raw_data_copied\2026\2026_04\2026_04_27\qudit_ramsey_scan_bused_2484
Threshold recalculated using histogram: 9.5
(6, 100, 2)
9.5
Warning: Expected at least 3 columns in the data for shelving detection.
[95, 99, 95, 95, 97, 95]
-------------------------------------------------------------------------
Wait time: 3000.0 Processing files: Z:\Lab Data\Qudit_Ramsey_raw_data\Raw_data_copied\2026\2026_04\2026_04_28\qudit_ramsey_scan_bused_872
Threshold recalculated using histogram: 9.5
(6, 100, 2)
9.5
Warning: Expected at least 3 columns in the data for shelving detection.
[97, 100, 99, 100, 98, 100]
-------------------------------------------------------------------------
Wait time: 3000.0 Processing files: Z:\Lab Data\Qudit_Ramsey_raw_data\Raw_data_copied\2026\2026_04\2026_04_28\qudit_ramsey_scan_bused_1473
Threshold recalculated using histogram: 10.5
(6, 100, 2)
10.5
Warning: Expected at least 3 columns in the data for shelving detection.
[99, 98, 98, 100, 100, 100]
-------------------------------------------------------------------------
Wait time: 3000.0 Processing files: Z:\Lab Data\Qudit_Ramsey_raw_data\Raw_data_copied\2026\2026_05\2026_05_01\qudit_ramsey_scan_bused_1376
Threshold recalculated using histogram: 10.5
(6, 100, 2)
10.5
Warning: Expected at least 3 columns in the data for shelving detection.
[94, 97, 99, 97, 97, 97]
-------------------------------------------------------------------------
Wait time: 3000.0 Processing files: Z:\Lab Data\Qudit_Ramsey_raw_data\Raw_data_copied\2026\2026_05\2026_05_01\qudit_ramsey_scan_bused_2006
Threshold recalculated using histogram: 10.5
(6, 100, 2)
10.5
Warning: Expected at least 3 columns in the data for shelving detection.
[100, 99, 99, 99, 100, 98]
-------------------------------------------------------------------------
Wait time: 3200.0 Processing files: Z:\Lab Data\Qudit_Ramsey_raw_data\Raw_data_copied\2026\2026_04\2026_04_27\qudit_ramsey_scan_bused_1233
Threshold recalculated using histogram: 11.5
(6, 100, 2)
11.5
Warning: Expected at least 3 columns in the data for shelving detection.
[96, 98, 96, 97, 97, 98]
-------------------------------------------------------------------------
Wait time: 3200.0 Processing files: Z:\Lab Data\Qudit_Ramsey_raw_data\Raw_data_copied\2026\2026_04\2026_04_27\qudit_ramsey_scan_bused_1880
Threshold recalculated using histogram: 11.5
(6, 100, 2)
11.5
Warning: Expected at least 3 columns in the data for shelving detection.
[97, 100, 99, 97, 99, 96]
-------------------------------------------------------------------------
Wait time: 3200.0 Processing files: Z:\Lab Data\Qudit_Ramsey_raw_data\Raw_data_copied\2026\2026_04\2026_04_27\qudit_ramsey_scan_bused_2498
Threshold recalculated using histogram: 10.5
(6, 100, 2)
10.5
Warning: Expected at least 3 columns in the data for shelving detection.
[98, 98, 97, 95, 99, 100]
-------------------------------------------------------------------------
Wait time: 3200.0 Processing files: Z:\Lab Data\Qudit_Ramsey_raw_data\Raw_data_copied\2026\2026_04\2026_04_28\qudit_ramsey_scan_bused_886
Threshold recalculated using histogram: 9.5
(6, 100, 2)
9.5
Warning: Expected at least 3 columns in the data for shelving detection.
[98, 98, 99, 100, 98, 98]
-------------------------------------------------------------------------
Wait time: 3200.0 Processing files: Z:\Lab Data\Qudit_Ramsey_raw_data\Raw_data_copied\2026\2026_04\2026_04_28\qudit_ramsey_scan_bused_1487
Threshold recalculated using histogram: 9.5
(6, 100, 2)
9.5
Warning: Expected at least 3 columns in the data for shelving detection.
[99, 98, 100, 99, 99, 98]
-------------------------------------------------------------------------
Wait time: 3200.0 Processing files: Z:\Lab Data\Qudit_Ramsey_raw_data\Raw_data_copied\2026\2026_05\2026_05_01\qudit_ramsey_scan_bused_1390
Threshold recalculated using histogram: 11.5
(6, 100, 2)
11.5
Warning: Expected at least 3 columns in the data for shelving detection.
[98, 99, 98, 95, 96, 99]
-------------------------------------------------------------------------
Wait time: 3200.0 Processing files: Z:\Lab Data\Qudit_Ramsey_raw_data\Raw_data_copied\2026\2026_05\2026_05_01\qudit_ramsey_scan_bused_2020
Threshold recalculated using histogram: 9.5
(6, 100, 2)
9.5
Warning: Expected at least 3 columns in the data for shelving detection.
[98, 99, 99, 97, 98, 98]
-------------------------------------------------------------------------
Wait time: 3400.0 Processing files: Z:\Lab Data\Qudit_Ramsey_raw_data\Raw_data_copied\2026\2026_04\2026_04_27\qudit_ramsey_scan_bused_1247
Threshold recalculated using histogram: 11.5
(6, 100, 2)
11.5
Warning: Expected at least 3 columns in the data for shelving detection.
[98, 99, 97, 97, 99, 98]
-------------------------------------------------------------------------
Wait time: 3400.0 Processing files: Z:\Lab Data\Qudit_Ramsey_raw_data\Raw_data_copied\2026\2026_04\2026_04_27\qudit_ramsey_scan_bused_1894
Threshold recalculated using histogram: 10.5
(6, 100, 2)
10.5
Warning: Expected at least 3 columns in the data for shelving detection.
[96, 100, 97, 97, 98, 100]
-------------------------------------------------------------------------
Wait time: 3400.0 Processing files: Z:\Lab Data\Qudit_Ramsey_raw_data\Raw_data_copied\2026\2026_04\2026_04_27\qudit_ramsey_scan_bused_2512
Threshold recalculated using histogram: 12.5
(6, 100, 2)
12.5
Warning: Expected at least 3 columns in the data for shelving detection.
[99, 97, 99, 100, 98, 99]
-------------------------------------------------------------------------
Wait time: 3400.0 Processing files: Z:\Lab Data\Qudit_Ramsey_raw_data\Raw_data_copied\2026\2026_04\2026_04_28\qudit_ramsey_scan_bused_900
Threshold recalculated using histogram: 10.5
(6, 100, 2)
10.5
Warning: Expected at least 3 columns in the data for shelving detection.
[99, 99, 99, 99, 98, 100]
-------------------------------------------------------------------------
Wait time: 3400.0 Processing files: Z:\Lab Data\Qudit_Ramsey_raw_data\Raw_data_copied\2026\2026_04\2026_04_28\qudit_ramsey_scan_bused_1504
Threshold recalculated using histogram: 11.5
(6, 100, 2)
11.5
Warning: Expected at least 3 columns in the data for shelving detection.
[98, 98, 96, 99, 99, 99]
-------------------------------------------------------------------------
Wait time: 3400.0 Processing files: Z:\Lab Data\Qudit_Ramsey_raw_data\Raw_data_copied\2026\2026_05\2026_05_01\qudit_ramsey_scan_bused_1404
Threshold recalculated using histogram: 11.5
(6, 100, 2)
11.5
Warning: Expected at least 3 columns in the data for shelving detection.
[95, 100, 100, 97, 96, 100]
-------------------------------------------------------------------------
Wait time: 3400.0 Processing files: Z:\Lab Data\Qudit_Ramsey_raw_data\Raw_data_copied\2026\2026_05\2026_05_01\qudit_ramsey_scan_bused_2034
Threshold recalculated using histogram: 9.5
(6, 100, 2)
9.5
Warning: Expected at least 3 columns in the data for shelving detection.
[100, 99, 98, 98, 100, 99]
-------------------------------------------------------------------------
Wait time: 3600.0 Processing files: Z:\Lab Data\Qudit_Ramsey_raw_data\Raw_data_copied\2026\2026_04\2026_04_27\qudit_ramsey_scan_bused_1261
Threshold recalculated using histogram: 11.5
(6, 100, 2)
11.5
Warning: Expected at least 3 columns in the data for shelving detection.
[98, 100, 98, 98, 97, 98]
-------------------------------------------------------------------------
Wait time: 3600.0 Processing files: Z:\Lab Data\Qudit_Ramsey_raw_data\Raw_data_copied\2026\2026_04\2026_04_27\qudit_ramsey_scan_bused_1908
Threshold recalculated using histogram: 10.5
(6, 100, 2)
10.5
Warning: Expected at least 3 columns in the data for shelving detection.
[99, 100, 100, 98, 97, 99]
-------------------------------------------------------------------------
Wait time: 3600.0 Processing files: Z:\Lab Data\Qudit_Ramsey_raw_data\Raw_data_copied\2026\2026_04\2026_04_27\qudit_ramsey_scan_bused_2526
Threshold recalculated using histogram: 11.5
(6, 100, 2)
11.5
Warning: Expected at least 3 columns in the data for shelving detection.
[96, 99, 99, 98, 97, 99]
-------------------------------------------------------------------------
Wait time: 3600.0 Processing files: Z:\Lab Data\Qudit_Ramsey_raw_data\Raw_data_copied\2026\2026_04\2026_04_28\qudit_ramsey_scan_bused_914
Threshold recalculated using histogram: 10.5
(6, 100, 2)
10.5
Warning: Expected at least 3 columns in the data for shelving detection.
[98, 99, 99, 97, 100, 99]
-------------------------------------------------------------------------
Wait time: 3600.0 Processing files: Z:\Lab Data\Qudit_Ramsey_raw_data\Raw_data_copied\2026\2026_04\2026_04_28\qudit_ramsey_scan_bused_1518
Threshold recalculated using histogram: 11.5
(6, 100, 2)
11.5
Warning: Expected at least 3 columns in the data for shelving detection.
[99, 99, 100, 99, 98, 98]
-------------------------------------------------------------------------
Wait time: 3600.0 Processing files: Z:\Lab Data\Qudit_Ramsey_raw_data\Raw_data_copied\2026\2026_05\2026_05_01\qudit_ramsey_scan_bused_1418
Threshold recalculated using histogram: 10.5
(6, 100, 2)
10.5
Warning: Expected at least 3 columns in the data for shelving detection.
[99, 100, 99, 95, 98, 99]
-------------------------------------------------------------------------
Wait time: 3600.0 Processing files: Z:\Lab Data\Qudit_Ramsey_raw_data\Raw_data_copied\2026\2026_05\2026_05_01\qudit_ramsey_scan_bused_2048
Threshold recalculated using histogram: 11.5
(6, 100, 2)
11.5
Warning: Expected at least 3 columns in the data for shelving detection.
[99, 99, 100, 99, 100, 100]
-------------------------------------------------------------------------
Wait time: 3800.0 Processing files: Z:\Lab Data\Qudit_Ramsey_raw_data\Raw_data_copied\2026\2026_04\2026_04_27\qudit_ramsey_scan_bused_1275
Threshold recalculated using histogram: 10.5
(6, 100, 2)
10.5
Warning: Expected at least 3 columns in the data for shelving detection.
[97, 98, 99, 97, 97, 99]
-------------------------------------------------------------------------
Wait time: 3800.0 Processing files: Z:\Lab Data\Qudit_Ramsey_raw_data\Raw_data_copied\2026\2026_04\2026_04_27\qudit_ramsey_scan_bused_1922
Threshold recalculated using histogram: 10.5
(6, 100, 2)
10.5
Warning: Expected at least 3 columns in the data for shelving detection.
[99, 99, 97, 99, 97, 99]
-------------------------------------------------------------------------
Wait time: 3800.0 Processing files: Z:\Lab Data\Qudit_Ramsey_raw_data\Raw_data_copied\2026\2026_04\2026_04_27\qudit_ramsey_scan_bused_2540
Threshold recalculated using histogram: 10.5
(6, 100, 2)
10.5
Warning: Expected at least 3 columns in the data for shelving detection.
[97, 97, 99, 96, 95, 98]
-------------------------------------------------------------------------
Wait time: 3800.0 Processing files: Z:\Lab Data\Qudit_Ramsey_raw_data\Raw_data_copied\2026\2026_04\2026_04_28\qudit_ramsey_scan_bused_928
Threshold recalculated using histogram: 9.5
(6, 100, 2)
9.5
Warning: Expected at least 3 columns in the data for shelving detection.
[98, 100, 99, 99, 100, 100]
-------------------------------------------------------------------------
Wait time: 3800.0 Processing files: Z:\Lab Data\Qudit_Ramsey_raw_data\Raw_data_copied\2026\2026_04\2026_04_28\qudit_ramsey_scan_bused_1532
Threshold recalculated using histogram: 10.5
(6, 100, 2)
10.5
Warning: Expected at least 3 columns in the data for shelving detection.
[100, 100, 99, 99, 99, 100]
-------------------------------------------------------------------------
Wait time: 3800.0 Processing files: Z:\Lab Data\Qudit_Ramsey_raw_data\Raw_data_copied\2026\2026_05\2026_05_01\qudit_ramsey_scan_bused_1432
Threshold recalculated using histogram: 10.5
(6, 100, 2)
10.5
Warning: Expected at least 3 columns in the data for shelving detection.
[98, 96, 96, 98, 95, 100]
-------------------------------------------------------------------------
Wait time: 3800.0 Processing files: Z:\Lab Data\Qudit_Ramsey_raw_data\Raw_data_copied\2026\2026_05\2026_05_01\qudit_ramsey_scan_bused_2062
Threshold recalculated using histogram: 10.5
(6, 100, 2)
10.5
Warning: Expected at least 3 columns in the data for shelving detection.
[99, 98, 100, 100, 100, 98]
-------------------------------------------------------------------------
Wait time: 4000.0 Processing files: Z:\Lab Data\Qudit_Ramsey_raw_data\Raw_data_copied\2026\2026_04\2026_04_27\qudit_ramsey_scan_bused_1289
Threshold recalculated using histogram: 10.5
(6, 100, 2)
10.5
Warning: Expected at least 3 columns in the data for shelving detection.
[96, 98, 98, 97, 98, 95]
-------------------------------------------------------------------------
Wait time: 4000.0 Processing files: Z:\Lab Data\Qudit_Ramsey_raw_data\Raw_data_copied\2026\2026_04\2026_04_27\qudit_ramsey_scan_bused_1936
Threshold recalculated using histogram: 10.5
(6, 100, 2)
10.5
Warning: Expected at least 3 columns in the data for shelving detection.
[98, 94, 98, 98, 96, 92]
-------------------------------------------------------------------------
Wait time: 4000.0 Processing files: Z:\Lab Data\Qudit_Ramsey_raw_data\Raw_data_copied\2026\2026_04\2026_04_27\qudit_ramsey_scan_bused_2554
Threshold recalculated using histogram: 11.5
(6, 100, 2)
11.5
Warning: Expected at least 3 columns in the data for shelving detection.
[94, 93, 95, 94, 97, 99]
-------------------------------------------------------------------------
Wait time: 4000.0 Processing files: Z:\Lab Data\Qudit_Ramsey_raw_data\Raw_data_copied\2026\2026_04\2026_04_28\qudit_ramsey_scan_bused_942
Threshold recalculated using histogram: 10.5
(6, 100, 2)
10.5
Warning: Expected at least 3 columns in the data for shelving detection.
[100, 100, 98, 100, 100, 98]
-------------------------------------------------------------------------
Wait time: 4000.0 Processing files: Z:\Lab Data\Qudit_Ramsey_raw_data\Raw_data_copied\2026\2026_04\2026_04_28\qudit_ramsey_scan_bused_1546
Threshold recalculated using histogram: 12.5
(6, 100, 2)
12.5
Warning: Expected at least 3 columns in the data for shelving detection.
[100, 98, 98, 100, 99, 97]
-------------------------------------------------------------------------
Wait time: 4000.0 Processing files: Z:\Lab Data\Qudit_Ramsey_raw_data\Raw_data_copied\2026\2026_05\2026_05_01\qudit_ramsey_scan_bused_1446
Threshold recalculated using histogram: 10.5
(6, 100, 2)
10.5
Warning: Expected at least 3 columns in the data for shelving detection.
[97, 98, 99, 98, 98, 99]
-------------------------------------------------------------------------
Wait time: 4000.0 Processing files: Z:\Lab Data\Qudit_Ramsey_raw_data\Raw_data_copied\2026\2026_05\2026_05_01\qudit_ramsey_scan_bused_2079
Threshold recalculated using histogram: 11.5
(6, 100, 2)
11.5
Warning: Expected at least 3 columns in the data for shelving detection.
[100, 98, 100, 100, 100, 99]
