state_index,state_label,sensitivity_mhz_per_g,pi_time_us,wait_time_us,scan_phase_rad,mean_excited_population,population_std_across_noise_shots,population_sem,fitted_population
8,"[2, 0]",4.0589839045424014e-05,79.04,0.0,0.0,0.9945284057525344,0.007025384130868293,0.0004967696759377329,0.9942164924883214
8,"[2, 0]",4.0589839045424014e-05,79.04,0.0,0.39269908169872414,0.9551588247659172,0.014991629344665582,0.001060068277064827,0.9568382538231833
8,"[2, 0]",4.0589839045424014e-05,79.04,0.0,0.7853981633974483,0.850033033381222,0.02070059884875357,0.0014637533820576088,0.8495871996910969
8,"[2, 0]",4.0589839045424014e-05,79.04,0.0,1.1780972450961724,0.6874902490749235,0.03356555897012372,0.002373443436209143,0.688791330850445
8,"[2, 0]",4.0589839045424014e-05,79.04,0.0,1.5707963267948966,0.5008698287201464,0.033798556030921446,0.0023899188163778035,0.49893036071403696
8,"[2, 0]",4.0589839045424014e-05,79.04,0.0,1.9634954084936207,0.3115181756445528,0.03368318393705186,0.002381760777384316,0.30890890089115997
8,"[2, 0]",4.0589839045424014e-05,79.04,0.0,2.356194490192345,0.14897818352067962,0.025076705270025725,0.0017731908346251624,0.14765599609102503
8,"[2, 0]",4.0589839045424014e-05,79.04,0.0,2.748893571891069,0.03971509378993805,0.014112064877352134,0.0009978736771320198,0.03972093930822995
8,"[2, 0]",4.0589839045424014e-05,79.04,0.0,3.141592653589793,0.0014717732003900247,0.0035999730446137986,0.00025455653519351984,0.0015358645042296004
8,"[2, 0]",4.0589839045424014e-05,79.04,0.0,3.5342917352885173,0.038896301383564674,0.011830035168807797,0.0008365098089539336,0.03891410316936772
8,"[2, 0]",4.0589839045424014e-05,79.04,0.0,3.9269908169872414,0.14582026043769586,0.024161824145731144,0.0017084989699283353,0.14616515730145418
8,"[2, 0]",4.0589839045424014e-05,79.04,0.0,4.319689898685965,0.30657348117177363,0.03249351384817099,0.00229763839866207,0.3069610261421056
8,"[2, 0]",4.0589839045424014e-05,79.04,0.0,4.71238898038469,0.5008766984873978,0.029974219449909897,0.0021194973833804994,0.496821996278514
8,"[2, 0]",4.0589839045424014e-05,79.04,0.0,5.105088062083414,0.6880944090576384,0.03493622087163518,0.002470363868736423,0.686843456101391
8,"[2, 0]",4.0589839045424014e-05,79.04,0.0,5.497787143782138,0.8467534625456191,0.022034628775012634,0.0015580835427739662,0.848096360901526
8,"[2, 0]",4.0589839045424014e-05,79.04,0.0,5.890486225480862,0.9555987174985426,0.01673393892785267,0.0011832681691846167,0.9560314176843209
8,"[2, 0]",4.0589839045424014e-05,79.04,125.0,0.0,0.9848281318129104,0.02227359648819023,0.0015749811118212183,0.9848886364955665
8,"[2, 0]",4.0589839045424014e-05,79.04,125.0,0.39269908169872414,0.9397136805525304,0.06276037192285466,0.004437828457644033,0.9482812700567176
8,"[2, 0]",4.0589839045424014e-05,79.04,125.0,0.7853981633974483,0.8477538911643859,0.07522929406733284,0.005319514397888796,0.8430382506376766
8,"[2, 0]",4.0589839045424014e-05,79.04,125.0,1.1780972450961724,0.6954540202167305,0.11584879119609047,0.008191746584701997,0.6851818739146456
8,"[2, 0]",4.0589839045424014e-05,79.04,125.0,1.5707963267948966,0.50411574837647,0.10007906163621781,0.007076658313775607,0.49874434227208747
8,"[2, 0]",4.0589839045424014e-05,79.04,125.0,1.9634954084936207,0.310112679516924,0.10120397148231096,0.007156201451815205,0.3121090798421493
8,"[2, 0]",4.0589839045424014e-05,79.04,125.0,2.356194490192345,0.15208889419450686,0.06939438582374029,0.004906924079224237,0.15368961347692167
8,"[2, 0]",4.0589839045424014e-05,79.04,125.0,2.748893571891069,0.05202001101979637,0.059742218987631296,0.004224412816928581,0.04760387085447232
8,"[2, 0]",4.0589839045424014e-05,79.04,125.0,3.141592653589793,0.009001575503751942,0.023055822904102515,0.0016302928721327007,0.010002444619417072
8,"[2, 0]",4.0589839045424014e-05,79.04,125.0,3.5342917352885173,0.048166238672487365,0.04651661612983543,0.0032892214703258166,0.04660981105826578
8,"[2, 0]",4.0589839045424014e-05,79.04,125.0,3.9269908169872414,0.1498097507090496,0.07751108112665257,0.0054808611081756655,0.1518528304773069
8,"[2, 0]",4.0589839045424014e-05,79.04,125.0,4.319689898685965,0.30596599526709467,0.10388447368065937,0.007345741579958966,0.3097092072003378
8,"[2, 0]",4.0589839045424014e-05,79.04,125.0,4.71238898038469,0.497471688074312,0.10619258407907403,0.007508949631403585,0.49614673884289595
8,"[2, 0]",4.0589839045424014e-05,79.04,125.0,5.105088062083414,0.6887954316598106,0.11148603753652343,0.00788325331496937,0.6827820012728345
8,"[2, 0]",4.0589839045424014e-05,79.04,125.0,5.497787143782138,0.8505954629011506,0.07720107388894491,0.005458940286175665,0.8412014676380618
8,"[2, 0]",4.0589839045424014e-05,79.04,125.0,5.890486225480862,0.945520975496112,0.04493287700615647,0.0031772342029274332,0.9472872102605112
8,"[2, 0]",4.0589839045424014e-05,79.04,250.0,0.0,0.9533819859956262,0.09464176096905416,0.006692183096465451,0.9551592136983591
8,"[2, 0]",4.0589839045424014e-05,79.04,250.0,0.39269908169872414,0.9143634012655086,0.11420695686411232,0.008075651365729334,0.9199159303881085
8,"[2, 0]",4.0589839045424014e-05,79.04,250.0,0.7853981633974483,0.8297424020887402,0.12763929321556303,0.00902546097785827,0.8200309073142082
8,"[2, 0]",4.0589839045424014e-05,79.04,250.0,1.1780972450961724,0.6812755994734352,0.15418383127608487,0.01090244326446421,0.6707107337796706
8,"[2, 0]",4.0589839045424014e-05,79.04,250.0,1.5707963267948966,0.49960505249375253,0.15947151653299887,0.011276339074658612,0.4946880526143853
8,"[2, 0]",4.0589839045424014e-05,79.04,250.0,1.9634954084936207,0.3092931071589091,0.1729007728816169,0.012225930897698642,0.3187607213761887
8,"[2, 0]",4.0589839045424014e-05,79.04,250.0,2.356194490192345,0.163174676167477,0.13871402229347066,0.009808562580937503,0.1697120814608673
8,"[2, 0]",4.0589839045424014e-05,79.04,250.0,2.748893571891069,0.07379417045792086,0.1018852810647937,0.007204377314401297,0.07023343716624342
8,"[2, 0]",4.0589839045424014e-05,79.04,250.0,3.141592653589793,0.02985369017172817,0.07371993997906032,0.005212786946785882,0.03546951031001727
8,"[2, 0]",4.0589839045424014e-05,79.04,250.0,3.5342917352885173,0.07826223069247211,0.11153992808279718,0.007887063952040571,0.07071279362026789
8,"[2, 0]",4.0589839045424014e-05,79.04,250.0,3.9269908169872414,0.18294818463915455,0.1486697960695118,0.010512542095837293,0.17059781669416807
8,"[2, 0]",4.0589839045424014e-05,79.04,250.0,4.319689898685965,0.30905612932293935,0.14718939540302634,0.010407861960822795,0.3199179902287055
8,"[2, 0]",4.0589839045424014e-05,79.04,250.0,4.71238898038469,0.5108985011566228,0.17436261101194517,0.01232929846319386,0.49594067139399095
8,"[2, 0]",4.0589839045424014e-05,79.04,250.0,5.105088062083414,0.6639615666230396,0.16819995909608695,0.0118935331672143,0.6718680026321877
8,"[2, 0]",4.0589839045424014e-05,79.04,250.0,5.497787143782138,0.8257707968200185,0.11627013910896694,0.008221540381345373,0.820916642547509
8,"[2, 0]",4.0589839045424014e-05,79.04,250.0,5.890486225480862,0.9131211841442893,0.12076312189627983,0.00853924224101171,0.9203952868421329
8,"[2, 0]",4.0589839045424014e-05,79.04,375.0,0.0,0.9220393603336009,0.14981744721334925,0.010593693286461687,0.924519141967866
8,"[2, 0]",4.0589839045424014e-05,79.04,375.0,0.39269908169872414,0.8981899466424896,0.14152907197604342,0.010007616652929926,0.8925984370788708
8,"[2, 0]",4.0589839045424014e-05,79.04,375.0,0.7853981633974483,0.8068197756511724,0.1663864231517608,0.011765296810798442,0.8003394845275827
8,"[2, 0]",4.0589839045424014e-05,79.04,375.0,1.1780972450961724,0.6663512691392327,0.20211904963602684,0.014291975060461495,0.6617878735104479
8,"[2, 0]",4.0589839045424014e-05,79.04,375.0,1.5707963267948966,0.5029423376882497,0.20377886259872968,0.014409341560604349,0.4980368308313438
8,"[2, 0]",4.0589839045424014e-05,79.04,375.0,1.9634954084936207,0.3411319201700387,0.1868405346833539,0.013211620907511986,0.33401596833126523
8,"[2, 0]",4.0589839045424014e-05,79.04,375.0,2.356194490192345,0.1728673124963583,0.1574661681470403,0.01113453953042333,0.1946959754730287
8,"[2, 0]",4.0589839045424014e-05,79.04,375.0,2.748893571891069,0.10947342610670972,0.14486593369013434,0.010243568407521473,0.10128705823042
8,"[2, 0]",4.0589839045424014e-05,79.04,375.0,3.141592653589793,0.06622324284204073,0.13294318312413472,0.009400502629960065,0.06800987749968318
8,"[2, 0]",4.0589839045424014e-05,79.04,375.0,3.5342917352885173,0.09958038764014773,0.14869016866797788,0.010513982656089868,0.09993058238867836
8,"[2, 0]",4.0589839045424014e-05,79.04,375.0,3.9269908169872414,0.19148472711217385,0.19196984787541466,0.013574318121605564,0.19218953493996632
8,"[2, 0]",4.0589839045424014e-05,79.04,375.0,4.319689898685965,0.3429658168147498,0.23319951706061343,0.01648969598829877,0.3307411459571009
8,"[2, 0]",4.0589839045424014e-05,79.04,375.0,4.71238898038469,0.49192188423367944,0.22732676855434017,0.016074429958999874,0.49449218863620525
8,"[2, 0]",4.0589839045424014e-05,79.04,375.0,5.105088062083414,0.6784348899164957,0.20936322584913075,0.014804215672901102,0.6585130511362838
8,"[2, 0]",4.0589839045424014e-05,79.04,375.0,5.497787143782138,0.7944342783509629,0.19791302100861888,0.013994563924031004,0.7978330439945204
8,"[2, 0]",4.0589839045424014e-05,79.04,375.0,5.890486225480862,0.8689338019581336,0.172133940230926,0.012171707640964764,0.891241961237129
8,"[2, 0]",4.0589839045424014e-05,79.04,500.0,0.0,0.9069814309357932,0.1533116774446656,0.01084077267562077,0.8932092892909618
8,"[2, 0]",4.0589839045424014e-05,79.04,500.0,0.39269908169872414,0.8687688291351716,0.18397824779198432,0.013009226660453108,0.8642454520457424
8,"[2, 0]",4.0589839045424014e-05,79.04,500.0,0.7853981633974483,0.7861177694032061,0.2133544785484932,0.015086439857815933,0.7801554842424
8,"[2, 0]",4.0589839045424014e-05,79.04,500.0,1.1780972450961724,0.6382651376317798,0.22776260223248843,0.016105248053928684,0.6537413212015373
8,"[2, 0]",4.0589839045424014e-05,79.04,500.0,1.5707963267948966,0.503824480403618,0.2458390331394895,0.01738344474132774,0.5042483732988835
8,"[2, 0]",4.0589839045424014e-05,79.04,500.0,1.9634954084936207,0.3516199546894066,0.23391605900350304,0.016540363154980958,0.354435586695671
8,"[2, 0]",4.0589839045424014e-05,79.04,500.0,2.356194490192345,0.2232336525137935,0.2256900420121147,0.01595869591530431,0.2271106000959459
8,"[2, 0]",4.0589839045424014e-05,79.04,500.0,2.748893571891069,0.1391352920891515,0.18467852617259561,0.013058743819617965,0.1416574885056392
8,"[2, 0]",4.0589839045424014e-05,79.04,500.0,3.141592653589793,0.11337682720803005,0.19090706931938997,0.013499168329219094,0.1110857135299892
8,"[2, 0]",4.0589839045424014e-05,79.04,500.0,3.5342917352885173,0.1409590291114472,0.20565552188906022,0.014542041411621293,0.14004955077520848
8,"[2, 0]",4.0589839045424014e-05,79.04,500.0,3.9269908169872414,0.24871444553897107,0.23499847187682862,0.01661690130325817,0.2241395185785509
8,"[2, 0]",4.0589839045424014e-05,79.04,500.0,4.319689898685965,0.3474033554581122,0.21479301263729197,0.015188159578731694,0.3505536816194137
8,"[2, 0]",4.0589839045424014e-05,79.04,500.0,4.71238898038469,0.4832163451516982,0.22994292130506813,0.016259419894065832,0.5000466295220675
8,"[2, 0]",4.0589839045424014e-05,79.04,500.0,5.105088062083414,0.658072798344846,0.24316672433634492,0.017194483973714935,0.6498594161252803
8,"[2, 0]",4.0589839045424014e-05,79.04,500.0,5.497787143782138,0.7613972209337504,0.2273963257158328,0.016079348393057025,0.777184402725005
8,"[2, 0]",4.0589839045424014e-05,79.04,500.0,5.890486225480862,0.8492941174647669,0.2041823438872027,0.014437871996120462,0.8626375143153118
8,"[2, 0]",4.0589839045424014e-05,79.04,625.0,0.0,0.8576774159650492,0.21483380054874754,0.015191043719609762,0.8573286084272342
8,"[2, 0]",4.0589839045424014e-05,79.04,625.0,0.39269908169872414,0.8464971363086954,0.2134384571515146,0.015092378041783034,0.8307565086324536
8,"[2, 0]",4.0589839045424014e-05,79.04,625.0,0.7853981633974483,0.753810972450434,0.24412945386678944,0.017262559231657523,0.7526243148889976
8,"[2, 0]",4.0589839045424014e-05,79.04,625.0,1.1780972450961724,0.6433733052133589,0.2392512676967559,0.016917619379585407,0.6348269454242075
8,"[2, 0]",4.0589839045424014e-05,79.04,625.0,1.5707963267948966,0.5145181899575166,0.2856202724435985,0.02019640314892177,0.49529798190328367
8,"[2, 0]",4.0589839045424014e-05,79.04,625.0,1.9634954084936207,0.3388829941067712,0.2565933687776644,0.018143891107018705,0.3552794441890836
8,"[2, 0]",4.0589839045424014e-05,79.04,625.0,2.356194490192345,0.22362848500889065,0.20546491166571748,0.01452856323347238,0.2360878853773885
8,"[2, 0]",4.0589839045424014e-05,79.04,625.0,2.748893571891069,0.13799178514647528,0.1982857523947545,0.01402092001310076,0.15586913982310818
8,"[2, 0]",4.0589839045424014e-05,79.04,625.0,3.141592653589793,0.14928151968301037,0.22595702717607818,0.01597757461729579,0.12683578435214232
8,"[2, 0]",4.0589839045424014e-05,79.04,625.0,3.5342917352885173,0.155915968981524,0.2314083069265903,0.01636303830506899,0.1534078841469228
8,"[2, 0]",4.0589839045424014e-05,79.04,625.0,3.9269908169872414,0.24633344596338866,0.24970138965102853,0.017656554589394666,0.23154007789037884
8,"[2, 0]",4.0589839045424014e-05,79.04,625.0,4.319689898685965,0.36143030167990275,0.25244135228040576,0.017850299204937702,0.34933744735516903
8,"[2, 0]",4.0589839045424014e-05,79.04,625.0,4.71238898038469,0.4745520961214042,0.2807555870513804,0.019852417946004113,0.4888664108760928
8,"[2, 0]",4.0589839045424014e-05,79.04,625.0,5.105088062083414,0.6295420206609748,0.2648228363333331,0.018725802338435505,0.6288849485902932
8,"[2, 0]",4.0589839045424014e-05,79.04,625.0,5.497787143782138,0.7308202915861215,0.2500434312581435,0.01768074058337856,0.748076507401988
8,"[2, 0]",4.0589839045424014e-05,79.04,625.0,5.890486225480862,0.8149244872486032,0.24416336378783704,0.01726495702516975,0.8282952529562684
8,"[2, 0]",4.0589839045424014e-05,79.04,750.0,0.0,0.825086802231998,0.24820428306232925,0.017550693167291836,0.8321954792453975
8,"[2, 0]",4.0589839045424014e-05,79.04,750.0,0.39269908169872414,0.8013863976213967,0.24687989772076788,0.017457044981699622,0.8037496922334267
8,"[2, 0]",4.0589839045424014e-05,79.04,750.0,0.7853981633974483,0.7346522098799895,0.258364723623219,0.018269144809336633,0.7295107724614859
8,"[2, 0]",4.0589839045424014e-05,79.04,750.0,1.1780972450961724,0.652528676921282,0.2847217597335445,0.02013286870589562,0.6207809224873696
8,"[2, 0]",4.0589839045424014e-05,79.04,750.0,1.5707963267948966,0.4808383619741177,0.3005019473686874,0.021248696474416184,0.4941132763310921
8,"[2, 0]",4.0589839045424014e-05,79.04,750.0,1.9634954084936207,0.35925187373697937,0.2993704863030153,0.021168690095197656,0.36879183487487555
8,"[2, 0]",4.0589839045424014e-05,79.04,750.0,2.356194490192345,0.2586730483403159,0.2725206229885593,0.01927011805283928,0.2638956515387326
8,"[2, 0]",4.0589839045424014e-05,79.04,750.0,2.748893571891069,0.17961948675010084,0.2359159228103962,0.016681774880911326,0.19539421934932166
8,"[2, 0]",4.0589839045424014e-05,79.04,750.0,3.141592653589793,0.17462975315221718,0.24592460994284573,0.017389495935124285,0.17371626039045107
8,"[2, 0]",4.0589839045424014e-05,79.04,750.0,3.5342917352885173,0.230864942309381,0.2844521267056188,0.020113802771647808,0.20216204740242177
8,"[2, 0]",4.0589839045424014e-05,79.04,750.0,3.9269908169872414,0.2935641305393154,0.28406638056525735,0.020086526400481197,0.27640096717436263
8,"[2, 0]",4.0589839045424014e-05,79.04,750.0,4.319689898685965,0.3617062009724317,0.29232981739493064,0.02067083962229806,0.38513081714847897
8,"[2, 0]",4.0589839045424014e-05,79.04,750.0,4.71238898038469,0.509200710761032,0.2921240302616627,0.02065628827455659,0.5117984633047564
8,"[2, 0]",4.0589839045424014e-05,79.04,750.0,5.105088062083414,0.653333716271457,0.27855077779117937,0.019696514388093007,0.6371199047609732
8,"[2, 0]",4.0589839045424014e-05,79.04,750.0,5.497787143782138,0.718572731243322,0.24836791346629644,0.017562263584117183,0.742016088097116
8,"[2, 0]",4.0589839045424014e-05,79.04,750.0,5.890486225480862,0.8201041762339615,0.22714303309314945,0.016061437899944634,0.8105175202865269
8,"[2, 0]",4.0589839045424014e-05,79.04,875.0,0.0,0.787589245160278,0.26501721485513685,0.01873954697552395,0.7937847111582305
8,"[2, 0]",4.0589839045424014e-05,79.04,875.0,0.39269908169872414,0.7601174932605744,0.2809252568195266,0.019864415410365967,0.7719295691837005
8,"[2, 0]",4.0589839045424014e-05,79.04,875.0,0.7853981633974483,0.7348376072708461,0.24290593421353845,0.017176043327284642,0.7088111920995968
8,"[2, 0]",4.0589839045424014e-05,79.04,875.0,1.1780972450961724,0.6479165702497484,0.2927972686920389,0.020703893420504032,0.6140387806474611
8,"[2, 0]",4.0589839045424014e-05,79.04,875.0,1.5707963267948966,0.46159050132872437,0.30181387811895355,0.02134146398741222,0.5020405753568319
8,"[2, 0]",4.0589839045424014e-05,79.04,875.0,1.9634954084936207,0.3898476928542152,0.2814724614412669,0.019903108620238887,0.38986728771694834
8,"[2, 0]",4.0589839045424014e-05,79.04,875.0,2.356194490192345,0.27993077160174706,0.27685779950600853,0.01957680274550842,0.2945962839175981
8,"[2, 0]",4.0589839045424014e-05,79.04,875.0,2.748893571891069,0.23327549582513782,0.2506339402990878,0.017722495878098928,0.23073171065343223
8,"[2, 0]",4.0589839045424014e-05,79.04,875.0,3.141592653589793,0.21107642324876913,0.2786729836922066,0.019705155650224748,0.20799637027012163
8,"[2, 0]",4.0589839045424014e-05,79.04,875.0,3.5342917352885173,0.24777570775805727,0.2891862482394954,0.020448555715604347,0.22985151224465167
8,"[2, 0]",4.0589839045424014e-05,79.04,875.0,3.9269908169872414,0.29734630087964176,0.2778841260886961,0.01964937499414146,0.2929698893287553
8,"[2, 0]",4.0589839045424014e-05,79.04,875.0,4.319689898685965,0.35226502123814535,0.28615839963706985,0.020234454487686217,0.3877423007808909
8,"[2, 0]",4.0589839045424014e-05,79.04,875.0,4.71238898038469,0.5166556615039317,0.29804472479088484,0.0210749445996513,0.49974050607152015
8,"[2, 0]",4.0589839045424014e-05,79.04,875.0,5.105088062083414,0.6341528068773965,0.3047449359965121,0.02154872107753941,0.6119137937114039
8,"[2, 0]",4.0589839045424014e-05,79.04,875.0,5.497787143782138,0.7165259075040928,0.271904668421486,0.019226563487711245,0.7071847975107539
8,"[2, 0]",4.0589839045424014e-05,79.04,875.0,5.890486225480862,0.7347201265777866,0.28836396591876445,0.020390411575100482,0.7710493707749198
8,"[2, 0]",4.0589839045424014e-05,79.04,1000.0,0.0,0.7913994201155506,0.26086380878870635,0.018445856816064515,0.7752104074263013
8,"[2, 0]",4.0589839045424014e-05,79.04,1000.0,0.39269908169872414,0.7523560508830333,0.276811751494732,0.01957354665940504,0.7511725113781076
8,"[2, 0]",4.0589839045424014e-05,79.04,1000.0,0.7853981633974483,0.6909040287600253,0.31110070385247934,0.0219981417325996,0.6884167232593462
8,"[2, 0]",4.0589839045424014e-05,79.04,1000.0,1.1780972450961724,0.5748142274430154,0.31714666290113414,0.0224256555968076,0.5964970429284628
8,"[2, 0]",4.0589839045424014e-05,79.04,1000.0,1.5707963267948966,0.46966547139999837,0.31803576222705676,0.022488524413058427,0.4894074084618572
8,"[2, 0]",4.0589839045424014e-05,79.04,1000.0,1.9634954084936207,0.3773714849044883,0.32139846045149334,0.022726303084816733,0.3834512459371162
8,"[2, 0]",4.0589839045424014e-05,79.04,1000.0,2.356194490192345,0.3323871498643636,0.3091294800193559,0.021858755158635793,0.2947594206036266
8,"[2, 0]",4.0589839045424014e-05,79.04,1000.0,2.748893571891069,0.2208754767448535,0.2635505967151837,0.018635841412306745,0.23683445887501348
8,"[2, 0]",4.0589839045424014e-05,79.04,1000.0,3.141592653589793,0.22495205414236338,0.29545809927952577,0.020892042555704086,0.21849491108337243
8,"[2, 0]",4.0589839045424014e-05,79.04,1000.0,3.5342917352885173,0.2694579660031237,0.27873870165072295,0.01970980261163601,0.24253280713156616
8,"[2, 0]",4.0589839045424014e-05,79.04,1000.0,3.9269908169872414,0.2823871058588409,0.28492484062144197,0.02014722869319179,0.3052885952503275
8,"[2, 0]",4.0589839045424014e-05,79.04,1000.0,4.319689898685965,0.3915484795036559,0.319784897903151,0.022612206982836582,0.39720827558121075
8,"[2, 0]",4.0589839045424014e-05,79.04,1000.0,4.71238898038469,0.49772353239812345,0.31498442082417827,0.022272761993289363,0.5042979100478164
8,"[2, 0]",4.0589839045424014e-05,79.04,1000.0,5.105088062083414,0.618911436461276,0.3158872137048592,0.022336599090083006,0.6102540725725576
8,"[2, 0]",4.0589839045424014e-05,79.04,1000.0,5.497787143782138,0.6693674121359505,0.3088862741391999,0.021841557905927515,0.698945897906047
8,"[2, 0]",4.0589839045424014e-05,79.04,1000.0,5.890486225480862,0.772679335006879,0.2604661153411224,0.018417735642702507,0.7568708596346603
8,"[2, 0]",4.0589839045424014e-05,79.04,1125.0,0.0,0.7270475461616636,0.28227033251306605,0.019959526624777058,0.762573302403176
8,"[2, 0]",4.0589839045424014e-05,79.04,1125.0,0.39269908169872414,0.7386300539353192,0.2818198194772274,0.019927670542511614,0.7461025845959133
8,"[2, 0]",4.0589839045424014e-05,79.04,1125.0,0.7853981633974483,0.718111376302836,0.28398561520989435,0.020080815427434985,0.6938666475222752
8,"[2, 0]",4.0589839045424014e-05,79.04,1125.0,1.1780972450961724,0.6082230692373773,0.3124273033587134,0.022091946483277284,0.6138179390817748
8,"[2, 0]",4.0589839045424014e-05,79.04,1125.0,1.5707963267948966,0.5230335033440671,0.34553726855404066,0.024433174574723934,0.5181431494911292
8,"[2, 0]",4.0589839045424014e-05,79.04,1125.0,1.9634954084936207,0.43295625568936313,0.3477425582743795,0.02458911210629719,0.4214078981713867
8,"[2, 0]",4.0589839045424014e-05,79.04,1125.0,2.356194490192345,0.33190840205254163,0.30012222564103336,0.02122184609355738,0.3383392502287413
8,"[2, 0]",4.0589839045424014e-05,79.04,1125.0,2.748893571891069,0.2764276243376589,0.29115348398170454,0.02058766028895521,0.281583654293292
8,"[2, 0]",4.0589839045424014e-05,79.04,1125.0,3.141592653589793,0.24926133374505055,0.27738271383866925,0.01961391979392506,0.2597816353554527
8,"[2, 0]",4.0589839045424014e-05,79.04,1125.0,3.5342917352885173,0.30290914370906213,0.2988029455080893,0.021128558900728435,0.2762523531627155
8,"[2, 0]",4.0589839045424014e-05,79.04,1125.0,3.9269908169872414,0.29508512093873196,0.2944076924904222,0.020817767579346134,0.3284882902363534
8,"[2, 0]",4.0589839045424014e-05,79.04,1125.0,4.319689898685965,0.42684453559216673,0.31581310944833996,0.02233135912785305,0.40853699867685384
8,"[2, 0]",4.0589839045424014e-05,79.04,1125.0,4.71238898038469,0.5281093930022698,0.345675935645417,0.024442979818787895,0.5042117882674997
8,"[2, 0]",4.0589839045424014e-05,79.04,1125.0,5.105088062083414,0.5822895368978681,0.32817171101381415,0.023205244225146,0.6009470395872423
8,"[2, 0]",4.0589839045424014e-05,79.04,1125.0,5.497787143782138,0.6869541561735124,0.29709619048637426,0.02100787309576055,0.6840156875298873
8,"[2, 0]",4.0589839045424014e-05,79.04,1125.0,5.890486225480862,0.760427923589664,0.2686468295601805,0.018996199492627028,0.7407712834653367
8,"[2, 0]",4.0589839045424014e-05,79.04,1250.0,0.0,0.6972333887810193,0.3243665324128939,0.022936177465912335,0.7066425572976575
8,"[2, 0]",4.0589839045424014e-05,79.04,1250.0,0.39269908169872414,0.6808516929721884,0.3093116586057571,0.021871637130018915,0.6962289307469816
8,"[2, 0]",4.0589839045424014e-05,79.04,1250.0,0.7853981633974483,0.683759535881417,0.30838284874473676,0.021805960354902874,0.6549239027702014
8,"[2, 0]",4.0589839045424014e-05,79.04,1250.0,1.1780972450961724,0.5979957670803896,0.32814544452182576,0.023203386903685702,0.5890157894457709
8,"[2, 0]",4.0589839045424014e-05,79.04,1250.0,1.5707963267948966,0.5203318936931397,0.3461871921720819,0.024479131114480957,0.5085385035687995
8,"[2, 0]",4.0589839045424014e-05,79.04,1250.0,1.9634954084936207,0.38430815872322344,0.32124757108777074,0.022715633595587016,0.4257439823856429
8,"[2, 0]",4.0589839045424014e-05,79.04,1250.0,2.356194490192345,0.35005039270999744,0.3238662830064361,0.022900804491153247,0.35323694121223326
8,"[2, 0]",4.0589839045424014e-05,79.04,1250.0,2.748893571891069,0.3070985680199941,0.3163589920905595,0.022369958859657597,0.3020559197892572
8,"[2, 0]",4.0589839045424014e-05,79.04,1250.0,3.141592653589793,0.28250841437169766,0.29643856219629217,0.02096137175341883,0.27999276467124834
8,"[2, 0]",4.0589839045424014e-05,79.04,1250.0,3.5342917352885173,0.3185674648406215,0.3115502920323256,0.022029932417670664,0.29040639122192424
8,"[2, 0]",4.0589839045424014e-05,79.04,1250.0,3.9269908169872414,0.30467244847784014,0.3095981720340421,0.02189189668882305,0.3317114191987044
8,"[2, 0]",4.0589839045424014e-05,79.04,1250.0,4.319689898685965,0.42458603779143594,0.3257100360283569,0.02303117751761659,0.3976195325231348
8,"[2, 0]",4.0589839045424014e-05,79.04,1250.0,4.71238898038469,0.46593881413190374,0.3324767149580719,0.023509653973347946,0.4780968184001063
8,"[2, 0]",4.0589839045424014e-05,79.04,1250.0,5.105088062083414,0.535246460735153,0.32499969165392495,0.02298094858520273,0.560891339583263
8,"[2, 0]",4.0589839045424014e-05,79.04,1250.0,5.497787143782138,0.652302993290552,0.3113120205225469,0.022013084077637857,0.6333983807566725
8,"[2, 0]",4.0589839045424014e-05,79.04,1250.0,5.890486225480862,0.6858567431684419,0.30753895228204714,0.021746287863764157,0.6845794021796485
8,"[2, 0]",4.0589839045424014e-05,79.04,1375.0,0.0,0.6722205899977601,0.31942082670889255,0.022586463261807098,0.6911285078549327
8,"[2, 0]",4.0589839045424014e-05,79.04,1375.0,0.39269908169872414,0.6825358450270781,0.30200132838364796,0.021354718722742284,0.677931643034836
8,"[2, 0]",4.0589839045424014e-05,79.04,1375.0,0.7853981633974483,0.6250463423116424,0.31337508468638975,0.02215896474366548,0.6366816658899698
8,"[2, 0]",4.0589839045424014e-05,79.04,1375.0,1.1780972450961724,0.5967082958300458,0.3465524170778852,0.02450495641523613,0.5736585115086662
8,"[2, 0]",4.0589839045424014e-05,79.04,1375.0,1.5707963267948966,0.4880104084066069,0.3513443565466516,0.024843797704576148,0.49845688383916137
8,"[2, 0]",4.0589839045424014e-05,79.04,1375.0,1.9634954084936207,0.41509543179029196,0.33111454609347557,0.023413334089220222,0.4225255489896853
8,"[2, 0]",4.0589839045424014e-05,79.04,1375.0,2.356194490192345,0.3772865094374964,0.32619181448794704,0.023065244399197167,0.357424364371806
8,"[2, 0]",4.0589839045424014e-05,79.04,1375.0,2.748893571891069,0.2717302190703753,0.2997016683576843,0.02119210820286403,0.3130643951998877
8,"[2, 0]",4.0589839045424014e-05,79.04,1375.0,3.141592653589793,0.34292612606694806,0.3238163763228007,0.022897275555710736,0.29619904465623287
8,"[2, 0]",4.0589839045424014e-05,79.04,1375.0,3.5342917352885173,0.3164319609419654,0.30818945762288286,0.02179228553753446,0.30939590947632967
8,"[2, 0]",4.0589839045424014e-05,79.04,1375.0,3.9269908169872414,0.3202673935216586,0.30986102724467374,0.021910483359013834,0.3506458866211959
8,"[2, 0]",4.0589839045424014e-05,79.04,1375.0,4.319689898685965,0.426137357640666,0.34017507435401506,0.024054010186636204,0.4136690410024994
8,"[2, 0]",4.0589839045424014e-05,79.04,1375.0,4.71238898038469,0.49724309213834383,0.3452397348598248,0.02441213576544278,0.48887066867200424
8,"[2, 0]",4.0589839045424014e-05,79.04,1375.0,5.105088062083414,0.5641233803038688,0.3317297587073368,0.0234568361903335,0.5648020035214805
8,"[2, 0]",4.0589839045424014e-05,79.04,1375.0,5.497787143782138,0.5958923065797005,0.3498905095470486,0.024740995197353448,0.6299031881393596
8,"[2, 0]",4.0589839045424014e-05,79.04,1375.0,5.890486225480862,0.7109994161271829,0.30691992601987345,0.0217025160969926,0.674263157311278
8,"[2, 0]",4.0589839045424014e-05,79.04,1500.0,0.0,0.6911784697440004,0.29948615011183277,0.021176868761552926,0.6743823612735236
8,"[2, 0]",4.0589839045424014e-05,79.04,1500.0,0.39269908169872414,0.6368929135842682,0.3369291047817556,0.023824485477029218,0.6586661562392399
8,"[2, 0]",4.0589839045424014e-05,79.04,1500.0,0.7853981633974483,0.605660629979763,0.3376622318358312,0.023876325388170038,0.6195134138806221
8,"[2, 0]",4.0589839045424014e-05,79.04,1500.0,1.1780972450961724,0.5567950339815627,0.3488982969952071,0.024670835174974894,0.5628847843012766
8,"[2, 0]",4.0589839045424014e-05,79.04,1500.0,1.5707963267948966,0.49302383698109475,0.34282199376390265,0.024241175653034786,0.4974014630148532
8,"[2, 0]",4.0589839045424014e-05,79.04,1500.0,1.9634954084936207,0.4361421406589163,0.33632067921295283,0.023781463292474447,0.4330326920794243
8,"[2, 0]",4.0589839045424014e-05,79.04,1500.0,2.356194490192345,0.37247032216131504,0.3357933045319951,0.023744172271161317,0.3795780333655473
8,"[2, 0]",4.0589839045424014e-05,79.04,1500.0,2.748893571891069,0.3576144203566243,0.3335684481173218,0.02358685116536313,0.3451754740947221
8,"[2, 0]",4.0589839045424014e-05,79.04,1500.0,3.141592653589793,0.36491369417719866,0.32864485294981444,0.023238700412286952,0.3350624920559555
8,"[2, 0]",4.0589839045424014e-05,79.04,1500.0,3.5342917352885173,0.3471520918198163,0.338184831516296,0.0239132787659603,0.3507786970902392
8,"[2, 0]",4.0589839045424014e-05,79.04,1500.0,3.9269908169872414,0.39403815639266115,0.32227514132794943,0.0227882937840846,0.38993143944885694
8,"[2, 0]",4.0589839045424014e-05,79.04,1500.0,4.319689898685965,0.3926523652222455,0.3369562517181209,0.02382640505530845,0.4465600690282024
8,"[2, 0]",4.0589839045424014e-05,79.04,1500.0,4.71238898038469,0.5139642161102934,0.34184941138443137,0.024172403693456117,0.5120433903146259
8,"[2, 0]",4.0589839045424014e-05,79.04,1500.0,5.105088062083414,0.5660214473193496,0.34612424232062683,0.024474679887797102,0.5764121612500548
8,"[2, 0]",4.0589839045424014e-05,79.04,1500.0,5.497787143782138,0.6601395775953466,0.2921535681091564,0.020658376915783035,0.6298668199639318
8,"[2, 0]",4.0589839045424014e-05,79.04,1500.0,5.890486225480862,0.6684228862548655,0.3098494099474051,0.021909661892046066,0.6642693792347569
8,"[2, 0]",4.0589839045424014e-05,79.04,1625.0,0.0,0.6456101717549274,0.3280287213770582,0.023195133330967045,0.6561907832781764
8,"[2, 0]",4.0589839045424014e-05,79.04,1625.0,0.39269908169872414,0.6754898054521254,0.31575106986557616,0.02232697226688562,0.6483121874919975
8,"[2, 0]",4.0589839045424014e-05,79.04,1625.0,0.7853981633974483,0.601876244354559,0.345377104118674,0.024421849238888665,0.6190294612965387
8,"[2, 0]",4.0589839045424014e-05,79.04,1625.0,1.1780972450961724,0.5710505209888432,0.3312036782188283,0.02341963668224607,0.5728006343064846
8,"[2, 0]",4.0589839045424014e-05,79.04,1625.0,1.5707963267948966,0.5549227687849659,0.35502512171682515,0.02510406710575465,0.5166636263657107
8,"[2, 0]",4.0589839045424014e-05,79.04,1625.0,1.9634954084936207,0.4407922687524291,0.3471654849804365,0.024548306862358316,0.45916478804995575
8,"[2, 0]",4.0589839045424014e-05,79.04,1625.0,2.356194490192345,0.39971936596697205,0.33629901646769506,0.023779931505067357,0.409057796264526
8,"[2, 0]",4.0589839045424014e-05,79.04,1625.0,2.748893571891069,0.3492840424505199,0.3231097794729998,0.02284731161330481,0.37397098628774156
8,"[2, 0]",4.0589839045424014e-05,79.04,1625.0,3.141592653589793,0.38140724690636774,0.3148073120297133,0.022260238510331966,0.3592460068758434
8,"[2, 0]",4.0589839045424014e-05,79.04,1625.0,3.5342917352885173,0.3611923971095311,0.3308239208484417,0.023392783781065477,0.3671246026620223
8,"[2, 0]",4.0589839045424014e-05,79.04,1625.0,3.9269908169872414,0.4255119896857694,0.3394515156046814,0.024002846856812136,0.3964073288574811
8,"[2, 0]",4.0589839045424014e-05,79.04,1625.0,4.319689898685965,0.4169796525177186,0.33504539848336157,0.023691287327293396,0.4426361558475351
8,"[2, 0]",4.0589839045424014e-05,79.04,1625.0,4.71238898038469,0.5029654652614005,0.3398773551097984,0.02403295825698867,0.498773163788309
8,"[2, 0]",4.0589839045424014e-05,79.04,1625.0,5.105088062083414,0.5655457483945472,0.3486297836263551,0.024651848412579447,0.556272002104064
8,"[2, 0]",4.0589839045424014e-05,79.04,1625.0,5.497787143782138,0.6088855486027206,0.3499517785009431,0.02474532756663095,0.6063789938894938
8,"[2, 0]",4.0589839045424014e-05,79.04,1625.0,5.890486225480862,0.6224183419197746,0.33173492923988346,0.02345720180219611,0.6414658038662782
8,"[2, 0]",4.0589839045424014e-05,79.04,1750.0,0.0,0.5832286855174007,0.3426735082360311,0.02423067614066818,0.6303587843374827
8,"[2, 0]",4.0589839045424014e-05,79.04,1750.0,0.39269908169872414,0.605534783088607,0.3529279990342418,0.02495577813877117,0.6286274359344016
8,"[2, 0]",4.0589839045424014e-05,79.04,1750.0,0.7853981633974483,0.600138246260797,0.33073299518716703,0.02338635436589836,0.6060544098760983
8,"[2, 0]",4.0589839045424014e-05,79.04,1750.0,1.1780972450961724,0.6128457400529599,0.3182374081827999,0.022502782935328907,0.5660762447549584
8,"[2, 0]",4.0589839045424014e-05,79.04,1750.0,1.5707963267948966,0.5175089731168296,0.36300316890481676,0.025668200232480162,0.5147792538077065
8,"[2, 0]",4.0589839045424014e-05,79.04,1750.0,1.9634954084936207,0.4370410314256878,0.3588487708434711,0.025374439928387584,0.4599729388976806
8,"[2, 0]",4.0589839045424014e-05,79.04,1750.0,2.356194490192345,0.41788219996024095,0.3380606255078222,0.0239044960748747,0.41000106464945035
8,"[2, 0]",4.0589839045424014e-05,79.04,1750.0,2.748893571891069,0.3590120208297205,0.3376673776761902,0.023876689254031313,0.3724713959211407
8,"[2, 0]",4.0589839045424014e-05,79.04,1750.0,3.141592653589793,0.3702899265339803,0.3171947995400125,0.022429059371185042,0.3530974845693427
8,"[2, 0]",4.0589839045424014e-05,79.04,1750.0,3.5342917352885173,0.3356224910467335,0.3116226044610167,0.022035045678539818,0.35482883297242374
8,"[2, 0]",4.0589839045424014e-05,79.04,1750.0,3.9269908169872414,0.3711697660561066,0.3367542349877666,0.023812120315313785,0.3774018590307271
8,"[2, 0]",4.0589839045424014e-05,79.04,1750.0,4.319689898685965,0.42555255134671505,0.343518394854225,0.02429041864637405,0.4173800241518668
8,"[2, 0]",4.0589839045424014e-05,79.04,1750.0,4.71238898038469,0.47873976499729737,0.33565664257925504,0.023734508811810048,0.46867701509911885
8,"[2, 0]",4.0589839045424014e-05,79.04,1750.0,5.105088062083414,0.5168561024711045,0.3480771716330448,0.024612772843795976,0.5234833300091448
8,"[2, 0]",4.0589839045424014e-05,79.04,1750.0,5.497787143782138,0.5917141693303738,0.34445109035950516,0.02435637017803063,0.573455204257375
8,"[2, 0]",4.0589839045424014e-05,79.04,1750.0,5.890486225480862,0.6317147712698417,0.3145006580794168,0.022238554801558737,0.6109848729856846
8,"[2, 0]",4.0589839045424014e-05,79.04,1875.0,0.0,0.6009583404505807,0.33995455944798475,0.02403841742809553,0.6098275471204276
8,"[2, 0]",4.0589839045424014e-05,79.04,1875.0,0.39269908169872414,0.5987641164749445,0.33075145811146583,0.02338765989179558,0.5967582202710617
8,"[2, 0]",4.0589839045424014e-05,79.04,1875.0,0.7853981633974483,0.5632020767804207,0.34645830655924964,0.024498301796645312,0.569167356759575
8,"[2, 0]",4.0589839045424014e-05,79.04,1875.0,1.1780972450961724,0.5298452238530215,0.3336218743744057,0.023590628972230875,0.531255415443791
8,"[2, 0]",4.0589839045424014e-05,79.04,1875.0,1.5707963267948966,0.5086116772806508,0.3533790428173783,0.02498767175053795,0.48879414571643376
8,"[2, 0]",4.0589839045424014e-05,79.04,1875.0,1.9634954084936207,0.4756840349192202,0.3679349901984244,0.02601693266051118,0.44824789098112505
8,"[2, 0]",4.0589839045424014e-05,79.04,1875.0,2.356194490192345,0.4347764691578338,0.34504953383561915,0.024398686522042336,0.41578945096860104
8,"[2, 0]",4.0589839045424014e-05,79.04,1875.0,2.748893571891069,0.351105742119331,0.31625467413032315,0.02236258246594933,0.3963603289342772
8,"[2, 0]",4.0589839045424014e-05,79.04,1875.0,3.141592653589793,0.3741943818860556,0.3309547608357752,0.023402035565294865,0.3929184325824494
8,"[2, 0]",4.0589839045424014e-05,79.04,1875.0,3.5342917352885173,0.42714857994899047,0.3448587550749417,0.024385196426504198,0.4059877594318153
8,"[2, 0]",4.0589839045424014e-05,79.04,1875.0,3.9269908169872414,0.43336131197413236,0.3479470958607301,0.024603575097728793,0.43357862294330207
8,"[2, 0]",4.0589839045424014e-05,79.04,1875.0,4.319689898685965,0.4679651490106717,0.34577142734538224,0.02444973210164714,0.471490564259086
8,"[2, 0]",4.0589839045424014e-05,79.04,1875.0,4.71238898038469,0.5353225690786896,0.34546307151088945,0.02442792805148831,0.5139518339864432
8,"[2, 0]",4.0589839045424014e-05,79.04,1875.0,5.105088062083414,0.5600104742201344,0.347665667173755,0.024583675084430743,0.554498088721752
8,"[2, 0]",4.0589839045424014e-05,79.04,1875.0,5.497787143782138,0.6019401629460803,0.3419808131508023,0.024181695201462194,0.5869565287342761
8,"[2, 0]",4.0589839045424014e-05,79.04,1875.0,5.890486225480862,0.5756982766882034,0.33339301880196814,0.02357444643951258,0.6063856507685998
8,"[2, 0]",4.0589839045424014e-05,79.04,2000.0,0.0,0.5660208096537255,0.34543064734550943,0.02442563531676686,0.5994643834317422
8,"[2, 0]",4.0589839045424014e-05,79.04,2000.0,0.39269908169872414,0.5741654835480791,0.3393681414467897,0.023996951413570042,0.5868693208567606
8,"[2, 0]",4.0589839045424014e-05,79.04,2000.0,0.7853981633974483,0.5339562123374475,0.3402005476961769,0.02405581142393442,0.559987991649545
8,"[2, 0]",4.0589839045424014e-05,79.04,2000.0,1.1780972450961724,0.5555701380396739,0.35377046957679176,0.025015349802129865,0.5229128345020382
8,"[2, 0]",4.0589839045424014e-05,79.04,2000.0,1.5707963267948966,0.4944945030173493,0.3608090287054165,0.025513051091093166,0.4812882060028116
8,"[2, 0]",4.0589839045424014e-05,79.04,2000.0,1.9634954084936207,0.45754972373083064,0.3488214952905109,0.024665404474355158,0.4414510785126754
8,"[2, 0]",4.0589839045424014e-05,79.04,2000.0,2.356194490192345,0.3973591588758515,0.33607324863453925,0.02376396730848753,0.40946629356754294
8,"[2, 0]",4.0589839045424014e-05,79.04,2000.0,2.748893571891069,0.3663536800910488,0.318713141981052,0.022536422394807278,0.3902032447325131
8,"[2, 0]",4.0589839045424014e-05,79.04,2000.0,3.141592653589793,0.39773949437304124,0.3375116999070836,0.023865681173409783,0.38659455657274666
8,"[2, 0]",4.0589839045424014e-05,79.04,2000.0,3.5342917352885173,0.4118031432218821,0.33966117494696846,0.024017672011079166,0.3991896191477284
8,"[2, 0]",4.0589839045424014e-05,79.04,2000.0,3.9269908169872414,0.43613231194131175,0.369571067587485,0.02613262080214625,0.42607094835494386
8,"[2, 0]",4.0589839045424014e-05,79.04,2000.0,4.319689898685965,0.4359944668168595,0.34809573654506715,0.02461408558131429,0.4631461055024506
8,"[2, 0]",4.0589839045424014e-05,79.04,2000.0,4.71238898038469,0.4956344894382049,0.3473543378786893,0.024561660778858446,0.5047707340016773
8,"[2, 0]",4.0589839045424014e-05,79.04,2000.0,5.105088062083414,0.5528834793043015,0.3480315687809257,0.02460954823519849,0.5446078614918135
8,"[2, 0]",4.0589839045424014e-05,79.04,2000.0,5.497787143782138,0.6004661084160007,0.34433356174793767,0.02434805965020835,0.576592646436946
8,"[2, 0]",4.0589839045424014e-05,79.04,2000.0,5.890486225480862,0.6182009043193842,0.3245836260040582,0.022951528300958778,0.5958556952719758
6,"[4, 0]",-1.3868685343823017,46.555037998008025,0.0,0.0,0.9948544485885372,0.006660075474130183,0.0004709384530971663,0.9949783084022703
6,"[4, 0]",-1.3868685343823017,46.555037998008025,0.0,0.39269908169872414,0.9569489370678491,0.010994629524043984,0.0007774377093085324,0.957108431495556
6,"[4, 0]",-1.3868685343823017,46.555037998008025,0.0,0.7853981633974483,0.8499360283862601,0.013674340962842417,0.0009669219223082857,0.8492976178522931
6,"[4, 0]",-1.3868685343823017,46.555037998008025,0.0,1.1780972450961724,0.6871986204564012,0.02011268232677564,0.0014221814061113885,0.6879590865422083
6,"[4, 0]",-1.3868685343823017,46.555037998008025,0.0,1.5707963267948966,0.4969778060909145,0.020853757576457722,0.0014745833395533598,0.4976551664198346
6,"[4, 0]",-1.3868685343823017,46.555037998008025,0.0,1.9634954084936207,0.30716443436902735,0.018981990396403126,0.001342229412971457,0.30735790421447085
6,"[4, 0]",-1.3868685343823017,46.555037998008025,0.0,2.356194490192345,0.14528290399442065,0.015319802163270443,0.001083273599608487,0.14603833304790687
6,"[4, 0]",-1.3868685343823017,46.555037998008025,0.0,2.748893571891069,0.03845146641820119,0.00794672201181362,0.0005619181022757814,0.03825589526469714
6,"[4, 0]",-1.3868685343823017,46.555037998008025,0.0,3.141592653589793,0.0004230569395586553,0.0010368604256433414,7.331710381163767e-05,0.00041948996710428066
6,"[4, 0]",-1.3868685343823017,46.555037998008025,0.0,3.5342917352885173,0.03852497846941834,0.0074628553797795325,0.0005277035646056615,0.038289366873818564
6,"[4, 0]",-1.3868685343823017,46.555037998008025,0.0,3.9269908169872414,0.14435016651208607,0.017060453583967936,0.0012063562419342066,0.1461001805170815
6,"[4, 0]",-1.3868685343823017,46.555037998008025,0.0,4.319689898685965,0.3067230358826404,0.018529680792085185,0.0013102462941305551,0.30743871182716587
6,"[4, 0]",-1.3868685343823017,46.555037998008025,0.0,4.71238898038469,0.49862809752860165,0.022548795440878757,0.0015944406163833674,0.4977426319495399
6,"[4, 0]",-1.3868685343823017,46.555037998008025,0.0,5.105088062083414,0.6871286329825866,0.017707018100701813,0.0012520752573599192,0.6880398941549036
6,"[4, 0]",-1.3868685343823017,46.555037998008025,0.0,5.497787143782138,0.8493877137092777,0.015207109049440308,0.0010753049931102553,0.8493594653214678
6,"[4, 0]",-1.3868685343823017,46.555037998008025,0.0,5.890486225480862,0.9578539079355406,0.01055971227611416,0.0007466844157819155,0.9571419031046773
6,"[4, 0]",-1.3868685343823017,46.555037998008025,125.0,0.0,0.9827453333845912,0.02705948552073579,0.0019133945707131472,0.9834071278159717
6,"[4, 0]",-1.3868685343823017,46.555037998008025,125.0,0.39269908169872414,0.9472105633718106,0.04809025290409061,0.0034004943937458528,0.9474523828182349
6,"[4, 0]",-1.3868685343823017,46.555037998008025,125.0,0.7853981633974483,0.8472762582052331,0.06536898351266474,0.004622285152107685,0.8428641653054438
6,"[4, 0]",-1.3868685343823017,46.555037998008025,125.0,1.1780972450961724,0.6828404517076688,0.10035528206777274,0.007096190047801083,0.6855650832993683
6,"[4, 0]",-1.3868685343823017,46.555037998008025,125.0,1.5707963267948966,0.4891311765604073,0.10210557016645819,0.007219954106162142,0.499502496115704
6,"[4, 0]",-1.3868685343823017,46.555037998008025,125.0,1.9634954084936207,0.3094894198652535,0.09612604138264529,0.006797137571028717,0.31300274599161115
6,"[4, 0]",-1.3868685343823017,46.555037998008025,125.0,2.356194490192345,0.15530033573310228,0.08929468915861037,0.006314088022799828,0.15445872925903797
6,"[4, 0]",-1.3868685343823017,46.555037998008025,125.0,2.748893571891069,0.049965843610234185,0.050820543794743364,0.003593555114085095,0.04800733526042805
6,"[4, 0]",-1.3868685343823017,46.555037998008025,125.0,3.141592653589793,0.009925093436202405,0.019403477844159626,0.0013720330762208204,0.00985482374778024
6,"[4, 0]",-1.3868685343823017,46.555037998008025,125.0,3.5342917352885173,0.046438326786824004,0.04348272470601635,0.003074692950409199,0.045809568745517115
6,"[4, 0]",-1.3868685343823017,46.555037998008025,125.0,3.9269908169872414,0.15021753092729118,0.06806785265158667,0.004813124019074366,0.15039778625830796
6,"[4, 0]",-1.3868685343823017,46.555037998008025,125.0,4.319689898685965,0.3051136092964559,0.10319971395241913,0.0072973217552267525,0.3076968682643837
6,"[4, 0]",-1.3868685343823017,46.555037998008025,125.0,4.71238898038469,0.4851500079449593,0.1008286781730107,0.007129664207421189,0.49375945544804806
6,"[4, 0]",-1.3868685343823017,46.555037998008025,125.0,5.105088062083414,0.677033478345272,0.1051658226590994,0.0074363466351311065,0.6802592055721411
6,"[4, 0]",-1.3868685343823017,46.555037998008025,125.0,5.497787143782138,0.8400829274312688,0.07996206529457106,0.005654171860747268,0.8388032223047137
6,"[4, 0]",-1.3868685343823017,46.555037998008025,125.0,5.890486225480862,0.9483612679330323,0.046157012290019214,0.00326379363895834,0.945254616303324
6,"[4, 0]",-1.3868685343823017,46.555037998008025,250.0,0.0,0.9605487127625949,0.06496531529953962,0.004593741499022664,0.9582241201063693
6,"[4, 0]",-1.3868685343823017,46.555037998008025,250.0,0.39269908169872414,0.9223454437826756,0.10009770719901089,0.007077976754164609,0.9225426548793102
6,"[4, 0]",-1.3868685343823017,46.555037998008025,250.0,0.7853981633974483,0.8205375539922674,0.139522855585807,0.009865755731523549,0.8219621185537898
6,"[4, 0]",-1.3868685343823017,46.555037998008025,250.0,1.1780972450961724,0.6709539893727589,0.17270738000412603,0.012212255956187945,0.6717949860205362
6,"[4, 0]",-1.3868685343823017,46.555037998008025,250.0,1.5707963267948966,0.4811405179333548,0.1771413847944485,0.01252578744169301,0.4949028419392912
6,"[4, 0]",-1.3868685343823017,46.555037998008025,250.0,1.9634954084936207,0.3293855193318281,0.1540878352959779,0.010895655323614181,0.318215911715145
6,"[4, 0]",-1.3868685343823017,46.555037998008025,250.0,2.356194490192345,0.17726306905443187,0.12436108971608931,0.008793656985399537,0.16863317880371315
6,"[4, 0]",-1.3868685343823017,46.555037998008025,250.0,2.748893571891069,0.0642905952536329,0.08433497606061202,0.0059633833463663905,0.06892725831991048
6,"[4, 0]",-1.3868685343823017,46.555037998008025,250.0,3.141592653589793,0.03174269486959324,0.05099186664243414,0.0036056694688225287,0.03427747282097615
6,"[4, 0]",-1.3868685343823017,46.555037998008025,250.0,3.5342917352885173,0.0897243659867137,0.12982381895728637,0.009179930274423185,0.06995893804803521
6,"[4, 0]",-1.3868685343823017,46.555037998008025,250.0,3.9269908169872414,0.17114692705070594,0.12562056638612595,0.008882715434812453,0.17053947437355577
6,"[4, 0]",-1.3868685343823017,46.555037998008025,250.0,4.319689898685965,0.320822949010411,0.16391564673565526,0.01159058653493604,0.32070660690680874
6,"[4, 0]",-1.3868685343823017,46.555037998008025,250.0,4.71238898038469,0.4926026048220667,0.1622332582401302,0.011471623703558441,0.497598750988054
6,"[4, 0]",-1.3868685343823017,46.555037998008025,250.0,5.105088062083414,0.6776225303813174,0.16083490208569748,0.011372744991627107,0.6742856812122003
6,"[4, 0]",-1.3868685343823017,46.555037998008025,250.0,5.497787143782138,0.8136796486846073,0.15150253122339508,0.01071284671949893,0.8238684141236324
6,"[4, 0]",-1.3868685343823017,46.555037998008025,250.0,5.890486225480862,0.9222292983736929,0.11391673025782974,0.008055129245591017,0.9235743346074348
6,"[4, 0]",-1.3868685343823017,46.555037998008025,375.0,0.0,0.918673773007219,0.1361978329241528,0.009630641124358087,0.9230966227613595
6,"[4, 0]",-1.3868685343823017,46.555037998008025,375.0,0.39269908169872414,0.9055552743383235,0.11851873449837752,0.008380540086145076,0.8897786399729408
6,"[4, 0]",-1.3868685343823017,46.555037998008025,375.0,0.7853981633974483,0.7862314273356122,0.20430618726347444,0.014446629045237141,0.7972432288321976
6,"[4, 0]",-1.3868685343823017,46.555037998008025,375.0,1.1780972450961724,0.6393251065213968,0.22957020744705375,0.016233065044421416,0.6595780668497171
6,"[4, 0]",-1.3868685343823017,46.555037998008025,375.0,1.5707963267948966,0.49607486570468157,0.22872570825140787,0.016173349933626638,0.49774142699953094
6,"[4, 0]",-1.3868685343823017,46.555037998008025,375.0,1.9634954084936207,0.3517150795426168,0.21355255982619709,0.015100446319284984,0.33637147064603656
6,"[4, 0]",-1.3868685343823017,46.555037998008025,375.0,2.356194490192345,0.20140291293970938,0.1880946452437879,0.013300299915676042,0.20003531082175646
6,"[4, 0]",-1.3868685343823017,46.555037998008025,375.0,2.748893571891069,0.11659444099936003,0.17036023017301263,0.012046287399983832,0.1094888919695709
6,"[4, 0]",-1.3868685343823017,46.555037998008025,375.0,3.141592653589793,0.06988396036617961,0.1287340185128188,0.009102869745980872,0.07851708555439418
6,"[4, 0]",-1.3868685343823017,46.555037998008025,375.0,3.5342917352885173,0.10113448236400537,0.15521775414176786,0.010975552651419038,0.11183506834281282
6,"[4, 0]",-1.3868685343823017,46.555037998008025,375.0,3.9269908169872414,0.22279557622146892,0.200762293089471,0.014196037885012608,0.2043704794835562
6,"[4, 0]",-1.3868685343823017,46.555037998008025,375.0,4.319689898685965,0.34238262267947417,0.19493292767493905,0.013783839503549621,0.34203564146603627
6,"[4, 0]",-1.3868685343823017,46.555037998008025,375.0,4.71238898038469,0.5210628339984664,0.2279033195831301,0.016115198273215618,0.5038722813162225
6,"[4, 0]",-1.3868685343823017,46.555037998008025,375.0,5.105088062083414,0.6766248368678817,0.20287503633687465,0.014345431392727129,0.6652422376697171
6,"[4, 0]",-1.3868685343823017,46.555037998008025,375.0,5.497787143782138,0.7933815993633416,0.16087821126049706,0.011375807412745945,0.8015783974939974
6,"[4, 0]",-1.3868685343823017,46.555037998008025,375.0,5.890486225480862,0.8743519710571735,0.16976023262690965,0.01200386116662936,0.8921248163461826
6,"[4, 0]",-1.3868685343823017,46.555037998008025,500.0,0.0,0.9002638204547373,0.1506128098797114,0.010649933919950417,0.8969379875206018
6,"[4, 0]",-1.3868685343823017,46.555037998008025,500.0,0.39269908169872414,0.8450704915443039,0.23204469825494672,0.016408037967445905,0.8681801804421876
6,"[4, 0]",-1.3868685343823017,46.555037998008025,500.0,0.7853981633974483,0.8041481728466234,0.18886570418721146,0.013354822016434974,0.782667024123321
6,"[4, 0]",-1.3868685343823017,46.555037998008025,500.0,1.1780972450961724,0.6250808912082547,0.2725692074569195,0.019273553493543063,0.6534171214348566
6,"[4, 0]",-1.3868685343823017,46.555037998008025,500.0,1.5707963267948966,0.47285406975363203,0.23537356913492916,0.016643424684738905,0.5001075984078284
6,"[4, 0]",-1.3868685343823017,46.555037998008025,500.0,1.9634954084936207,0.35317990232598406,0.23930815432844763,0.016921641871888216,0.3460784401688135
6,"[4, 0]",-1.3868685343823017,46.555037998008025,500.0,2.356194490192345,0.2250632258244496,0.21032920978009395,0.014872521051711234,0.2147791897819064
6,"[4, 0]",-1.3868685343823017,46.555037998008025,500.0,2.748893571891069,0.12537514117074447,0.18491380752104838,0.013075380723315731,0.12619896788784446
6,"[4, 0]",-1.3868685343823017,46.555037998008025,500.0,3.141592653589793,0.10464559317830684,0.17951295306025092,0.012693482641972582,0.09382331028828789
6,"[4, 0]",-1.3868685343823017,46.555037998008025,500.0,3.5342917352885173,0.11265067212768995,0.1555424258634828,0.010998510409027452,0.12258111736670207
6,"[4, 0]",-1.3868685343823017,46.555037998008025,500.0,3.9269908169872414,0.23112542702623792,0.23969515069497616,0.016949006647394904,0.20809427368556865
6,"[4, 0]",-1.3868685343823017,46.555037998008025,500.0,4.319689898685965,0.32313225749598623,0.22027414585074664,0.015575734225113757,0.33734417637403263
6,"[4, 0]",-1.3868685343823017,46.555037998008025,500.0,4.71238898038469,0.5072659543834409,0.2512076086520241,0.017763060356350266,0.49065369940106124
6,"[4, 0]",-1.3868685343823017,46.555037998008025,500.0,5.105088062083414,0.6157877272427587,0.2432398944583745,0.017199657882661673,0.644682857640076
6,"[4, 0]",-1.3868685343823017,46.555037998008025,500.0,5.497787143782138,0.7509770394726913,0.24166144209235368,0.017088044445482346,0.7759821080269832
6,"[4, 0]",-1.3868685343823017,46.555037998008025,500.0,5.890486225480862,0.8852858271108355,0.1569493597855298,0.011097995660723533,0.864562329921045
6,"[4, 0]",-1.3868685343823017,46.555037998008025,625.0,0.0,0.8464691113732893,0.20835862617442627,0.01473317974866497,0.8523230228078591
6,"[4, 0]",-1.3868685343823017,46.555037998008025,625.0,0.39269908169872414,0.8229753266952905,0.2358964205076628,0.01668039585986017,0.8335757412810334
6,"[4, 0]",-1.3868685343823017,46.555037998008025,625.0,0.7853981633974483,0.7809260375602972,0.2457876891468048,0.017379814172787684,0.763848354349674
6,"[4, 0]",-1.3868685343823017,46.555037998008025,625.0,1.1780972450961724,0.6770098304576109,0.2516636810837895,0.017795309547271623,0.6537562245937437
6,"[4, 0]",-1.3868685343823017,46.555037998008025,625.0,1.5707963267948966,0.524484852861656,0.2696561966030106,0.019067572520696165,0.5200598807809419
6,"[4, 0]",-1.3868685343823017,46.555037998008025,625.0,1.9634954084936207,0.3419317272491108,0.2477063297758616,0.017515482552734295,0.38311337929639244
6,"[4, 0]",-1.3868685343823017,46.555037998008025,625.0,2.356194490192345,0.2752770130430258,0.24966009977200476,0.01765363495404946,0.2637655835679913
6,"[4, 0]",-1.3868685343823017,46.555037998008025,625.0,2.748893571891069,0.163138256981931,0.20792877678995128,0.014702784807199856,0.1801861136049246
6,"[4, 0]",-1.3868685343823017,46.555037998008025,625.0,3.141592653589793,0.17236956555636943,0.2578766787479135,0.018234634825251447,0.14509918605928768
6,"[4, 0]",-1.3868685343823017,46.555037998008025,625.0,3.5342917352885173,0.168219684164876,0.23419046884044978,0.01655976686063389,0.16384646758611343
6,"[4, 0]",-1.3868685343823017,46.555037998008025,625.0,3.9269908169872414,0.25007087092090524,0.2657842014581801,0.01879378111833306,0.2335738545174728
6,"[4, 0]",-1.3868685343823017,46.555037998008025,625.0,4.319689898685965,0.33825425587934527,0.26758246897768345,0.018920937834075894,0.3436659842734028
6,"[4, 0]",-1.3868685343823017,46.555037998008025,625.0,4.71238898038469,0.4683694328736451,0.27791193650875773,0.019651341487802784,0.4773623280862049
6,"[4, 0]",-1.3868685343823017,46.555037998008025,625.0,5.105088062083414,0.589972893668381,0.26943668619728406,0.01905205079105314,0.6143088295707543
6,"[4, 0]",-1.3868685343823017,46.555037998008025,625.0,5.497787143782138,0.7474368336342829,0.24840677381795584,0.01756501142593495,0.7336566252991555
6,"[4, 0]",-1.3868685343823017,46.555037998008025,625.0,5.890486225480862,0.8216081120192504,0.23984265223693804,0.016959436581450577,0.8172360952622222
6,"[4, 0]",-1.3868685343823017,46.555037998008025,750.0,0.0,0.8141267773399521,0.22779995075924478,0.01610788899358236,0.823008094627739
6,"[4, 0]",-1.3868685343823017,46.555037998008025,750.0,0.39269908169872414,0.7960451668010322,0.2568670625779089,0.018163244181230866,0.8021175027409133
6,"[4, 0]",-1.3868685343823017,46.555037998008025,750.0,0.7853981633974483,0.7277628694616227,0.2688438893995886,0.019010133727501526,0.7363379102421375
6,"[4, 0]",-1.3868685343823017,46.555037998008025,750.0,1.1780972450961724,0.6489228234956161,0.28089980480203963,0.019862615680949974,0.6356836637958589
6,"[4, 0]",-1.3868685343823017,46.555037998008025,750.0,1.5707963267948966,0.5363959765609977,0.2970606827180321,0.021005362317382592,0.5154784599905079
6,"[4, 0]",-1.3868685343823017,46.555037998008025,750.0,1.9634954084936207,0.3912630404023354,0.29211235180271006,0.020655462482804667,0.39402245144256254
6,"[4, 0]",-1.3868685343823017,46.555037998008025,750.0,2.356194490192345,0.29944814554342847,0.2971833880344031,0.02101403889351195,0.28980621445198895
6,"[4, 0]",-1.3868685343823017,46.555037998008025,750.0,2.748893571891069,0.21192251082286073,0.2627846098876224,0.018581677964299926,0.21869572637806062
6,"[4, 0]",-1.3868685343823017,46.555037998008025,750.0,3.141592653589793,0.18518337401032703,0.24062936605969618,0.017015065649343124,0.19151691441185392
6,"[4, 0]",-1.3868685343823017,46.555037998008025,750.0,3.5342917352885173,0.19273320605669808,0.24237608957034332,0.01713857765326678,0.2124075062986796
6,"[4, 0]",-1.3868685343823017,46.555037998008025,750.0,3.9269908169872414,0.30094969363341395,0.2973798205002148,0.021027928766374014,0.27818709879745546
6,"[4, 0]",-1.3868685343823017,46.555037998008025,750.0,4.319689898685965,0.3842702414547889,0.3033353359101211,0.021449047299554585,0.37884134524373375
6,"[4, 0]",-1.3868685343823017,46.555037998008025,750.0,4.71238898038469,0.4956904184086198,0.28151360670119924,0.01990601802947007,0.4990465490490851
6,"[4, 0]",-1.3868685343823017,46.555037998008025,750.0,5.105088062083414,0.6284244890987817,0.28052974762994026,0.019836448687368155,0.6205025575970304
6,"[4, 0]",-1.3868685343823017,46.555037998008025,750.0,5.497787143782138,0.7469733701676106,0.2717479088636952,0.019215478913078277,0.724718794587604
6,"[4, 0]",-1.3868685343823017,46.555037998008025,750.0,5.890486225480862,0.7801545288263552,0.2590704184489286,0.018319044969007384,0.7958292826615322
6,"[4, 0]",-1.3868685343823017,46.555037998008025,875.0,0.0,0.8018151204967835,0.23613089403405768,0.016696975641912425,0.7911308797930569
6,"[4, 0]",-1.3868685343823017,46.555037998008025,875.0,0.39269908169872414,0.7869702204885418,0.258416018167188,0.01827277188132447,0.786902801862635
6,"[4, 0]",-1.3868685343823017,46.555037998008025,875.0,0.7853981633974483,0.7221932339443302,0.2831777204917,0.02002368864406298,0.7388309337819917
6,"[4, 0]",-1.3868685343823017,46.555037998008025,875.0,1.1780972450961724,0.6554601814675314,0.30715741813461356,0.021719309325473706,0.6542337816938356
6,"[4, 0]",-1.3868685343823017,46.555037998008025,875.0,1.5707963267948966,0.5750793495921168,0.3149126790354426,0.02226768908275842,0.5459904951284955
6,"[4, 0]",-1.3868685343823017,46.555037998008025,875.0,1.9634954084936207,0.4242911935227786,0.31838915809178686,0.02251351327429782,0.4305801332377077
6,"[4, 0]",-1.3868685343823017,46.555037998008025,875.0,2.356194490192345,0.30337850951603745,0.2770202831373256,0.019588292073262032,0.3255728774218095
6,"[4, 0]",-1.3868685343823017,46.555037998008025,875.0,2.748893571891069,0.2490598403645636,0.2869085274958671,0.020287496537257463,0.2469551304856265
6,"[4, 0]",-1.3868685343823017,46.555037998008025,875.0,3.141592653589793,0.2197817619635682,0.24456480189386987,0.017293342985869996,0.20669573172854233
6,"[4, 0]",-1.3868685343823017,46.555037998008025,875.0,3.5342917352885173,0.22320287841961617,0.25839598987093026,0.018271355666914523,0.21092380965896423
6,"[4, 0]",-1.3868685343823017,46.555037998008025,875.0,3.9269908169872414,0.22847700150180789,0.25772594475139954,0.01822397632214241,0.2589956777396074
6,"[4, 0]",-1.3868685343823017,46.555037998008025,875.0,4.319689898685965,0.3416605610979498,0.2994697021614832,0.021175705715830048,0.3435928298277633
6,"[4, 0]",-1.3868685343823017,46.555037998008025,875.0,4.71238898038469,0.4919112290888995,0.304520475171678,0.02153284930040432,0.4518361163931036
6,"[4, 0]",-1.3868685343823017,46.555037998008025,875.0,5.105088062083414,0.5619025390630519,0.3163801633093376,0.022371455890893996,0.5672464782838913
6,"[4, 0]",-1.3868685343823017,46.555037998008025,875.0,5.497787143782138,0.643534399320967,0.30591708368929277,0.02163160443575115,0.6722537340997896
6,"[4, 0]",-1.3868685343823017,46.555037998008025,875.0,5.890486225480862,0.7539949615912177,0.27723544972394687,0.0196035066485105,0.7508714810359725
6,"[4, 0]",-1.3868685343823017,46.555037998008025,1000.0,0.0,0.7643697419996397,0.2674705913491107,0.01891302689109321,0.7718552017651594
6,"[4, 0]",-1.3868685343823017,46.555037998008025,1000.0,0.39269908169872414,0.7483111527303297,0.2959533194708015,0.020927059911247242,0.7739720506504995
6,"[4, 0]",-1.3868685343823017,46.555037998008025,1000.0,0.7853981633974483,0.7477300380516967,0.2662286739710965,0.01882521007112648,0.7348013362621488
6,"[4, 0]",-1.3868685343823017,46.555037998008025,1000.0,1.1780972450961724,0.6638821674691414,0.30398063485911336,0.021494676825827088,0.6603064447823239
6,"[4, 0]",-1.3868685343823017,46.555037998008025,1000.0,1.5707963267948966,0.5589469499038409,0.32137158493561835,0.022724402698864426,0.5618285481409551
6,"[4, 0]",-1.3868685343823017,46.555037998008025,1000.0,1.9634954084936207,0.4722173332751643,0.33301281154476225,0.023547561726529918,0.4543600133973347
6,"[4, 0]",-1.3868685343823017,46.555037998008025,1000.0,2.356194490192345,0.3489783546693582,0.2908791968117332,0.02056826525716729,0.3542619507614857
6,"[4, 0]",-1.3868685343823017,46.555037998008025,1000.0,2.748893571891069,0.2754092067454142,0.2926934604830244,0.020696553071650334,0.2767733828785186
6,"[4, 0]",-1.3868685343823017,46.555037998008025,1000.0,3.141592653589793,0.21473517521584762,0.26100370893008024,0.01845574924992996,0.2336912417729981
6,"[4, 0]",-1.3868685343823017,46.555037998008025,1000.0,3.5342917352885173,0.23255380831320005,0.2640396896658437,0.018670425506510963,0.23157439288765813
6,"[4, 0]",-1.3868685343823017,46.555037998008025,1000.0,3.9269908169872414,0.2937013856469216,0.29420348378365685,0.020803327843213024,0.2707451072760087
6,"[4, 0]",-1.3868685343823017,46.555037998008025,1000.0,4.319689898685965,0.3606159400248934,0.3116286241478618,0.022035471334678695,0.34523999875583355
6,"[4, 0]",-1.3868685343823017,46.555037998008025,1000.0,4.71238898038469,0.4184328553592047,0.3113159994392479,0.022013365429535962,0.44371789539720247
6,"[4, 0]",-1.3868685343823017,46.555037998008025,1000.0,5.105088062083414,0.5608958806829544,0.32743087761251366,0.02315285939296709,0.5511864301408229
6,"[4, 0]",-1.3868685343823017,46.555037998008025,1000.0,5.497787143782138,0.6265532579433324,0.29935683190046075,0.021167724583133717,0.6512844927766719
6,"[4, 0]",-1.3868685343823017,46.555037998008025,1000.0,5.890486225480862,0.7580900475522051,0.2678260035013611,0.018938158325390444,0.728773060659639
6,"[4, 0]",-1.3868685343823017,46.555037998008025,1125.0,0.0,0.6981573095028206,0.31004270423332464,0.021923329862079895,0.7132007206014791
6,"[4, 0]",-1.3868685343823017,46.555037998008025,1125.0,0.39269908169872414,0.7459162315316198,0.2684857247193118,0.018984807660081003,0.7297547768319109
6,"[4, 0]",-1.3868685343823017,46.555037998008025,1125.0,0.7853981633974483,0.6739939643128292,0.30461961850776065,0.021539859792929668,0.7112144576447346
6,"[4, 0]",-1.3868685343823017,46.555037998008025,1125.0,1.1780972450961724,0.6646454694668619,0.30852311154439727,0.02181587843258169,0.6604023585677856
6,"[4, 0]",-1.3868685343823017,46.555037998008025,1125.0,1.5707963267948966,0.6015543685995932,0.3225860813859106,0.022810280566437288,0.5850541610727044
6,"[4, 0]",-1.3868685343823017,46.555037998008025,1125.0,1.9634954084936207,0.4773471882461084,0.3357945288459688,0.023744258843232627,0.496640945195006
6,"[4, 0]",-1.3868685343823017,46.555037998008025,1125.0,2.356194490192345,0.41361137340646287,0.32900142003505084,0.02326391351267881,0.408622821584272
6,"[4, 0]",-1.3868685343823017,46.555037998008025,1125.0,2.748893571891069,0.3558015500317609,0.3113075424083762,0.022012767427148153,0.33439975167395963
6,"[4, 0]",-1.3868685343823017,46.555037998008025,1125.0,3.141592653589793,0.27535925467683126,0.27668454733454173,0.019564551966978476,0.28527152502410935
6,"[4, 0]",-1.3868685343823017,46.555037998008025,1125.0,3.5342917352885173,0.2822756725639743,0.2984342756174931,0.021102490002762448,0.2687174687936775
6,"[4, 0]",-1.3868685343823017,46.555037998008025,1125.0,3.9269908169872414,0.2761700724751788,0.2913958302726663,0.020604796759528657,0.2872577879808539
6,"[4, 0]",-1.3868685343823017,46.555037998008025,1125.0,4.319689898685965,0.321738313250459,0.3191467316263514,0.022567081812651626,0.3380698870578028
6,"[4, 0]",-1.3868685343823017,46.555037998008025,1125.0,4.71238898038469,0.4090093319254894,0.32192112670479595,0.022763261170017497,0.41341808455288404
6,"[4, 0]",-1.3868685343823017,46.555037998008025,1125.0,5.105088062083414,0.5271984108595344,0.343789961578967,0.02430962131363502,0.5018313004305827
6,"[4, 0]",-1.3868685343823017,46.555037998008025,1125.0,5.497787143782138,0.5690900525170436,0.32811002942269185,0.023200882678010303,0.5898494240413164
6,"[4, 0]",-1.3868685343823017,46.555037998008025,1125.0,5.890486225480862,0.6935683572944639,0.3020173125666941,0.02135584897516465,0.6640724939516288
6,"[4, 0]",-1.3868685343823017,46.555037998008025,1250.0,0.0,0.6720510476591525,0.3091213799706669,0.021858182398700198,0.6675127376492869
6,"[4, 0]",-1.3868685343823017,46.555037998008025,1250.0,0.39269908169872414,0.7000232756199645,0.3047429013898389,0.021548577209121844,0.6922771414153412
6,"[4, 0]",-1.3868685343823017,46.555037998008025,1250.0,0.7853981633974483,0.7050266359929995,0.286784385845324,0.020278718396964792,0.6865845173621159
6,"[4, 0]",-1.3868685343823017,46.555037998008025,1250.0,1.1780972450961724,0.6428287122427409,0.342096741567824,0.02418989257844302,0.6513015158979485
6,"[4, 0]",-1.3868685343823017,46.555037998008025,1250.0,1.5707963267948966,0.5851288511488804,0.3427472518800421,0.024235890603743142,0.591799654154554
6,"[4, 0]",-1.3868685343823017,46.555037998008025,1250.0,1.9634954084936207,0.5210174203555404,0.3410607776239393,0.02411663886546446,0.5171375511966443
6,"[4, 0]",-1.3868685343823017,46.555037998008025,1250.0,2.356194490192345,0.4316078363575695,0.3506115304216465,0.024791979072333974,0.4386818353859125
6,"[4, 0]",-1.3868685343823017,46.555037998008025,1250.0,2.748893571891069,0.36841080219609934,0.3133362014303161,0.02215621528226105,0.3683766782517075
6,"[4, 0]",-1.3868685343823017,46.555037998008025,1250.0,3.141592653589793,0.2795529349738353,0.2924918523205781,0.0206822972217695,0.3169254026498758
6,"[4, 0]",-1.3868685343823017,46.555037998008025,1250.0,3.5342917352885173,0.3172833681892255,0.32670403311517177,0.023101463725673232,0.29216099888382135
6,"[4, 0]",-1.3868685343823017,46.555037998008025,1250.0,3.9269908169872414,0.34378865863939084,0.3308841696236677,0.023397044012817524,0.29785362293704676
6,"[4, 0]",-1.3868685343823017,46.555037998008025,1250.0,4.319689898685965,0.32644938182659017,0.3148733914968198,0.022264911034260787,0.33313662440121405
6,"[4, 0]",-1.3868685343823017,46.555037998008025,1250.0,4.71238898038469,0.3954040466685585,0.3303930361029791,0.023362315628522833,0.3926384861446086
6,"[4, 0]",-1.3868685343823017,46.555037998008025,1250.0,5.105088062083414,0.45455430566660504,0.3483540053438715,0.024632347943214634,0.46730058910251837
6,"[4, 0]",-1.3868685343823017,46.555037998008025,1250.0,5.497787143782138,0.5146816884488716,0.3325289191141398,0.02351334536462412,0.5457563049132501
6,"[4, 0]",-1.3868685343823017,46.555037998008025,1250.0,5.890486225480862,0.6169222332012073,0.3284197743379322,0.023222784951010753,0.616061462047455
6,"[4, 0]",-1.3868685343823017,46.555037998008025,1375.0,0.0,0.6015674892626954,0.315877680789813,0.022335925011195638,0.6236139645162602
6,"[4, 0]",-1.3868685343823017,46.555037998008025,1375.0,0.39269908169872414,0.7039966165871854,0.2899362585634763,0.020501589454209032,0.6617229919519932
6,"[4, 0]",-1.3868685343823017,46.555037998008025,1375.0,0.7853981633974483,0.6462229908648146,0.3282550694654603,0.023211138557788818,0.6749670718481173
6,"[4, 0]",-1.3868685343823017,46.555037998008025,1375.0,1.1780972450961724,0.634673430263736,0.32071405238588946,0.022677908126388008,0.6613299130983307
6,"[4, 0]",-1.3868685343823017,46.555037998008025,1375.0,1.5707963267948966,0.6429127057078048,0.3117149095787996,0.022041572636012068,0.6228876495011364
6,"[4, 0]",-1.3868685343823017,46.555037998008025,1375.0,1.9634954084936207,0.5689447053635166,0.3533518975583765,0.024985752290866227,0.56549276720922
6,"[4, 0]",-1.3868685343823017,46.555037998008025,1375.0,2.356194490192345,0.4699457432235387,0.35103153581308905,0.024821677938376367,0.4978831167656223
6,"[4, 0]",-1.3868685343823017,46.555037998008025,1375.0,2.748893571891069,0.4446245785667784,0.35161174361792913,0.024862704825706346,0.4303516545673735
6,"[4, 0]",-1.3868685343823017,46.555037998008025,1375.0,3.141592653589793,0.39524653302395996,0.33949511883774697,0.024005930070990368,0.3731794335599277
6,"[4, 0]",-1.3868685343823017,46.555037998008025,1375.0,3.5342917352885173,0.3472106145306968,0.33063409669033594,0.023379361186122518,0.3350704061241946
6,"[4, 0]",-1.3868685343823017,46.555037998008025,1375.0,3.9269908169872414,0.2816700640112801,0.3074743940189015,0.021741722905198966,0.3218263262280705
6,"[4, 0]",-1.3868685343823017,46.555037998008025,1375.0,4.319689898685965,0.36011749879384264,0.31902873230652196,0.022558738000728946,0.3354634849778571
6,"[4, 0]",-1.3868685343823017,46.555037998008025,1375.0,4.71238898038469,0.3731093451064216,0.3225939409423608,0.022810836321003596,0.3739057485750514
6,"[4, 0]",-1.3868685343823017,46.555037998008025,1375.0,5.105088062083414,0.41615296931462603,0.3348803384408553,0.023679615819757485,0.4313006308669678
6,"[4, 0]",-1.3868685343823017,46.555037998008025,1375.0,5.497787143782138,0.4955863469280242,0.3494504321229757,0.024709877024272547,0.4989102813105654
6,"[4, 0]",-1.3868685343823017,46.555037998008025,1375.0,5.890486225480862,0.5885676026675761,0.3592001799294372,0.025399288303153304,0.5664417435088142
6,"[4, 0]",-1.3868685343823017,46.555037998008025,1500.0,0.0,0.6335833467391968,0.333353650690336,0.02357166269364282,0.5893293458115846
6,"[4, 0]",-1.3868685343823017,46.555037998008025,1500.0,0.39269908169872414,0.6277727492493662,0.33345759729899344,0.023579012828829123,0.6275419208603444
6,"[4, 0]",-1.3868685343823017,46.555037998008025,1500.0,0.7853981633974483,0.6234306251443867,0.3448064064107529,0.0243814948169608,0.64595415669596
6,"[4, 0]",-1.3868685343823017,46.555037998008025,1500.0,1.1780972450961724,0.6389823480753329,0.33556062332332653,0.023727719225110893,0.6417629573197923
6,"[4, 0]",-1.3868685343823017,46.555037998008025,1500.0,1.5707963267948966,0.6037471248310067,0.327049498602991,0.023125891824583522,0.6156063948435457
6,"[4, 0]",-1.3868685343823017,46.555037998008025,1500.0,1.9634954084936207,0.6106971428905106,0.3441084021344653,0.024332138461254784,0.5714665687943997
6,"[4, 0]",-1.3868685343823017,46.555037998008025,1500.0,2.356194490192345,0.5091833135870139,0.3641657652829542,0.02575040821075655,0.5160633675598172
6,"[4, 0]",-1.3868685343823017,46.555037998008025,1500.0,2.748893571891069,0.44850310153002076,0.33979798659576427,0.02402734605554005,0.4578314262964934
6,"[4, 0]",-1.3868685343823017,46.555037998008025,1500.0,3.141592653589793,0.3851091356712968,0.33758973726335306,0.023871199247790187,0.4056360301879075
6,"[4, 0]",-1.3868685343823017,46.555037998008025,1500.0,3.5342917352885173,0.38400020925410205,0.33954736969409716,0.02400962476447517,0.36742345513914765
6,"[4, 0]",-1.3868685343823017,46.555037998008025,1500.0,3.9269908169872414,0.35530252223260733,0.3120729065036963,0.022066886841335908,0.3490112193035321
6,"[4, 0]",-1.3868685343823017,46.555037998008025,1500.0,4.319689898685965,0.3422311830191933,0.32727848666182735,0.023142083725504914,0.3532024186796998
6,"[4, 0]",-1.3868685343823017,46.555037998008025,1500.0,4.71238898038469,0.3860663853716973,0.33604476260115124,0.023761953041749755,0.37935898115594635
6,"[4, 0]",-1.3868685343823017,46.555037998008025,1500.0,5.105088062083414,0.448494976229385,0.3389927207550663,0.023970405161878507,0.42349880720509236
6,"[4, 0]",-1.3868685343823017,46.555037998008025,1500.0,5.497787143782138,0.4386815272372334,0.34076707185225535,0.024095870731181322,0.47890200843967484
6,"[4, 0]",-1.3868685343823017,46.555037998008025,1500.0,5.890486225480862,0.52089960958717,0.35294074308903634,0.02495667927952767,0.5371339497029985
6,"[4, 0]",-1.3868685343823017,46.555037998008025,1625.0,0.0,0.5402819323166974,0.3387649366739922,0.023954298395041124,0.5376629119129126
6,"[4, 0]",-1.3868685343823017,46.555037998008025,1625.0,0.39269908169872414,0.5487368402627694,0.33848454889780405,0.023934471985250675,0.5720898893414644
6,"[4, 0]",-1.3868685343823017,46.555037998008025,1625.0,0.7853981633974483,0.5829872433406136,0.3605097646303288,0.025491889925407164,0.5955017641501088
6,"[4, 0]",-1.3868685343823017,46.555037998008025,1625.0,1.1780972450961724,0.6163708212955172,0.35150260596247657,0.024854987628081013,0.6043342906284034
6,"[4, 0]",-1.3868685343823017,46.555037998008025,1625.0,1.5707963267948966,0.6244054206701967,0.32870288918317614,0.02324280419370341,0.5972427966870797
6,"[4, 0]",-1.3868685343823017,46.555037998008025,1625.0,1.9634954084936207,0.5470736932514767,0.35179022493681783,0.024875325360796476,0.5753068979941515
6,"[4, 0]",-1.3868685343823017,46.555037998008025,1625.0,2.356194490192345,0.5837387742916991,0.3540570384001057,0.02503561327795406,0.5418661362762003
6,"[4, 0]",-1.3868685343823017,46.555037998008025,1625.0,2.748893571891069,0.48624691179189716,0.3633043274233109,0.025689495355544094,0.5020115643635243
6,"[4, 0]",-1.3868685343823017,46.555037998008025,1625.0,3.141592653589793,0.4417553492124073,0.35393043293607607,0.025026660919738996,0.4618106795472346
6,"[4, 0]",-1.3868685343823017,46.555037998008025,1625.0,3.5342917352885173,0.4047501187851003,0.3375775287688537,0.023870335976865328,0.42738370211868276
6,"[4, 0]",-1.3868685343823017,46.555037998008025,1625.0,3.9269908169872414,0.4285059703973177,0.35001940304382567,0.024750109343915642,0.4039718273100383
6,"[4, 0]",-1.3868685343823017,46.555037998008025,1625.0,4.319689898685965,0.4012327625779713,0.32565527007397344,0.023027304979844315,0.3951393008317437
6,"[4, 0]",-1.3868685343823017,46.555037998008025,1625.0,4.71238898038469,0.38365730718815877,0.33676680419716803,0.02381300909263398,0.40223079477306745
6,"[4, 0]",-1.3868685343823017,46.555037998008025,1625.0,5.105088062083414,0.4517669310745792,0.34348432653834016,0.02428800965265547,0.4241666934659957
6,"[4, 0]",-1.3868685343823017,46.555037998008025,1625.0,5.497787143782138,0.46268147206578264,0.3383553211062785,0.02392533420048013,0.45760745518394685
6,"[4, 0]",-1.3868685343823017,46.555037998008025,1625.0,5.890486225480862,0.4884236998251747,0.3556294401781891,0.025146798873957314,0.4974620270966227
6,"[4, 0]",-1.3868685343823017,46.555037998008025,1750.0,0.0,0.5184206945839824,0.34827341393315575,0.024626649269912385,0.5078157738213958
6,"[4, 0]",-1.3868685343823017,46.555037998008025,1750.0,0.39269908169872414,0.5207928783183684,0.356350293118098,0.025197770874162098,0.5452733096505032
6,"[4, 0]",-1.3868685343823017,46.555037998008025,1750.0,0.7853981633974483,0.6019707657106395,0.34405918673476543,0.024328658406968125,0.5753155354912269
6,"[4, 0]",-1.3868685343823017,46.555037998008025,1750.0,1.1780972450961724,0.573831771413476,0.35025153290787353,0.024766523404014057,0.593368794792772
6,"[4, 0]",-1.3868685343823017,46.555037998008025,1750.0,1.5707963267948966,0.6159149819641144,0.3091817062489525,0.021862448110746148,0.5966846424796814
6,"[4, 0]",-1.3868685343823017,46.555037998008025,1750.0,1.9634954084936207,0.5592752903959748,0.33959910161836643,0.024013282763920635,0.5847582707998571
6,"[4, 0]",-1.3868685343823017,46.555037998008025,1750.0,2.356194490192345,0.5704404556310156,0.35384911583208184,0.02502091093217292,0.559405361728724
6,"[4, 0]",-1.3868685343823017,46.555037998008025,1750.0,2.748893571891069,0.4910338537345862,0.34806036503520654,0.024611584437865965,0.5244856658476691
6,"[4, 0]",-1.3868685343823017,46.555037998008025,1750.0,3.141592653589793,0.5258310405324828,0.3472425570796366,0.02455375668275678,0.48531539030675147
6,"[4, 0]",-1.3868685343823017,46.555037998008025,1750.0,3.5342917352885173,0.49017763925069835,0.3444494726631032,0.02435625578962106,0.4478578544776439
6,"[4, 0]",-1.3868685343823017,46.555037998008025,1750.0,3.9269908169872414,0.37032049864222716,0.3308435886333958,0.023394174503476674,0.4178156286369202
6,"[4, 0]",-1.3868685343823017,46.555037998008025,1750.0,4.319689898685965,0.37642196233218783,0.3248675229828785,0.022971602848846997,0.3997623693353751
6,"[4, 0]",-1.3868685343823017,46.555037998008025,1750.0,4.71238898038469,0.4078232736612948,0.3346278416286713,0.023661761598945157,0.3964465216484658
6,"[4, 0]",-1.3868685343823017,46.555037998008025,1750.0,5.105088062083414,0.4263715641917007,0.34001545978158015,0.024042723731981713,0.4083728933282901
6,"[4, 0]",-1.3868685343823017,46.555037998008025,1750.0,5.497787143782138,0.4485570013222357,0.34922428274216705,0.02469388584819945,0.43372580239942315
6,"[4, 0]",-1.3868685343823017,46.555037998008025,1750.0,5.890486225480862,0.4489374553446527,0.3411803076615508,0.024125090915479513,0.468645498280478
6,"[4, 0]",-1.3868685343823017,46.555037998008025,1875.0,0.0,0.5172243822692799,0.3605430738794558,0.025494245245000557,0.46638237932094934
6,"[4, 0]",-1.3868685343823017,46.555037998008025,1875.0,0.39269908169872414,0.49107916424141984,0.3583280800824058,0.02533762153158254,0.5015609236808899
6,"[4, 0]",-1.3868685343823017,46.555037998008025,1875.0,0.7853981633974483,0.5176269124372095,0.34264277282975214,0.024228502819247946,0.537223999152787
6,"[4, 0]",-1.3868685343823017,46.555037998008025,1875.0,1.1780972450961724,0.5843185724075961,0.34979217959902925,0.02473404222004963,0.5679422257826284
6,"[4, 0]",-1.3868685343823017,46.555037998008025,1875.0,1.5707963267948966,0.6070564460662217,0.33587272314657324,0.02374978801525338,0.5890390320274387
6,"[4, 0]",-1.3868685343823017,46.555037998008025,1875.0,1.9634954084936207,0.5919916131505651,0.34478335130670396,0.024379864574919405,0.5973026203794701
6,"[4, 0]",-1.3868685343823017,46.555037998008025,1875.0,2.356194490192345,0.541346499392109,0.3465003738908208,0.02450127640618735,0.5914749344217411
6,"[4, 0]",-1.3868685343823017,46.555037998008025,1875.0,2.748893571891069,0.5657347982168721,0.3558135563496604,0.025159817853294658,0.5724431865132109
6,"[4, 0]",-1.3868685343823017,46.555037998008025,1875.0,3.141592653589793,0.5776757351995101,0.34452380199444377,0.024361511667044256,0.543104787749729
6,"[4, 0]",-1.3868685343823017,46.555037998008025,1875.0,3.5342917352885173,0.5384121087844471,0.35142779229438814,0.024849697502877938,0.5079262433897885
6,"[4, 0]",-1.3868685343823017,46.555037998008025,1875.0,3.9269908169872414,0.46359312546933834,0.33912007757599144,0.023979410649049158,0.4722631679178914
6,"[4, 0]",-1.3868685343823017,46.555037998008025,1875.0,4.319689898685965,0.43140674050932964,0.3539240408504415,0.025026208931029182,0.44154494128805
6,"[4, 0]",-1.3868685343823017,46.555037998008025,1875.0,4.71238898038469,0.39938779217941445,0.3486631579699395,0.024654208335046068,0.42044813504323975
6,"[4, 0]",-1.3868685343823017,46.555037998008025,1875.0,5.105088062083414,0.43276243376875567,0.33467189139416537,0.023664876387734207,0.4121845466912083
6,"[4, 0]",-1.3868685343823017,46.555037998008025,1875.0,5.497787143782138,0.3944217509578031,0.3412848951515966,0.02413248636782338,0.41801223264893733
6,"[4, 0]",-1.3868685343823017,46.555037998008025,1875.0,5.890486225480862,0.4232080186028861,0.3536029491589062,0.025003504319782457,0.4370439805574674
6,"[4, 0]",-1.3868685343823017,46.555037998008025,2000.0,0.0,0.44480997104977116,0.3493651651047263,0.024703847735590975,0.4572416348438488
6,"[4, 0]",-1.3868685343823017,46.555037998008025,2000.0,0.39269908169872414,0.4650555838866987,0.3575952909353232,0.02528580551407434,0.47892368959420833
6,"[4, 0]",-1.3868685343823017,46.555037998008025,2000.0,0.7853981633974483,0.4614188597696209,0.3510327162926329,0.024821761410885417,0.5032217733578523
6,"[4, 0]",-1.3868685343823017,46.555037998008025,2000.0,1.1780972450961724,0.5443198481790621,0.36035808811893333,0.025481164776431718,0.5264367231444437
6,"[4, 0]",-1.3868685343823017,46.555037998008025,2000.0,1.5707963267948966,0.5877614304039953,0.352788307079516,0.02494590042592478,0.5450342732930179
6,"[4, 0]",-1.3868685343823017,46.555037998008025,2000.0,1.9634954084936207,0.5433932571581959,0.3408329375410863,0.024100528138703312,0.5561831153806663
6,"[4, 0]",-1.3868685343823017,46.555037998008025,2000.0,2.356194490192345,0.5585959190791872,0.34625993436239466,0.02448427476408581,0.5581859392640497
6,"[4, 0]",-1.3868685343823017,46.555037998008025,2000.0,2.748893571891069,0.552951022316598,0.35632646009879493,0.025196085625205564,0.5507378331625667
6,"[4, 0]",-1.3868685343823017,46.555037998008025,2000.0,3.141592653589793,0.5264032911411887,0.35337899203246603,0.024987668159502367,0.534972703712918
6,"[4, 0]",-1.3868685343823017,46.555037998008025,2000.0,3.5342917352885173,0.5299114820523095,0.3443340558561855,0.024348094588937618,0.5132906489625586
6,"[4, 0]",-1.3868685343823017,46.555037998008025,2000.0,3.9269908169872414,0.44893718166281205,0.3453631176651139,0.024420860247272955,0.4889925651989146
6,"[4, 0]",-1.3868685343823017,46.555037998008025,2000.0,4.319689898685965,0.4769601312917445,0.36294215390792256,0.025663885820674363,0.4657776154123232
6,"[4, 0]",-1.3868685343823017,46.555037998008025,2000.0,4.71238898038469,0.47000904638691926,0.34892900645069347,0.024673006661396994,0.447180065263749
6,"[4, 0]",-1.3868685343823017,46.555037998008025,2000.0,5.105088062083414,0.40130709460362696,0.33784619417470857,0.023889333489900348,0.43603122317610055
6,"[4, 0]",-1.3868685343823017,46.555037998008025,2000.0,5.497787143782138,0.47855426486059566,0.34441163975093037,0.024353580598746115,0.43402839929271714
6,"[4, 0]",-1.3868685343823017,46.555037998008025,2000.0,5.890486225480862,0.45118092123185927,0.351594094167063,0.02486145682106718,0.44147650539420014
2,"[3, 1]",2.1385194393133133,25.951404326024335,0.0,0.0,0.9948710718226528,0.006826812093679684,0.00048272851253272365,0.9950842777369628
2,"[3, 1]",2.1385194393133133,25.951404326024335,0.0,0.39269908169872414,0.9576501262164879,0.008557540968319044,0.000605109524898009,0.9571811508649424
2,"[3, 1]",2.1385194393133133,25.951404326024335,0.0,0.7853981633974483,0.8482211985633561,0.01098620324211316,0.0007768418811991848,0.8493121243763737
2,"[3, 1]",2.1385194393133133,25.951404326024335,0.0,1.1780972450961724,0.6873254076645339,0.013130997713895084,0.0009285017527240266,0.6878992797189808
2,"[3, 1]",2.1385194393133133,25.951404326024335,0.0,1.5707963267948966,0.49859395057660744,0.01290432698505687,0.0009124737117782269,0.49751625928077203
2,"[3, 1]",2.1385194393133133,25.951404326024335,0.0,1.9634954084936207,0.30807113655332313,0.011359529502603116,0.0008032400342379312,0.307147152097086
2,"[3, 1]",2.1385194393133133,25.951404326024335,0.0,2.356194490192345,0.14588394602132257,0.009808447291494306,0.0006935619592726448,0.14577392903638564
2,"[3, 1]",2.1385194393133133,25.951404326024335,0.0,2.748893571891069,0.03796506694546951,0.005026712289636796,0.0003554422347075935,0.03796420045775223
2,"[3, 1]",2.1385194393133133,25.951404326024335,0.0,3.141592653589793,0.00013069690485742022,0.00024698279184570834,1.746432069504859e-05,0.00013102023965994025
2,"[3, 1]",2.1385194393133133,25.951404326024335,0.0,3.5342917352885173,0.03789043531845967,0.004494385014169417,0.0003178010120782392,0.038034147111680405
2,"[3, 1]",2.1385194393133133,25.951404326024335,0.0,3.9269908169872414,0.14554776564867342,0.009215445060969302,0.000651630369426347,0.14590317360024907
2,"[3, 1]",2.1385194393133133,25.951404326024335,0.0,4.319689898685965,0.30795189975646137,0.00938940091143583,0.0006639309055755426,0.3073160182576415
2,"[3, 1]",2.1385194393133133,25.951404326024335,0.0,4.71238898038469,0.4992099719645094,0.012146426113290313,0.000858882027188894,0.4976990386958507
2,"[3, 1]",2.1385194393133133,25.951404326024335,0.0,5.105088062083414,0.6871557664741108,0.012896945172740659,0.0009119517388236029,0.6880681458795368
2,"[3, 1]",2.1385194393133133,25.951404326024335,0.0,5.497787143782138,0.8496710877914887,0.011136174604805227,0.0007874464579535196,0.8494413689402371
2,"[3, 1]",2.1385194393133133,25.951404326024335,0.0,5.890486225480862,0.9571746293837393,0.007155768833677438,0.0005059892666896669,0.9572510975188704
2,"[3, 1]",2.1385194393133133,25.951404326024335,125.0,0.0,0.9830485366123048,0.023050693893679673,0.0016299301963276238,0.9840124648527004
2,"[3, 1]",2.1385194393133133,25.951404326024335,125.0,0.39269908169872414,0.9484939665867503,0.04750463021353699,0.0033590846161751357,0.9464509120350317
2,"[3, 1]",2.1385194393133133,25.951404326024335,125.0,0.7853981633974483,0.8422416021760237,0.07283011870841656,0.005149867081334259,0.8404320460126711
2,"[3, 1]",2.1385194393133133,25.951404326024335,125.0,1.1780972450961724,0.6953187402154657,0.09337454452050091,0.0066025773620651375,0.6820962780741091
2,"[3, 1]",2.1385194393133133,25.951404326024335,125.0,1.5707963267948966,0.49416898703978435,0.09344645023496219,0.006607661863895301,0.49554879357068143
2,"[3, 1]",2.1385194393133133,25.951404326024335,125.0,1.9634954084936207,0.3069085521817882,0.08651355206180641,0.006117431932743873,0.3091897559608767
2,"[3, 1]",2.1385194393133133,25.951404326024335,125.0,2.356194490192345,0.14769670862170428,0.07001522235572025,0.004950823851401375,0.15139063937190517
2,"[3, 1]",2.1385194393133133,25.951404326024335,125.0,2.748893571891069,0.0431999594867369,0.039196673128872477,0.0027716233369378257,0.04617492885188362
2,"[3, 1]",2.1385194393133133,25.951404326024335,125.0,3.141592653589793,0.009959621370721866,0.022001772382002134,0.0015557602449436606,0.009560762544694401
2,"[3, 1]",2.1385194393133133,25.951404326024335,125.0,3.5342917352885173,0.05013241823898428,0.03882622451270477,0.0027454286640804897,0.04712231536236311
2,"[3, 1]",2.1385194393133133,25.951404326024335,125.0,3.9269908169872414,0.14870320485847244,0.07548106598692035,0.0053373173610540645,0.1531411813847236
2,"[3, 1]",2.1385194393133133,25.951404326024335,125.0,4.319689898685965,0.31564914985607645,0.10726609799151728,0.007584858528122257,0.3114769493232856
2,"[3, 1]",2.1385194393133133,25.951404326024335,125.0,4.71238898038469,0.4993571515432081,0.09291457859028358,0.006570052859227992,0.4980244338267136
2,"[3, 1]",2.1385194393133133,25.951404326024335,125.0,5.105088062083414,0.6797347118636161,0.0880886178857078,0.006228805905233458,0.6843834714365185
2,"[3, 1]",2.1385194393133133,25.951404326024335,125.0,5.497787143782138,0.8427877246887044,0.0774816759249339,0.0054787818464219215,0.8421825880254895
2,"[3, 1]",2.1385194393133133,25.951404326024335,125.0,5.890486225480862,0.9476857352960567,0.04477962390510275,0.003166397572228138,0.9473982985455112
2,"[3, 1]",2.1385194393133133,25.951404326024335,250.0,0.0,0.9560894902984387,0.09615697283305638,0.006799324754862479,0.9599171894201383
2,"[3, 1]",2.1385194393133133,25.951404326024335,250.0,0.39269908169872414,0.9136072579427668,0.11650063878469644,0.008237839169722335,0.923723804835646
2,"[3, 1]",2.1385194393133133,25.951404326024335,250.0,0.7853981633974483,0.8303292520399681,0.12049137353826414,0.00852002673033879,0.8222908502090878
2,"[3, 1]",2.1385194393133133,25.951404326024335,250.0,1.1780972450961724,0.6809024146748154,0.1644190261239205,0.01162618083283123,0.6710605733903333
2,"[3, 1]",2.1385194393133133,25.951404326024335,250.0,1.5707963267948966,0.4846032649959303,0.16133671672882366,0.011408228645332431,0.4930564131191655
2,"[3, 1]",2.1385194393133133,25.951404326024335,250.0,1.9634954084936207,0.29178943534261165,0.15615406524719663,0.011041759844613933,0.3153778891851378
2,"[3, 1]",2.1385194393133133,25.951404326024335,250.0,2.356194490192345,0.1744810561602106,0.13364057287562273,0.009449815532200782,0.16507494619737645
2,"[3, 1]",2.1385194393133133,25.951404326024335,250.0,2.748893571891069,0.08762419897217963,0.122677387943078,0.008674601291280325,0.06502984472619638
2,"[3, 1]",2.1385194393133133,25.951404326024335,250.0,3.141592653589793,0.025429770014958573,0.05041277929304833,0.003564721809657524,0.030473544559481924
2,"[3, 1]",2.1385194393133133,25.951404326024335,250.0,3.5342917352885173,0.0729527907139449,0.09122945398450609,0.006450896555639035,0.06666692914397421
2,"[3, 1]",2.1385194393133133,25.951404326024335,250.0,3.9269908169872414,0.17247159094814243,0.13092824525195812,0.009258025006651498,0.16809988377053242
2,"[3, 1]",2.1385194393133133,25.951404326024335,250.0,4.319689898685965,0.32252889521378897,0.17067873597010857,0.012068809160881207,0.3193301605892864
2,"[3, 1]",2.1385194393133133,25.951404326024335,250.0,4.71238898038469,0.49113606821659267,0.17531543791618684,0.012396673499722488,0.49733432086045465
2,"[3, 1]",2.1385194393133133,25.951404326024335,250.0,5.105088062083414,0.6597958858018623,0.17470375121491982,0.012353420718279735,0.6750128447944823
2,"[3, 1]",2.1385194393133133,25.951404326024335,250.0,5.497787143782138,0.8156826001031754,0.14574581492470837,0.01030578540628208,0.8253157877822437
2,"[3, 1]",2.1385194393133133,25.951404326024335,250.0,5.890486225480862,0.9357773842811937,0.08267350850998528,0.005845899849189434,0.9253608892534237
2,"[3, 1]",2.1385194393133133,25.951404326024335,375.0,0.0,0.9350799972099617,0.1143849984352205,0.008088240805955703,0.9266142229073107
2,"[3, 1]",2.1385194393133133,25.951404326024335,375.0,0.39269908169872414,0.8847930624504997,0.16606474925956735,0.011742551031748377,0.891215471782912
2,"[3, 1]",2.1385194393133133,25.951404326024335,375.0,0.7853981633974483,0.8053119958416411,0.15809596372727788,0.011179072802978062,0.7958671339229979
2,"[3, 1]",2.1385194393133133,25.951404326024335,375.0,1.1780972450961724,0.6229344016005536,0.2241206180240342,0.015847720880851457,0.6550851294319051
2,"[3, 1]",2.1385194393133133,25.951404326024335,375.0,1.5707963267948966,0.4780432352170528,0.21610631560317256,0.015281024122024351,0.49030224230135394
2,"[3, 1]",2.1385194393133133,25.951404326024335,375.0,1.9634954084936207,0.337713728655946,0.2237445545350277,0.01582112917652814,0.32660517333637923
2,"[3, 1]",2.1385194393133133,25.951404326024335,375.0,2.356194490192345,0.18216049236280665,0.18258956252429315,0.012911031783481278,0.18891531736927297
2,"[3, 1]",2.1385194393133133,25.951404326024335,375.0,2.748893571891069,0.09970485749816137,0.1458727716474572,0.010314762602239373,0.09819470680937459
2,"[3, 1]",2.1385194393133133,25.951404326024335,375.0,3.141592653589793,0.07693973195498843,0.12713969430104763,0.008990133999825543,0.06825473223004608
2,"[3, 1]",2.1385194393133133,25.951404326024335,375.0,3.5342917352885173,0.11157279240931053,0.17286098938192207,0.012223117779457287,0.10365348335444469
2,"[3, 1]",2.1385194393133133,25.951404326024335,375.0,3.9269908169872414,0.18779939932441755,0.1690905486300657,0.011956507357087314,0.19900182121435867
2,"[3, 1]",2.1385194393133133,25.951404326024335,375.0,4.319689898685965,0.3324676525216341,0.211090966620313,0.014926385394444646,0.3397838257054515
2,"[3, 1]",2.1385194393133133,25.951404326024335,375.0,4.71238898038469,0.5009001103642307,0.21980707619603382,0.015542707413100366,0.504566712836003
2,"[3, 1]",2.1385194393133133,25.951404326024335,375.0,5.105088062083414,0.6537921985780898,0.22856520324198884,0.016162000515569177,0.6682637818009778
2,"[3, 1]",2.1385194393133133,25.951404326024335,375.0,5.497787143782138,0.8085134318963298,0.18710056387726473,0.013230007748144068,0.8059536377680836
2,"[3, 1]",2.1385194393133133,25.951404326024335,375.0,5.890486225480862,0.8978964935211051,0.15081925451149888,0.010664531759858065,0.8966742483279821
2,"[3, 1]",2.1385194393133133,25.951404326024335,500.0,0.0,0.9030115362900984,0.15239993197647003,0.010776302535293051,0.8940941271325529
2,"[3, 1]",2.1385194393133133,25.951404326024335,500.0,0.39269908169872414,0.853324528017111,0.20022888588708354,0.014158320300018417,0.8641134734047557
2,"[3, 1]",2.1385194393133133,25.951404326024335,500.0,0.7853981633974483,0.7872405189193753,0.19605041434039921,0.013862857743452865,0.7786159666834149
2,"[3, 1]",2.1385194393133133,25.951404326024335,500.0,1.1780972450961724,0.6402423757339356,0.23063700811472349,0.016308499243049775,0.6506178273300258
2,"[3, 1]",2.1385194393133133,25.951404326024335,500.0,1.5707963267948966,0.5055078618066462,0.2553630260488033,0.018056892738342576,0.4996056117551199
2,"[3, 1]",2.1385194393133133,25.951404326024335,500.0,1.9634954084936207,0.33046188613132194,0.2358193688462741,0.016674947484633208,0.3485695608508328
2,"[3, 1]",2.1385194393133133,25.951404326024335,500.0,2.356194490192345,0.22862223579788343,0.2428536900678005,0.017172349108311783,0.22050354422213198
2,"[3, 1]",2.1385194393133133,25.951404326024335,500.0,2.748893571891069,0.13441520402270613,0.20397669528046808,0.014423330443684101,0.1349044519794051
2,"[3, 1]",2.1385194393133133,25.951404326024335,500.0,3.141592653589793,0.10744457437041101,0.17279690259335947,0.01221858615917958,0.10480396995890412
2,"[3, 1]",2.1385194393133133,25.951404326024335,500.0,3.5342917352885173,0.13405594537800283,0.17732814194357124,0.012538993166350987,0.13478462368670124
2,"[3, 1]",2.1385194393133133,25.951404326024335,500.0,3.9269908169872414,0.22380363411051069,0.2016217164145926,0.014256808291122946,0.220282130408042
2,"[3, 1]",2.1385194393133133,25.951404326024335,500.0,4.319689898685965,0.3596119617448549,0.24274538319449726,0.0171646906558556,0.3482802697614308
2,"[3, 1]",2.1385194393133133,25.951404326024335,500.0,4.71238898038469,0.4996684324566891,0.25778379761494424,0.018228067137354764,0.49929248533633713
2,"[3, 1]",2.1385194393133133,25.951404326024335,500.0,5.105088062083414,0.6202544446172839,0.26125220539351485,0.018473320603369505,0.6503285362406243
2,"[3, 1]",2.1385194393133133,25.951404326024335,500.0,5.497787143782138,0.763158451537347,0.23181815646974827,0.01639201904419231,0.778394552869325
2,"[3, 1]",2.1385194393133133,25.951404326024335,500.0,5.890486225480862,0.8742551671335065,0.17390006705218292,0.012296591666139384,0.8639936451120518
2,"[3, 1]",2.1385194393133133,25.951404326024335,625.0,0.0,0.8514508058141377,0.20251962716291427,0.0143203001690268,0.8446971924158362
2,"[3, 1]",2.1385194393133133,25.951404326024335,625.0,0.39269908169872414,0.8173432497271452,0.2319201632542386,0.016399232013096326,0.8113626622661805
2,"[3, 1]",2.1385194393133133,25.951404326024335,625.0,0.7853981633974483,0.7288110960423064,0.25625080051925203,0.01811966787316444,0.7304611565209269
2,"[3, 1]",2.1385194393133133,25.951404326024335,625.0,1.1780972450961724,0.6089782871250694,0.2877916177935717,0.02034994045104816,0.6143091960558142
2,"[3, 1]",2.1385194393133133,25.951404326024335,625.0,1.5707963267948966,0.4726346509346871,0.28046536014012746,0.019831895804301135,0.48058986393151304
2,"[3, 1]",2.1385194393133133,25.951404326024335,625.0,1.9634954084936207,0.35912523850212535,0.27240780190450065,0.01926214039747941,0.34966071629518314
2,"[3, 1]",2.1385194393133133,25.951404326024335,625.0,2.356194490192345,0.24878366501735927,0.26625817670854296,0.018827296229697678,0.24145452899877756
2,"[3, 1]",2.1385194393133133,25.951404326024335,625.0,2.748893571891069,0.17409561675765353,0.23654694649893893,0.016726394993837115,0.17244471316664312
2,"[3, 1]",2.1385194393133133,25.951404326024335,625.0,3.141592653589793,0.1337917571080037,0.20481081830966769,0.014482311848713193,0.1531373876836843
2,"[3, 1]",2.1385194393133133,25.951404326024335,625.0,3.5342917352885173,0.20449967468195068,0.22855331978202545,0.01616116022805677,0.1864719178333401
2,"[3, 1]",2.1385194393133133,25.951404326024335,625.0,3.9269908169872414,0.2731226478960195,0.2733604042504615,0.019329499555339726,0.2673734235785936
2,"[3, 1]",2.1385194393133133,25.951404326024335,625.0,4.319689898685965,0.3731407126862443,0.2580588075425809,0.018247513275827316,0.3835253840437059
2,"[3, 1]",2.1385194393133133,25.951404326024335,625.0,4.71238898038469,0.5191837719455273,0.28643725923671853,0.02025417283907727,0.5172447161680075
2,"[3, 1]",2.1385194393133133,25.951404326024335,625.0,5.105088062083414,0.655724921398424,0.27698089779479795,0.019585507108983966,0.6481738638043373
2,"[3, 1]",2.1385194393133133,25.951404326024335,625.0,5.497787143782138,0.758804218648485,0.23890939154410856,0.01689344508499912,0.7563800511007429
2,"[3, 1]",2.1385194393133133,25.951404326024335,625.0,5.890486225480862,0.8086583889200253,0.23042502621891436,0.016293509859448236,0.8253898669328772
2,"[3, 1]",2.1385194393133133,25.951404326024335,750.0,0.0,0.7846461317161978,0.2719333294852265,0.01922859013096394,0.7952460815365612
2,"[3, 1]",2.1385194393133133,25.951404326024335,750.0,0.39269908169872414,0.7573822140535748,0.25679659974818864,0.018158261706759184,0.760437278161898
2,"[3, 1]",2.1385194393133133,25.951404326024335,750.0,0.7853981633974483,0.6944688076101869,0.27598159338361966,0.019514845616422586,0.6862867464174508
2,"[3, 1]",2.1385194393133133,25.951404326024335,750.0,1.1780972450961724,0.6038206714874252,0.304888736080467,0.02155888927898938,0.5840832325850674
2,"[3, 1]",2.1385194393133133,25.951404326024335,750.0,1.5707963267948966,0.4738154632209735,0.2920208432635376,0.020648991851946137,0.4693862951685683
2,"[3, 1]",2.1385194393133133,25.951404326024335,750.0,1.9634954084936207,0.3345110791073252,0.301141110915409,0.021293892162233596,0.35965750315928846
2,"[3, 1]",2.1385194393133133,25.951404326024335,750.0,2.356194490192345,0.26568577637716095,0.28108027233473004,0.019875376662564913,0.2716020704466645
2,"[3, 1]",2.1385194393133133,25.951404326024335,750.0,2.748893571891069,0.2355719700102741,0.25908813218374366,0.018320297519208172,0.21862563843670785
2,"[3, 1]",2.1385194393133133,25.951404326024335,750.0,3.141592653589793,0.21677281326214928,0.25056106777772674,0.017717343012697274,0.20879338867038266
2,"[3, 1]",2.1385194393133133,25.951404326024335,750.0,3.5342917352885173,0.24166460937614587,0.27488099974913754,0.019437021894195283,0.24360219204504568
2,"[3, 1]",2.1385194393133133,25.951404326024335,750.0,3.9269908169872414,0.2970648369116609,0.2823253381908693,0.019963416113554903,0.31775272378949276
2,"[3, 1]",2.1385194393133133,25.951404326024335,750.0,4.319689898685965,0.39669933309002464,0.2952310104748997,0.02087598495233582,0.4199562376218762
2,"[3, 1]",2.1385194393133133,25.951404326024335,750.0,4.71238898038469,0.5401333207967085,0.3072860241925698,0.02172840314704196,0.5346531750383755
2,"[3, 1]",2.1385194393133133,25.951404326024335,750.0,5.105088062083414,0.6842187956231075,0.27155981952118446,0.019202178988122452,0.6443819670476554
2,"[3, 1]",2.1385194393133133,25.951404326024335,750.0,5.497787143782138,0.7491559903339154,0.2700545702495113,0.01909574179138483,0.7324373997602792
2,"[3, 1]",2.1385194393133133,25.951404326024335,750.0,5.890486225480862,0.7461873502656917,0.28443374885309597,0.020112503261233552,0.7854138317702359
2,"[3, 1]",2.1385194393133133,25.951404326024335,875.0,0.0,0.8014720185509685,0.23052866977573666,0.01630083856563377,0.772152646058136
2,"[3, 1]",2.1385194393133133,25.951404326024335,875.0,0.39269908169872414,0.7342661631372926,0.2674196837157616,0.018909427177817677,0.7316888250417488
2,"[3, 1]",2.1385194393133133,25.951404326024335,875.0,0.7853981633974483,0.5876423398281599,0.3108140052573341,0.021977869080521215,0.656206488271776
2,"[3, 1]",2.1385194393133133,25.951404326024335,875.0,1.1780972450961724,0.5653202355126882,0.3147800781919353,0.022258312787194912,0.557197137272359
2,"[3, 1]",2.1385194393133133,25.951404326024335,875.0,1.5707963267948966,0.45903308959571604,0.32051956707239554,0.022664155937986732,0.44973404821115753
2,"[3, 1]",2.1385194393133133,25.951404326024335,875.0,1.9634954084936207,0.3532856765793552,0.3122577023311744,0.02207995387961038,0.35017750224241107
2,"[3, 1]",2.1385194393133133,25.951404326024335,875.0,2.356194490192345,0.2699345477229821,0.28694449183249143,0.02029003959988826,0.27368408100752506
2,"[3, 1]",2.1385194393133133,25.951404326024335,875.0,2.748893571891069,0.24517562709162458,0.2795470204725242,0.019766959383661648,0.23189921447492035
2,"[3, 1]",2.1385194393133133,25.951404326024335,875.0,3.141592653589793,0.2282370048948464,0.2545014984348622,0.017995973536542857,0.23118426979342788
2,"[3, 1]",2.1385194393133133,25.951404326024335,875.0,3.5342917352885173,0.2851976083994061,0.3123640291225982,0.02208747231913414,0.2716480908098151
2,"[3, 1]",2.1385194393133133,25.951404326024335,875.0,3.9269908169872414,0.3379520242339183,0.3040709475065977,0.021501062894373393,0.3471304275797879
2,"[3, 1]",2.1385194393133133,25.951404326024335,875.0,4.319689898685965,0.44860316556504976,0.3379934709472276,0.023899747530356296,0.4461397785792047
2,"[3, 1]",2.1385194393133133,25.951404326024335,875.0,4.71238898038469,0.5351272404642821,0.3308608102475997,0.02339539225549533,0.5536028676404063
2,"[3, 1]",2.1385194393133133,25.951404326024335,875.0,5.105088062083414,0.6293097193643752,0.3120870396961803,0.02206788620896043,0.6531594136091529
2,"[3, 1]",2.1385194393133133,25.951404326024335,875.0,5.497787143782138,0.7428409687111754,0.2683836718043497,0.018977591429260046,0.7296528348440389
2,"[3, 1]",2.1385194393133133,25.951404326024335,875.0,5.890486225480862,0.772012793243359,0.2655159333838364,0.018774811700878632,0.7714377013766436
2,"[3, 1]",2.1385194393133133,25.951404326024335,1000.0,0.0,0.7077743443379998,0.29400085183348434,0.02078899960060782,0.7087670437584406
2,"[3, 1]",2.1385194393133133,25.951404326024335,1000.0,0.39269908169872414,0.641798062546799,0.3029764464306687,0.021423669981092856,0.6640068916855887
2,"[3, 1]",2.1385194393133133,25.951404326024335,1000.0,0.7853981633974483,0.6048186694733763,0.34632601124418017,0.024488947105204828,0.5937330829753417
2,"[3, 1]",2.1385194393133133,25.951404326024335,1000.0,1.1780972450961724,0.4976084019770528,0.33326827570068945,0.02356562577023054,0.5086441679701722
2,"[3, 1]",2.1385194393133133,25.951404326024335,1000.0,1.5707963267948966,0.4163663710029452,0.34414907038600584,0.024335014140899117,0.4216941626466821
2,"[3, 1]",2.1385194393133133,25.951404326024335,1000.0,1.9634954084936207,0.3553596693078264,0.30964539013246095,0.02189523551258172,0.3461204171116118
2,"[3, 1]",2.1385194393133133,25.951404326024335,1000.0,2.356194490192345,0.30817116126842303,0.30751189403230805,0.021744374556576403,0.2934283490449664
2,"[3, 1]",2.1385194393133133,25.951404326024335,1000.0,2.748893571891069,0.2882947366879866,0.2966108097889476,0.020973551497499802,0.2716398481551062
2,"[3, 1]",2.1385194393133133,25.951404326024335,1000.0,3.141592653589793,0.24486164933054966,0.27768148505610485,0.019635046109312267,0.28407201618926003
2,"[3, 1]",2.1385194393133133,25.951404326024335,1000.0,3.5342917352885173,0.3493251458401133,0.32378466588630456,0.022895033289242656,0.328832168262112
2,"[3, 1]",2.1385194393133133,25.951404326024335,1000.0,3.9269908169872414,0.40057212441818096,0.3325194624106769,0.023512676674709493,0.39910597697235894
2,"[3, 1]",2.1385194393133133,25.951404326024335,1000.0,4.319689898685965,0.47712611447913134,0.3373325611984991,0.023853014153848474,0.4841948919775283
2,"[3, 1]",2.1385194393133133,25.951404326024335,1000.0,4.71238898038469,0.5781681424366676,0.33112131364743635,0.023413812627549994,0.5711448973010185
2,"[3, 1]",2.1385194393133133,25.951404326024335,1000.0,5.105088062083414,0.6422826688917734,0.3156893419565787,0.022322607444581567,0.6467186428360889
2,"[3, 1]",2.1385194393133133,25.951404326024335,1000.0,5.497787143782138,0.6936955570569907,0.29780330243521363,0.021057873461168785,0.6994107109027342
2,"[3, 1]",2.1385194393133133,25.951404326024335,1000.0,5.890486225480862,0.7431820049789803,0.2850371963409391,0.02015517344230794,0.7211992117925944
2,"[3, 1]",2.1385194393133133,25.951404326024335,1125.0,0.0,0.7180076297259558,0.28730874739441753,0.020315796357680545,0.6881252913568598
2,"[3, 1]",2.1385194393133133,25.951404326024335,1125.0,0.39269908169872414,0.6273594125533519,0.32383910966815127,0.02289888304597638,0.6372085408277729
2,"[3, 1]",2.1385194393133133,25.951404326024335,1125.0,0.7853981633974483,0.554428578139549,0.3474237623149149,0.02456656982782196,0.5651006518347972
2,"[3, 1]",2.1385194393133133,25.951404326024335,1125.0,1.1780972450961724,0.48514172767074215,0.3178351699950186,0.022474340400305673,0.4827793968174717
2,"[3, 1]",2.1385194393133133,25.951404326024335,1125.0,1.5707963267948966,0.42637432793557634,0.33437440669016316,0.023643841042584286,0.4027774406081492
2,"[3, 1]",2.1385194393133133,25.951404326024335,1125.0,1.9634954084936207,0.28367258847771765,0.2832484005356456,0.02002868647789983,0.33727435582016013
2,"[3, 1]",2.1385194393133133,25.951404326024335,1125.0,2.356194490192345,0.31697656104968613,0.2956368291079306,0.02090468066307062,0.2962423933255336
2,"[3, 1]",2.1385194393133133,25.951404326024335,1125.0,2.748893571891069,0.3146283024522459,0.3138385028588296,0.022191733356891206,0.2859282974584102
2,"[3, 1]",2.1385194393133133,25.951404326024335,1125.0,3.141592653589793,0.28315032488454395,0.30822676437806706,0.02179492352349194,0.30790229581704764
2,"[3, 1]",2.1385194393133133,25.951404326024335,1125.0,3.5342917352885173,0.37609038059234723,0.32844901101231166,0.02322485229608206,0.35881904634613454
2,"[3, 1]",2.1385194393133133,25.951404326024335,1125.0,3.9269908169872414,0.45019720487776504,0.3407265381550411,0.024093004565964648,0.43092693533911036
2,"[3, 1]",2.1385194393133133,25.951404326024335,1125.0,4.319689898685965,0.5249918077205961,0.3301276551911435,0.023343550364287192,0.5132481903564357
2,"[3, 1]",2.1385194393133133,25.951404326024335,1125.0,4.71238898038469,0.5518712625032807,0.32805912281286853,0.023197283037108975,0.5932501465657583
2,"[3, 1]",2.1385194393133133,25.951404326024335,1125.0,5.105088062083414,0.6486938412553401,0.3437692299956626,0.024308155369321092,0.6587532313537473
2,"[3, 1]",2.1385194393133133,25.951404326024335,1125.0,5.497787143782138,0.6918190272685885,0.308486866846725,0.02181331554543108,0.6997851938483739
2,"[3, 1]",2.1385194393133133,25.951404326024335,1125.0,5.890486225480862,0.7189536671829297,0.28986513115912427,0.020496559987214478,0.7100992897154973
2,"[3, 1]",2.1385194393133133,25.951404326024335,1250.0,0.0,0.6284251986792125,0.3132440135352161,0.022149696613684197,0.6304863985000936
2,"[3, 1]",2.1385194393133133,25.951404326024335,1250.0,0.39269908169872414,0.5761458344243338,0.33192231975207964,0.023470452312386505,0.5706552349239099
2,"[3, 1]",2.1385194393133133,25.951404326024335,1250.0,0.7853981633974483,0.5079092410403669,0.3334236918784374,0.023576615353549706,0.4983772154887659
2,"[3, 1]",2.1385194393133133,25.951404326024335,1250.0,1.1780972450961724,0.4627436496384141,0.35374010872373934,0.025013202965622268,0.4246560134517844
2,"[3, 1]",2.1385194393133133,25.951404326024335,1250.0,1.5707963267948966,0.3342082517793712,0.32195665401309526,0.02276577333007907,0.36071501353873525
2,"[3, 1]",2.1385194393133133,25.951404326024335,1250.0,1.9634954084936207,0.2902538762516639,0.30122696880913985,0.021299963232121143,0.31628865335977263
2,"[3, 1]",2.1385194393133133,25.951404326024335,1250.0,2.356194490192345,0.3133136993013443,0.31140621068507734,0.02201974432790249,0.2981404435261857
2,"[3, 1]",2.1385194393133133,25.951404326024335,1250.0,2.748893571891069,0.30112320570937856,0.29976045346102875,0.02119626493738479,0.30903328447120626
2,"[3, 1]",2.1385194393133133,25.951404326024335,1250.0,3.141592653589793,0.34879163487906645,0.3144454441607247,0.022234650587926428,0.34730883990480393
2,"[3, 1]",2.1385194393133133,25.951404326024335,1250.0,3.5342917352885173,0.42860361938836816,0.3312061728381739,0.023419813078471644,0.4071400034809875
2,"[3, 1]",2.1385194393133133,25.951404326024335,1250.0,3.9269908169872414,0.49764153127235977,0.3327590220993837,0.02352961610274784,0.47941802291613167
2,"[3, 1]",2.1385194393133133,25.951404326024335,1250.0,4.319689898685965,0.54402881942416,0.33977264615123454,0.024025554215523524,0.5531392249531131
2,"[3, 1]",2.1385194393133133,25.951404326024335,1250.0,4.71238898038469,0.5787610097064367,0.33157832125458914,0.02344612794535715,0.6170802248661623
2,"[3, 1]",2.1385194393133133,25.951404326024335,1250.0,5.105088062083414,0.6781546219849075,0.3206823727760159,0.022675668039691312,0.6615065850451249
2,"[3, 1]",2.1385194393133133,25.951404326024335,1250.0,5.497787143782138,0.6845593724687851,0.29316841706001623,0.020730137573286338,0.6796547948787119
2,"[3, 1]",2.1385194393133133,25.951404326024335,1250.0,5.890486225480862,0.6574338158095147,0.31876326975985353,0.022539966964038916,0.6687619539336914
2,"[3, 1]",2.1385194393133133,25.951404326024335,1375.0,0.0,0.5686130353034022,0.3458425509348528,0.024454761298888836,0.5668298687313205
2,"[3, 1]",2.1385194393133133,25.951404326024335,1375.0,0.39269908169872414,0.4988557564490252,0.34161244691298415,0.024155647774990057,0.511213631657634
2,"[3, 1]",2.1385194393133133,25.951404326024335,1375.0,0.7853981633974483,0.49010985047069416,0.333011725038846,0.023547484898959803,0.4537794435220997
2,"[3, 1]",2.1385194393133133,25.951404326024335,1375.0,1.1780972450961724,0.36331891904779906,0.32589324621612453,0.02304413243423188,0.4032711388261408
2,"[3, 1]",2.1385194393133133,25.951404326024335,1375.0,1.5707963267948966,0.35495396085691566,0.3305918323421412,0.023376372645401423,0.3673781491007948
2,"[3, 1]",2.1385194393133133,25.951404326024335,1375.0,1.9634954084936207,0.38368720711989873,0.3499522767477067,0.024745362797997474,0.3515648566609834
2,"[3, 1]",2.1385194393133133,25.951404326024335,1375.0,2.356194490192345,0.3581295474411512,0.3311244054738868,0.02341403125269493,0.35823869193281516
2,"[3, 1]",2.1385194393133133,25.951404326024335,1375.0,2.748893571891069,0.3657330129164614,0.3237932587147152,0.022895640893966528,0.38638362399462095
2,"[3, 1]",2.1385194393133133,25.951404326024335,1375.0,3.141592653589793,0.4410693781515572,0.33841858201724295,0.02392980742239283,0.4317148420744353
2,"[3, 1]",2.1385194393133133,25.951404326024335,1375.0,3.5342917352885173,0.5110106387289703,0.34960374378136855,0.024720717795600998,0.4873310791481218
2,"[3, 1]",2.1385194393133133,25.951404326024335,1375.0,3.9269908169872414,0.5315444634412304,0.3391548833471898,0.02398187178873304,0.5447652672836562
2,"[3, 1]",2.1385194393133133,25.951404326024335,1375.0,4.319689898685965,0.6101296938909329,0.3391170698665347,0.02397919797187389,0.595273571979615
2,"[3, 1]",2.1385194393133133,25.951404326024335,1375.0,4.71238898038469,0.6055733454242803,0.3476635647511002,0.02458352642069913,0.631166561704961
2,"[3, 1]",2.1385194393133133,25.951404326024335,1375.0,5.105088062083414,0.641984008645682,0.33562959838986633,0.023732596498839204,0.6469798541447724
2,"[3, 1]",2.1385194393133133,25.951404326024335,1375.0,5.497787143782138,0.6327410493788191,0.32816279676844523,0.023204613892811046,0.6403060188729406
2,"[3, 1]",2.1385194393133133,25.951404326024335,1375.0,5.890486225480862,0.6356975457995944,0.3230148334631087,0.022840597916560748,0.6121610868111349
2,"[3, 1]",2.1385194393133133,25.951404326024335,1500.0,0.0,0.509369874856662,0.3467321684564938,0.02451766675711031,0.5079966581939922
2,"[3, 1]",2.1385194393133133,25.951404326024335,1500.0,0.39269908169872414,0.420476457154561,0.3354637976942252,0.023720872619217872,0.45869818687591546
2,"[3, 1]",2.1385194393133133,25.951404326024335,1500.0,0.7853981633974483,0.39892709681711425,0.33866228433571727,0.023947039778591236,0.4156951856014902
2,"[3, 1]",2.1385194393133133,25.951404326024335,1500.0,1.1780972450961724,0.3766721187550519,0.3258043673097671,0.023037847746492902,0.38553447149157044
2,"[3, 1]",2.1385194393133133,25.951404326024335,1500.0,1.5707963267948966,0.40784018933533095,0.33103704371708115,0.023407853843629565,0.37280773986183713
2,"[3, 1]",2.1385194393133133,25.951404326024335,1500.0,1.9634954084936207,0.38792878126885344,0.33237964202428016,0.023502789880372566,0.3794525202348077
2,"[3, 1]",2.1385194393133133,25.951404326024335,1500.0,2.356194490192345,0.39841732577426436,0.33219425140770636,0.023489680784157797,0.40445720503378146
2,"[3, 1]",2.1385194393133133,25.951404326024335,1500.0,2.748893571891069,0.46051197418012985,0.3379243757536276,0.0238948617623621,0.4440150576661467
2,"[3, 1]",2.1385194393133133,25.951404326024335,1500.0,3.141592653589793,0.4790104021093752,0.3430830985745521,0.024259638551255854,0.4921037536614531
2,"[3, 1]",2.1385194393133133,25.951404326024335,1500.0,3.5342917352885173,0.538205571675718,0.33396687989158935,0.023615024546305607,0.5414022249795298
2,"[3, 1]",2.1385194393133133,25.951404326024335,1500.0,3.9269908169872414,0.5503659713858129,0.3420228697747633,0.02418466905386186,0.5844052262539551
2,"[3, 1]",2.1385194393133133,25.951404326024335,1500.0,4.319689898685965,0.6323037467576065,0.32453816931916873,0.022948314027945216,0.6145659403638748
2,"[3, 1]",2.1385194393133133,25.951404326024335,1500.0,4.71238898038469,0.6338533733623819,0.3371298678055878,0.023838681566585546,0.6272926719936082
2,"[3, 1]",2.1385194393133133,25.951404326024335,1500.0,5.105088062083414,0.6053176584691959,0.34238031814547065,0.024209944470546984,0.6206478916206376
2,"[3, 1]",2.1385194393133133,25.951404326024335,1500.0,5.497787143782138,0.6181837405914545,0.33534491242756514,0.023712466161394025,0.5956432068216639
2,"[3, 1]",2.1385194393133133,25.951404326024335,1500.0,5.890486225480862,0.5820211083742912,0.3540902806872239,0.025037963862618404,0.5560853541892986
2,"[3, 1]",2.1385194393133133,25.951404326024335,1625.0,0.0,0.5075614304215286,0.3499559830275235,0.02474562487155662,0.47766978065034466
2,"[3, 1]",2.1385194393133133,25.951404326024335,1625.0,0.39269908169872414,0.4504418852153698,0.3431953076642048,0.02426757293207627,0.4354936190838011
2,"[3, 1]",2.1385194393133133,25.951404326024335,1625.0,0.7853981633974483,0.38859794229613753,0.32088186194836754,0.022689774054345628,0.40224438970474385
2,"[3, 1]",2.1385194393133133,25.951404326024335,1625.0,1.1780972450961724,0.3698246022006167,0.33278584319691584,0.023531512640742228,0.3829839862811196
2,"[3, 1]",2.1385194393133133,25.951404326024335,1625.0,1.5707963267948966,0.38816789105953836,0.3295419322894912,0.02330213350072173,0.3806446306381833
2,"[3, 1]",2.1385194393133133,25.951404326024335,1625.0,1.9634954084936207,0.4237855268240255,0.35336774595906234,0.02498687294202582,0.39558246846626033
2,"[3, 1]",2.1385194393133133,25.951404326024335,1625.0,2.356194490192345,0.41265122056569326,0.32806742990777854,0.023197870437423256,0.42552334936786296
2,"[3, 1]",2.1385194393133133,25.951404326024335,1625.0,2.748893571891069,0.4563546131162677,0.33726461720632045,0.023848209788087434,0.4659090456404836
2,"[3, 1]",2.1385194393133133,25.951404326024335,1625.0,3.141592653589793,0.4981072638805639,0.3629067729725717,0.02566138401074323,0.5105912011238639
2,"[3, 1]",2.1385194393133133,25.951404326024335,1625.0,3.5342917352885173,0.5565294113895741,0.33474031880288896,0.023669714936206957,0.5527673626904075
2,"[3, 1]",2.1385194393133133,25.951404326024335,1625.0,3.9269908169872414,0.5912738338806696,0.3537124086963134,0.025011244277899074,0.5860165920694648
2,"[3, 1]",2.1385194393133133,25.951404326024335,1625.0,4.319689898685965,0.6356138791248905,0.31002240622746374,0.021921894576321016,0.605276995493089
2,"[3, 1]",2.1385194393133133,25.951404326024335,1625.0,4.71238898038469,0.5647914740754105,0.35572469129596174,0.025153534145086576,0.6076163511360253
2,"[3, 1]",2.1385194393133133,25.951404326024335,1625.0,5.105088062083414,0.5955978568310042,0.34039363538170087,0.024069464785114177,0.5926785133079483
2,"[3, 1]",2.1385194393133133,25.951404326024335,1625.0,5.497787143782138,0.5857907533105166,0.3482386628528746,0.024624191997460347,0.5627376324063457
2,"[3, 1]",2.1385194393133133,25.951404326024335,1625.0,5.890486225480862,0.47533602074791614,0.34969413333602534,0.024727109302305622,0.5223519361337251
2,"[3, 1]",2.1385194393133133,25.951404326024335,1750.0,0.0,0.4646380216676173,0.35232891749770107,0.024913416677074005,0.4638063676783174
2,"[3, 1]",2.1385194393133133,25.951404326024335,1750.0,0.39269908169872414,0.40390824778392576,0.335775046924842,0.023742881263378698,0.4461906189314274
2,"[3, 1]",2.1385194393133133,25.951404326024335,1750.0,0.7853981633974483,0.42669951846780063,0.3570088696819592,0.02524433926958578,0.43702215161597674
2,"[3, 1]",2.1385194393133133,25.951404326024335,1750.0,1.1780972450961724,0.4561662407434119,0.3634376999470729,0.0256989262171417,0.43769678176837956
2,"[3, 1]",2.1385194393133133,25.951404326024335,1750.0,1.5707963267948966,0.46823666401635206,0.3512360694055305,0.024836140647395945,0.44811180306347
2,"[3, 1]",2.1385194393133133,25.951404326024335,1750.0,1.9634954084936207,0.4418472111203083,0.3366234991292505,0.023802875894103688,0.4666816229214738
2,"[3, 1]",2.1385194393133133,25.951404326024335,1750.0,2.356194490192345,0.4988043621746755,0.3591591148860607,0.02539638456608918,0.4905791546048461
2,"[3, 1]",2.1385194393133133,25.951404326024335,1750.0,2.748893571891069,0.49223782623608814,0.36546628201547166,0.025842368630817517,0.5161662155464575
2,"[3, 1]",2.1385194393133133,25.951404326024335,1750.0,3.141592653589793,0.5903887655001461,0.3484320781442998,0.02463786852387554,0.5395474076652328
2,"[3, 1]",2.1385194393133133,25.951404326024335,1750.0,3.5342917352885173,0.5456268029234491,0.36458605368120856,0.02578012708840252,0.5571631564121228
2,"[3, 1]",2.1385194393133133,25.951404326024335,1750.0,3.9269908169872414,0.5704432143416379,0.32934728491227944,0.023288369852685068,0.5663316237275734
2,"[3, 1]",2.1385194393133133,25.951404326024335,1750.0,4.319689898685965,0.5336508605460264,0.3461242829579218,0.024474682761287787,0.5656569935751706
2,"[3, 1]",2.1385194393133133,25.951404326024335,1750.0,4.71238898038469,0.5468468048771067,0.3612458321970975,0.02554393776219453,0.5552419722800802
2,"[3, 1]",2.1385194393133133,25.951404326024335,1750.0,5.105088062083414,0.5348450751826255,0.34229215630805665,0.024203710487239252,0.5366721524220763
2,"[3, 1]",2.1385194393133133,25.951404326024335,1750.0,5.497787143782138,0.5207978494817134,0.3420886654909085,0.02418932151356779,0.5127746207387042
2,"[3, 1]",2.1385194393133133,25.951404326024335,1750.0,5.890486225480862,0.5326307079020364,0.34155235128735284,0.0241513983725497,0.4871875597970928
2,"[3, 1]",2.1385194393133133,25.951404326024335,1875.0,0.0,0.4154209005404951,0.3334906105023124,0.023581347214822673,0.4133851246287463
2,"[3, 1]",2.1385194393133133,25.951404326024335,1875.0,0.39269908169872414,0.3944307735026016,0.3500258544801093,0.024750565529350097,0.4135748848961739
2,"[3, 1]",2.1385194393133133,25.951404326024335,1875.0,0.7853981633974483,0.3921631657436075,0.3358552269096821,0.023748550844478286,0.4253153657746958
2,"[3, 1]",2.1385194393133133,25.951404326024335,1875.0,1.1780972450961724,0.43726036966815657,0.3592912209979104,0.02540572587884169,0.44681918547828137
2,"[3, 1]",2.1385194393133133,25.951404326024335,1875.0,1.5707963267948966,0.47888285460496577,0.3628297937258442,0.025655940756006065,0.47481258238967056
2,"[3, 1]",2.1385194393133133,25.951404326024335,1875.0,1.9634954084936207,0.5244782162845354,0.3505098407240501,0.024784788524859252,0.5050338155898795
2,"[3, 1]",2.1385194393133133,25.951404326024335,1875.0,2.356194490192345,0.5492569091515408,0.3298068489410687,0.0233208659367997,0.5328819762803373
2,"[3, 1]",2.1385194393133133,25.951404326024335,1875.0,2.748893571891069,0.5114439511247925,0.33920501196711006,0.02398541641744075,0.5541174344401272
2,"[3, 1]",2.1385194393133133,25.951404326024335,1875.0,3.141592653589793,0.6045594153171947,0.35008152729857095,0.024754502192096295,0.5655072840643286
2,"[3, 1]",2.1385194393133133,25.951404326024335,1875.0,3.5342917352885173,0.595682933688114,0.33228140429580727,0.023495843423975413,0.565317523796901
2,"[3, 1]",2.1385194393133133,25.951404326024335,1875.0,3.9269908169872414,0.5238470679443781,0.3591009171034041,0.025392269361412527,0.5535770429183791
2,"[3, 1]",2.1385194393133133,25.951404326024335,1875.0,4.319689898685965,0.5183115968732867,0.3646587217891746,0.025785265499594395,0.5320732232147936
2,"[3, 1]",2.1385194393133133,25.951404326024335,1875.0,4.71238898038469,0.45436397740518797,0.341731234802364,0.024164047347200387,0.5040798263034043
2,"[3, 1]",2.1385194393133133,25.951404326024335,1875.0,5.105088062083414,0.48429812581614967,0.3460514025738979,0.024469529339911908,0.47385859310319545
2,"[3, 1]",2.1385194393133133,25.951404326024335,1875.0,5.497787143782138,0.4708416610929687,0.3429933740343838,0.024253294068176667,0.4460104324127377
2,"[3, 1]",2.1385194393133133,25.951404326024335,1875.0,5.890486225480862,0.4759115336538193,0.3553787990111691,0.02512907586707288,0.4247749742529478
2,"[3, 1]",2.1385194393133133,25.951404326024335,2000.0,0.0,0.4448567139652493,0.36402361099535563,0.025740356384682982,0.4423510241957201
2,"[3, 1]",2.1385194393133133,25.951404326024335,2000.0,0.39269908169872414,0.43823590307511945,0.3438738934551384,0.02431555619351487,0.4469058602439889
2,"[3, 1]",2.1385194393133133,25.951404326024335,2000.0,0.7853981633974483,0.43866053017276263,0.3495902751602042,0.024719765420265143,0.45929700809924434
2,"[3, 1]",2.1385194393133133,25.951404326024335,2000.0,1.1780972450961724,0.479327404693791,0.35641604123444387,0.02520241996805394,0.47763802782655884
2,"[3, 1]",2.1385194393133133,25.951404326024335,2000.0,1.5707963267948966,0.4930072906161499,0.3533983103831359,0.024989034173178368,0.4991366654342066
2,"[3, 1]",2.1385194393133133,25.951404326024335,2000.0,1.9634954084936207,0.5408312514111833,0.353683125451781,0.02500917363982067,0.5205199482320584
2,"[3, 1]",2.1385194393133133,25.951404326024335,2000.0,2.356194490192345,0.5749857925454518,0.3444931747973044,0.024359345997165657,0.5385324652540826
2,"[3, 1]",2.1385194393133133,25.951404326024335,2000.0,2.748893571891069,0.5316785633171587,0.3499188437459488,0.02474299872777163,0.5504319740675495
2,"[3, 1]",2.1385194393133133,25.951404326024335,2000.0,3.141592653589793,0.5406178154249338,0.34272752097641784,0.024234495418167978,0.5544068823249246
2,"[3, 1]",2.1385194393133133,25.951404326024335,2000.0,3.5342917352885173,0.5591502235178476,0.35025804252737086,0.024766983703623006,0.5498520462766558
2,"[3, 1]",2.1385194393133133,25.951404326024335,2000.0,3.9269908169872414,0.4922978794779571,0.3580081328727638,0.02531499784742658,0.5374608984214004
2,"[3, 1]",2.1385194393133133,25.951404326024335,2000.0,4.319689898685965,0.5307362952326083,0.35230764228357386,0.02491191229225595,0.5191198786940859
2,"[3, 1]",2.1385194393133133,25.951404326024335,2000.0,4.71238898038469,0.5147534325444986,0.3587924214770709,0.02537045542647787,0.4976212410864382
2,"[3, 1]",2.1385194393133133,25.951404326024335,2000.0,5.105088062083414,0.48021323284699136,0.3462694028787304,0.02448494428929669,0.47623795828858634
2,"[3, 1]",2.1385194393133133,25.951404326024335,2000.0,5.497787143782138,0.4852249672794007,0.36727460761614306,0.025970236560300317,0.4582254412665621
2,"[3, 1]",2.1385194393133133,25.951404326024335,2000.0,5.890486225480862,0.43204952423845133,0.3402021383854053,0.024055923902648435,0.44632593245309526
7,"[2, -2]",-2.876889912840852,56.401920689074295,0.0,0.0,0.9948809728110422,0.005577818184871408,0.0003944113062748212,0.9946939094735865
7,"[2, -2]",-2.876889912840852,56.401920689074295,0.0,0.39269908169872414,0.9564535560637856,0.013781861333492445,0.0009745247606285182,0.9569273817452504
7,"[2, -2]",-2.876889912840852,56.401920689074295,0.0,0.7853981633974483,0.8508084410424742,0.018767887313030213,0.0013270900387588637,0.849260883837325
7,"[2, -2]",-2.876889912840852,56.401920689074295,0.0,1.1780972450961724,0.6892284726048936,0.026485649205494805,0.001872818215733347,0.6880856640570585
7,"[2, -2]",-2.876889912840852,56.401920689074295,0.0,1.5707963267948966,0.4962823639995223,0.027628550403227557,0.0019536335344476526,0.49793918855898994
7,"[2, -2]",-2.876889912840852,56.401920689074295,0.0,1.9634954084936207,0.3062464481975754,0.024049840418069256,0.0017005805246071083,0.3077695345556085
7,"[2, -2]",-2.876889912840852,56.401920689074295,0.0,2.356194490192345,0.14561395103557084,0.019560589432618274,0.0013831425431810303,0.14652830797672195
7,"[2, -2]",-2.876889912840852,56.401920689074295,0.0,2.748893571891069,0.038280644859072115,0.009912269965265924,0.0007009033309391279,0.038763023913607586
7,"[2, -2]",-2.876889912840852,56.401920689074295,0.0,3.141592653589793,0.0009186340492902753,0.0023018391691575816,0.00016276460857121344,0.0008799699701415586
7,"[2, -2]",-2.876889912840852,56.401920689074295,0.0,3.5342917352885173,0.03924723163428356,0.012162460655012275,0.0008600158405073758,0.038646497698477555
7,"[2, -2]",-2.876889912840852,56.401920689074295,0.0,3.9269908169872414,0.14542007460520665,0.020128501346195746,0.0014232999797017562,0.14631299560640287
7,"[2, -2]",-2.876889912840852,56.401920689074295,0.0,4.319689898685965,0.30972712487137494,0.026162613870151546,0.0018499761681149381,0.3074882153866695
7,"[2, -2]",-2.876889912840852,56.401920689074295,0.0,4.71238898038469,0.49487971570369516,0.028518451064241782,0.0020165590136462077,0.497634690884738
7,"[2, -2]",-2.876889912840852,56.401920689074295,0.0,5.105088062083414,0.6836274537513902,0.028250740470105284,0.001997629015995268,0.6878043448881198
7,"[2, -2]",-2.876889912840852,56.401920689074295,0.0,5.497787143782138,0.8506554121824133,0.02117004250182078,0.0014969480611044896,0.849045571467006
7,"[2, -2]",-2.876889912840852,56.401920689074295,0.0,5.890486225480862,0.9560826016694022,0.012274075825751107,0.0008679082249186481,0.9568108555301204
7,"[2, -2]",-2.876889912840852,56.401920689074295,125.0,0.0,0.9793950059049645,0.03027314618006799,0.00214063469517777,0.9783484556030413
7,"[2, -2]",-2.876889912840852,56.401920689074295,125.0,0.39269908169872414,0.9434450925921979,0.05492185237770701,0.0038835614251603134,0.942040236290457
7,"[2, -2]",-2.876889912840852,56.401920689074295,125.0,0.7853981633974483,0.8202591216538831,0.11101529707110784,0.007849966937441942,0.8380810478706843
7,"[2, -2]",-2.876889912840852,56.401920689074295,125.0,1.1780972450961724,0.6809294135819074,0.10432641157951508,0.007376991308473387,0.6822977343882437
7,"[2, -2]",-2.876889912840852,56.401920689074295,125.0,1.5707963267948966,0.4968867266851183,0.13357222980539668,0.009444982947360387,0.49840689314158393
7,"[2, -2]",-2.876889912840852,56.401920689074295,125.0,1.9634954084936207,0.31382964266087593,0.11326553409523245,0.008009082723345497,0.3144042377358812
7,"[2, -2]",-2.876889912840852,56.401920689074295,125.0,2.356194490192345,0.17098078300745562,0.09514338802637697,0.006727653485851412,0.15830250446842992
7,"[2, -2]",-2.876889912840852,56.401920689074295,125.0,2.748893571891069,0.051309786297936914,0.049337440597410125,0.0034886838812817167,0.05386676716346278
7,"[2, -2]",-2.876889912840852,56.401920689074295,125.0,3.141592653589793,0.018229339035177202,0.03524667947894783,0.002492316607387274,0.0169964201133454
7,"[2, -2]",-2.876889912840852,56.401920689074295,125.0,3.5342917352885173,0.051898723286357924,0.05640394096188453,0.003988360913979422,0.05330463942592972
7,"[2, -2]",-2.876889912840852,56.401920689074295,125.0,3.9269908169872414,0.1514091051389154,0.08881001210905562,0.006279816179957262,0.1572638278457023
7,"[2, -2]",-2.876889912840852,56.401920689074295,125.0,4.319689898685965,0.31468945963175615,0.11853984525493043,0.00838203284205653,0.31304714132814254
7,"[2, -2]",-2.876889912840852,56.401920689074295,125.0,4.71238898038469,0.5022860016300128,0.12298014858556039,0.008696009701617895,0.49693798257480265
7,"[2, -2]",-2.876889912840852,56.401920689074295,125.0,5.105088062083414,0.677342200331059,0.10560663653725368,0.007467516883379509,0.6809406379805053
7,"[2, -2]",-2.876889912840852,56.401920689074295,125.0,5.497787143782138,0.8403610907060122,0.09761661451125787,0.006902537007738358,0.8370423712479567
7,"[2, -2]",-2.876889912840852,56.401920689074295,125.0,5.890486225480862,0.9396398559178653,0.05727679952556616,0.004050081334919026,0.9414781085529237
7,"[2, -2]",-2.876889912840852,56.401920689074295,250.0,0.0,0.9450257836227486,0.09007903455922373,0.006369549617956446,0.9463453188384615
7,"[2, -2]",-2.876889912840852,56.401920689074295,250.0,0.39269908169872414,0.9051287185835332,0.12705851434256377,0.008984393709911505,0.9153178265269026
7,"[2, -2]",-2.876889912840852,56.401920689074295,250.0,0.7853981633974483,0.8292032912931213,0.14628678255559266,0.010344037594302151,0.8200056853343203
7,"[2, -2]",-2.876889912840852,56.401920689074295,250.0,1.1780972450961724,0.6821041430839532,0.1764753466954329,0.012478691436058759,0.6749193047505737
7,"[2, -2]",-2.876889912840852,56.401920689074295,250.0,1.5707963267948966,0.5046385223403493,0.18236448618534865,0.01289511648292605,0.5021467710082228
7,"[2, -2]",-2.876889912840852,56.401920689074295,250.0,1.9634954084936207,0.3256766140249765,0.18617014278512067,0.013164217041782663,0.32799113618262266
7,"[2, -2]",-2.876889912840852,56.401920689074295,250.0,2.356194490192345,0.17126912758035054,0.144250366319843,0.010200041221340455,0.17896601695120928
7,"[2, -2]",-2.876889912840852,56.401920689074295,250.0,2.748893571891069,0.07028766058539057,0.09657972626500966,0.006829217936712884,0.07775913680089602
7,"[2, -2]",-2.876889912840852,56.401920689074295,250.0,3.141592653589793,0.053434273483407985,0.10112224407532669,0.007150422451446468,0.03977832579191454
7,"[2, -2]",-2.876889912840852,56.401920689074295,250.0,3.5342917352885173,0.07123295113017457,0.105516127098847,0.007461116899613634,0.0708058181034733
7,"[2, -2]",-2.876889912840852,56.401920689074295,250.0,3.9269908169872414,0.15639813123695617,0.13199490402805045,0.0093334491720302,0.16611795929605572
7,"[2, -2]",-2.876889912840852,56.401920689074295,250.0,4.319689898685965,0.3234536455324787,0.1799587229427573,0.012725003332649481,0.3112043398798023
7,"[2, -2]",-2.876889912840852,56.401920689074295,250.0,4.71238898038469,0.4696057226531339,0.20293992113786302,0.014350019441004612,0.48397687362215325
7,"[2, -2]",-2.876889912840852,56.401920689074295,250.0,5.105088062083414,0.6614941347649037,0.18617563263541062,0.013164605232819435,0.6581325084477537
7,"[2, -2]",-2.876889912840852,56.401920689074295,250.0,5.497787143782138,0.7981412176926387,0.15295336746515203,0.010815436333992685,0.8071576276791668
7,"[2, -2]",-2.876889912840852,56.401920689074295,250.0,5.890486225480862,0.917730508749336,0.11256208703512086,0.007959341504704431,0.90836450782948
7,"[2, -2]",-2.876889912840852,56.401920689074295,375.0,0.0,0.9086816052371627,0.1364219721052095,0.009646490157843567,0.9092384066777663
7,"[2, -2]",-2.876889912840852,56.401920689074295,375.0,0.39269908169872414,0.8854774872736235,0.14470710283002006,0.010232337369696622,0.8813855161221813
7,"[2, -2]",-2.876889912840852,56.401920689074295,375.0,0.7853981633974483,0.7912704460357012,0.18602420244412118,0.013153897501305722,0.795234861328493
7,"[2, -2]",-2.876889912840852,56.401920689074295,375.0,1.1780972450961724,0.6466131327809933,0.22713476763251492,0.016060853443618205,0.6639020985314104
7,"[2, -2]",-2.876889912840852,56.401920689074295,375.0,1.5707963267948966,0.4977258556281143,0.25480172824610386,0.01801720299008719,0.5073814503323297
7,"[2, -2]",-2.876889912840852,56.401920689074295,375.0,1.9634954084936207,0.38691029956167755,0.2409704845114506,0.01703918636638546,0.34950176655635196
7,"[2, -2]",-2.876889912840852,56.401920689074295,375.0,2.356194490192345,0.21482499376353162,0.21195761594281776,0.01498766675573003,0.21429879787547235
7,"[2, -2]",-2.876889912840852,56.401920689074295,375.0,2.748893571891069,0.11000373825750391,0.15106388939341367,0.010681830058249738,0.12235597065339177
7,"[2, -2]",-2.876889912840852,56.401920689074295,375.0,3.141592653589793,0.08914766953290561,0.13487935735069218,0.009537410822475804,0.08767074687086757
7,"[2, -2]",-2.876889912840852,56.401920689074295,375.0,3.5342917352885173,0.13463840123102586,0.18798887203966866,0.013292820620685986,0.11552363742645277
7,"[2, -2]",-2.876889912840852,56.401920689074295,375.0,3.9269908169872414,0.19315201331422302,0.1816046360769184,0.012841386966490414,0.20167429222014088
7,"[2, -2]",-2.876889912840852,56.401920689074295,375.0,4.319689898685965,0.32608290273932355,0.20888619623644838,0.014770484585505653,0.3330070550172234
7,"[2, -2]",-2.876889912840852,56.401920689074295,375.0,4.71238898038469,0.4854047216291874,0.23297090815871285,0.01647353089782142,0.4895277032163042
7,"[2, -2]",-2.876889912840852,56.401920689074295,375.0,5.105088062083414,0.6434441038501241,0.2214212176567032,0.015656844450363732,0.6474073869922821
7,"[2, -2]",-2.876889912840852,56.401920689074295,375.0,5.497787143782138,0.7956516717460164,0.2042529024874338,0.014442861242589908,0.7826103556731616
7,"[2, -2]",-2.876889912840852,56.401920689074295,375.0,5.890486225480862,0.8732732562762012,0.17349639209096318,0.012268047535892015,0.8745531828952422
7,"[2, -2]",-2.876889912840852,56.401920689074295,500.0,0.0,0.87312606567164,0.17945195112240775,0.01268916915358114,0.8763357004312693
7,"[2, -2]",-2.876889912840852,56.401920689074295,500.0,0.39269908169872414,0.8702905429896768,0.16679115521972487,0.011793915689780547,0.8546262365951409
7,"[2, -2]",-2.876889912840852,56.401920689074295,500.0,0.7853981633974483,0.79220652183537,0.23554101926403304,0.016655265196918897,0.779904787943541
7,"[2, -2]",-2.876889912840852,56.401920689074295,500.0,1.1780972450961724,0.6403150717137766,0.268956577111431,0.019018101952021544,0.663547017682057
7,"[2, -2]",-2.876889912840852,56.401920689074295,500.0,1.5707963267948966,0.5194385047358676,0.2889255278964086,0.02043012000334535,0.5232673415471856
7,"[2, -2]",-2.876889912840852,56.401920689074295,500.0,1.9634954084936207,0.3740993425045262,0.27561533362200596,0.019488947140311307,0.38042206859203026
7,"[2, -2]",-2.876889912840852,56.401920689074295,500.0,2.356194490192345,0.270057610732662,0.25873412492414166,0.01829526542582279,0.25675809672838956
7,"[2, -2]",-2.876889912840852,56.401920689074295,500.0,2.748893571891069,0.1502166399447389,0.1977486859913159,0.01398294368351887,0.1711021446558063
7,"[2, -2]",-2.876889912840852,56.401920689074295,500.0,3.141592653589793,0.14376600232764278,0.21987681903068163,0.01554763897623223,0.1364945546041923
7,"[2, -2]",-2.876889912840852,56.401920689074295,500.0,3.5342917352885173,0.17272245850118714,0.21164794749672142,0.014965769889914608,0.15820401844032056
7,"[2, -2]",-2.876889912840852,56.401920689074295,500.0,3.9269908169872414,0.2292611111916832,0.2258478289990321,0.01596985314014754,0.23292546709192052
7,"[2, -2]",-2.876889912840852,56.401920689074295,500.0,4.319689898685965,0.37358622366958655,0.25819202100829075,0.01825693289032219,0.34928323735340416
7,"[2, -2]",-2.876889912840852,56.401920689074295,500.0,4.71238898038469,0.47508135234174576,0.2576513412437149,0.018218701057524,0.48956291348827574
7,"[2, -2]",-2.876889912840852,56.401920689074295,500.0,5.105088062083414,0.6210446627149875,0.28047282842219023,0.019832423891590175,0.6324081864434312
7,"[2, -2]",-2.876889912840852,56.401920689074295,500.0,5.497787143782138,0.7452787315694058,0.2565854899139438,0.018143333987222215,0.756072158307072
7,"[2, -2]",-2.876889912840852,56.401920689074295,500.0,5.890486225480862,0.8356623404995271,0.20804257436746224,0.014710831511073915,0.841728110379655
7,"[2, -2]",-2.876889912840852,56.401920689074295,625.0,0.0,0.7825907897012416,0.26259521844803146,0.018568285967176582,0.8040364443608295
7,"[2, -2]",-2.876889912840852,56.401920689074295,625.0,0.39269908169872414,0.8066961971367671,0.2397663849543881,0.016954043670183203,0.7901476650982764
7,"[2, -2]",-2.876889912840852,56.401920689074295,625.0,0.7853981633974483,0.7208079478130657,0.2745561219993673,0.019414049568203365,0.7310332940857418
7,"[2, -2]",-2.876889912840852,56.401920689074295,625.0,1.1780972450961724,0.6197624490057039,0.281118013372805,0.019878045356960097,0.6356929584367766
7,"[2, -2]",-2.876889912840852,56.401920689074295,625.0,1.5707963267948966,0.5255491233683237,0.29479873356171404,0.020845418358669425,0.5186413599916411
7,"[2, -2]",-2.876889912840852,56.401920689074295,625.0,1.9634954084936207,0.4001396779609108,0.29785413441337305,0.021061467824814547,0.39769854353822476
7,"[2, -2]",-2.876889912840852,56.401920689074295,625.0,2.356194490192345,0.30169064437378995,0.27424966876804496,0.01939238005240491,0.29127695653219904
7,"[2, -2]",-2.876889912840852,56.401920689074295,625.0,2.748893571891069,0.2090948450114896,0.2427664919509382,0.017166183270337778,0.21557832088114282
7,"[2, -2]",-2.876889912840852,56.401920689074295,625.0,3.141592653589793,0.18592673559811956,0.2229449896921357,0.015764591404287407,0.1821270676530885
7,"[2, -2]",-2.876889912840852,56.401920689074295,625.0,3.5342917352885173,0.20406201616065714,0.2536963075915118,0.017939037945994617,0.19601584691564172
7,"[2, -2]",-2.876889912840852,56.401920689074295,625.0,3.9269908169872414,0.2422669841341511,0.25534981934753537,0.018055958883540214,0.25513021792817614
7,"[2, -2]",-2.876889912840852,56.401920689074295,625.0,4.319689898685965,0.34258100576162237,0.28376633342031327,0.020065309863394633,0.35047055357714135
7,"[2, -2]",-2.876889912840852,56.401920689074295,625.0,4.71238898038469,0.46319898203652193,0.30840644337117673,0.021807628746938403,0.4675221520222771
7,"[2, -2]",-2.876889912840852,56.401920689074295,625.0,5.105088062083414,0.6103483183533378,0.2950147927474457,0.020860696050206275,0.5884649684756935
7,"[2, -2]",-2.876889912840852,56.401920689074295,625.0,5.497787143782138,0.6806869275861007,0.27919893880611674,0.019742346292989304,0.694886555481719
7,"[2, -2]",-2.876889912840852,56.401920689074295,625.0,5.890486225480862,0.7887825452653735,0.24840941286410212,0.01756519803467754,0.7705851911327752
7,"[2, -2]",-2.876889912840852,56.401920689074295,750.0,0.0,0.7815894243918364,0.26626175469987134,0.01882754923189081,0.7792757473587795
7,"[2, -2]",-2.876889912840852,56.401920689074295,750.0,0.39269908169872414,0.7610517254921447,0.2642513455539112,0.018685391837884025,0.7707072631999423
7,"[2, -2]",-2.876889912840852,56.401920689074295,750.0,0.7853981633974483,0.7203232681351929,0.2834683535486578,0.020044239504604166,0.7211287119129858
7,"[2, -2]",-2.876889912840852,56.401920689074295,750.0,1.1780972450961724,0.6224601527871769,0.31639031902635545,0.022372174008531108,0.6380879785006622
7,"[2, -2]",-2.876889912840852,56.401920689074295,750.0,1.5707963267948966,0.56232101132416,0.3193143441010159,0.0225789338043963,0.534227261858875
7,"[2, -2]",-2.876889912840852,56.401920689074295,750.0,1.9634954084936207,0.42514642132905606,0.31398779253733916,0.022202289731294737,0.42535841459659557
7,"[2, -2]",-2.876889912840852,56.401920689074295,750.0,2.356194490192345,0.34736981271820083,0.3078530229154237,0.02176849601122737,0.3280557318109477
7,"[2, -2]",-2.876889912840852,56.401920689074295,750.0,2.748893571891069,0.23823750727252835,0.27085842903701435,0.01915258319136081,0.2571326649050306
7,"[2, -2]",-2.876889912840852,56.401920689074295,750.0,3.141592653589793,0.23201512150027162,0.2479288654891312,0.017531218203925208,0.22338660789606757
7,"[2, -2]",-2.876889912840852,56.401920689074295,750.0,3.5342917352885173,0.21817458637067244,0.24832445319755267,0.017559190479043092,0.23195509205490467
7,"[2, -2]",-2.876889912840852,56.401920689074295,750.0,3.9269908169872414,0.2788681240745289,0.28729480253531514,0.020314810307237145,0.28153364334186115
7,"[2, -2]",-2.876889912840852,56.401920689074295,750.0,4.319689898685965,0.3548052920410636,0.30480443694008835,0.021552928429608386,0.3645743767541848
7,"[2, -2]",-2.876889912840852,56.401920689074295,750.0,4.71238898038469,0.4976069568579319,0.3155694380864921,0.022314128960618695,0.46843509339597206
7,"[2, -2]",-2.876889912840852,56.401920689074295,750.0,5.105088062083414,0.5877924039721044,0.3091774344037777,0.02186214604567702,0.5773039406582516
7,"[2, -2]",-2.876889912840852,56.401920689074295,750.0,5.497787143782138,0.6683233989333293,0.2900841904416527,0.020512049817630246,0.6746066234438992
7,"[2, -2]",-2.876889912840852,56.401920689074295,750.0,5.890486225480862,0.7415626102730954,0.2678705945621688,0.018941311389538185,0.7455296903498163
7,"[2, -2]",-2.876889912840852,56.401920689074295,875.0,0.0,0.7292939909790445,0.29113205522469693,0.020586145047015964,0.724083157238707
7,"[2, -2]",-2.876889912840852,56.401920689074295,875.0,0.39269908169872414,0.7384324174992222,0.27384651738908633,0.019363872945014276,0.7346999105375248
7,"[2, -2]",-2.876889912840852,56.401920689074295,875.0,0.7853981633974483,0.6661990926089097,0.31456449992292673,0.02224306910160567,0.7102629796693274
7,"[2, -2]",-2.876889912840852,56.401920689074295,875.0,1.1780972450961724,0.6466571530068631,0.29804752448922905,0.021075142568219744,0.6544926658374677
7,"[2, -2]",-2.876889912840852,56.401920689074295,875.0,1.5707963267948966,0.5875831715375442,0.33247828390696604,0.023509764914788185,0.5758794937636927
7,"[2, -2]",-2.876889912840852,56.401920689074295,875.0,1.9634954084936207,0.4868198666338557,0.3377605429865704,0.02388327703630543,0.48639160626605515
7,"[2, -2]",-2.876889912840852,56.401920689074295,875.0,2.356194490192345,0.4387337076025888,0.3255571950332981,0.023020370027211648,0.3996527230063502
7,"[2, -2]",-2.876889912840852,56.401920689074295,875.0,2.748893571891069,0.34005895911538436,0.30175798831671835,0.021337511981596252,0.3288680526709331
7,"[2, -2]",-2.876889912840852,56.401920689074295,875.0,3.141592653589793,0.2815519876997768,0.3016617410516679,0.021330706272217465,0.2848139196537367
7,"[2, -2]",-2.876889912840852,56.401920689074295,875.0,3.5342917352885173,0.24345373276995366,0.27391028829696923,0.019368382229154917,0.27419716635491886
7,"[2, -2]",-2.876889912840852,56.401920689074295,875.0,3.9269908169872414,0.30048982991595247,0.3003151981597627,0.021235491311214997,0.2986340972231163
7,"[2, -2]",-2.876889912840852,56.401920689074295,875.0,4.319689898685965,0.35071094500686145,0.3106489823478454,0.021966200198686156,0.3544044110549759
7,"[2, -2]",-2.876889912840852,56.401920689074295,875.0,4.71238898038469,0.4226501670253793,0.34542728386819016,0.024425397483004777,0.43301758312875094
7,"[2, -2]",-2.876889912840852,56.401920689074295,875.0,5.105088062083414,0.5430919684481722,0.3389949723469697,0.023970564373468842,0.5225054706263885
7,"[2, -2]",-2.876889912840852,56.401920689074295,875.0,5.497787143782138,0.6294644612079459,0.31698284538730104,0.02241407194931675,0.6092443538860934
7,"[2, -2]",-2.876889912840852,56.401920689074295,875.0,5.890486225480862,0.6791686649850271,0.30614928897282,0.021648023828812094,0.6800290242215106
7,"[2, -2]",-2.876889912840852,56.401920689074295,1000.0,0.0,0.6728879648646933,0.2940984880610447,0.02079590352446756,0.6732985704721273
7,"[2, -2]",-2.876889912840852,56.401920689074295,1000.0,0.39269908169872414,0.6821086006795154,0.3138397614644131,0.0221918223537455,0.6952473188766689
7,"[2, -2]",-2.876889912840852,56.401920689074295,1000.0,0.7853981633974483,0.6996756508411768,0.30131403889701897,0.021306120017078926,0.6866327211602512
7,"[2, -2]",-2.876889912840852,56.401920689074295,1000.0,1.1780972450961724,0.6844651650742425,0.30348030689252853,0.021459298296028145,0.648766271733676
7,"[2, -2]",-2.876889912840852,56.401920689074295,1000.0,1.5707963267948966,0.5594593415795527,0.3388979134373112,0.023963701272149432,0.5874127942619207
7,"[2, -2]",-2.876889912840852,56.401920689074295,1000.0,1.9634954084936207,0.5080409239763655,0.35500325730373555,0.025102521058278416,0.5119127995194015
7,"[2, -2]",-2.876889912840852,56.401920689074295,1000.0,2.356194490192345,0.4460071336842128,0.36554644941769926,0.02584803732219204,0.4337604772965107
7,"[2, -2]",-2.876889912840852,56.401920689074295,1000.0,2.748893571891069,0.3347253884237087,0.32372668922475456,0.0228909337201894,0.3648538101991179
7,"[2, -2]",-2.876889912840852,56.401920689074295,1000.0,3.141592653589793,0.31494307398150434,0.30772159143161487,0.021759202401881107,0.3156832136523088
7,"[2, -2]",-2.876889912840852,56.401920689074295,1000.0,3.5342917352885173,0.3027349967346356,0.30184841455260686,0.021343906082055646,0.29373446524776714
7,"[2, -2]",-2.876889912840852,56.401920689074295,1000.0,3.9269908169872414,0.30892433576628786,0.2926133066830143,0.02069088534209783,0.30234906296418484
7,"[2, -2]",-2.876889912840852,56.401920689074295,1000.0,4.319689898685965,0.35413904812943175,0.31307781832990533,0.022137944838016604,0.34021551239075987
7,"[2, -2]",-2.876889912840852,56.401920689074295,1000.0,4.71238898038469,0.39518390954465943,0.338414005754029,0.023929483831717724,0.4015689898625153
7,"[2, -2]",-2.876889912840852,56.401920689074295,1000.0,5.105088062083414,0.46670734964521365,0.3414238835156761,0.024142314329298045,0.47706898460503455
7,"[2, -2]",-2.876889912840852,56.401920689074295,1000.0,5.497787143782138,0.5702796336230256,0.3494712155392422,0.024711346633730372,0.5552213068279254
7,"[2, -2]",-2.876889912840852,56.401920689074295,1000.0,5.890486225480862,0.60186186849378,0.3243489895244389,0.02293493699637352,0.624127973925318
7,"[2, -2]",-2.876889912840852,56.401920689074295,1125.0,0.0,0.5905865675985656,0.3408572620942763,0.02410224814435431,0.6130485800734917
7,"[2, -2]",-2.876889912840852,56.401920689074295,1125.0,0.39269908169872414,0.6807832380906045,0.3015678836355986,0.021324069550680745,0.6502543509526977
7,"[2, -2]",-2.876889912840852,56.401920689074295,1125.0,0.7853981633974483,0.663012822955136,0.30678503104461546,0.02169297758181731,0.6644719364743569
7,"[2, -2]",-2.876889912840852,56.401920689074295,1125.0,1.1780972450961724,0.6373358868456035,0.32867280975231383,0.023240677256749713,0.6535368381255303
7,"[2, -2]",-2.876889912840852,56.401920689074295,1125.0,1.5707963267948966,0.6261089386206882,0.33187766606652974,0.023467294820000772,0.6191138255029135
7,"[2, -2]",-2.876889912840852,56.401920689074295,1125.0,1.9634954084936207,0.5728236611685591,0.34783081137235855,0.02459535254270136,0.5664434902329134
7,"[2, -2]",-2.876889912840852,56.401920689074295,1125.0,2.356194490192345,0.48226335085399524,0.3552574948270299,0.025120498365953765,0.5035444134026092
7,"[2, -2]",-2.876889912840852,56.401920689074295,1125.0,2.748893571891069,0.4620947751344122,0.35150227742384726,0.02485496439689175,0.43999240927786365
7,"[2, -2]",-2.876889912840852,56.401920689074295,1125.0,3.141592653589793,0.3736691806958348,0.32396609195235776,0.022907862049401675,0.3854626943863171
7,"[2, -2]",-2.876889912840852,56.401920689074295,1125.0,3.5342917352885173,0.33004203926864045,0.3129861185656505,0.022131460685502823,0.3482569235071111
7,"[2, -2]",-2.876889912840852,56.401920689074295,1125.0,3.9269908169872414,0.37345429919913653,0.32988010561064784,0.023326045965582354,0.33403933798545193
7,"[2, -2]",-2.876889912840852,56.401920689074295,1125.0,4.319689898685965,0.3353872797991203,0.3197256836439155,0.022608019902411746,0.3449744363342785
7,"[2, -2]",-2.876889912840852,56.401920689074295,1125.0,4.71238898038469,0.3837372780297318,0.3435278989899588,0.024291090690256718,0.3793974489568953
7,"[2, -2]",-2.876889912840852,56.401920689074295,1125.0,5.105088062083414,0.420388904765272,0.318688655805228,0.02253469096071023,0.43206778422689546
7,"[2, -2]",-2.876889912840852,56.401920689074295,1125.0,5.497787143782138,0.4987300364738045,0.3538796905239485,0.02502307288936808,0.4949668610571995
7,"[2, -2]",-2.876889912840852,56.401920689074295,1125.0,5.890486225480862,0.5556819603119483,0.33462750613808334,0.023661737876178177,0.558518865181945
7,"[2, -2]",-2.876889912840852,56.401920689074295,1250.0,0.0,0.5216940870752121,0.35823006591206547,0.025330690883132535,0.5475457979014974
7,"[2, -2]",-2.876889912840852,56.401920689074295,1250.0,0.39269908169872414,0.6165792625144495,0.3192880259838313,0.02257707283248337,0.592546543722529
7,"[2, -2]",-2.876889912840852,56.401920689074295,1250.0,0.7853981633974483,0.6180511809005566,0.3330012684454636,0.02354674550615092,0.6229709785155357
7,"[2, -2]",-2.876889912840852,56.401920689074295,1250.0,1.1780972450961724,0.6493022761136544,0.3199051868937337,0.022620712698930893,0.6341872578814702
7,"[2, -2]",-2.876889912840852,56.401920689074295,1250.0,1.5707963267948966,0.6387021030672647,0.32325957230506613,0.02285790356603753,0.6244878049626948
7,"[2, -2]",-2.876889912840852,56.401920689074295,1250.0,1.9634954084936207,0.5854495773659211,0.3395163737961398,0.024007433023511708,0.5953492735403333
7,"[2, -2]",-2.876889912840852,56.401920689074295,1250.0,2.356194490192345,0.5309584513922312,0.3494176377309633,0.02470755811057486,0.5512077408819951
7,"[2, -2]",-2.876889912840852,56.401920689074295,1250.0,2.748893571891069,0.5013241905974545,0.3582331227309482,0.02533090703286862,0.49878335519092226
7,"[2, -2]",-2.876889912840852,56.401920689074295,1250.0,3.141592653589793,0.4469950725769434,0.34876315976656214,0.024661279529898335,0.4460572539603409
7,"[2, -2]",-2.876889912840852,56.401920689074295,1250.0,3.5342917352885173,0.3761121846326842,0.3166947785971004,0.022393702551238195,0.40105650813930915
7,"[2, -2]",-2.876889912840852,56.401920689074295,1250.0,3.9269908169872414,0.37525280551467766,0.3323698529901764,0.023502097691132963,0.37063207334630244
7,"[2, -2]",-2.876889912840852,56.401920689074295,1250.0,4.319689898685965,0.4135755165979526,0.3282124837236186,0.023208127291105007,0.3594157939803679
7,"[2, -2]",-2.876889912840852,56.401920689074295,1250.0,4.71238898038469,0.36347869367408253,0.3401015564852554,0.024048811688282372,0.3691152468991433
7,"[2, -2]",-2.876889912840852,56.401920689074295,1250.0,5.105088062083414,0.37492605443013444,0.33423348467074565,0.023633876351029422,0.3982537783215049
7,"[2, -2]",-2.876889912840852,56.401920689074295,1250.0,5.497787143782138,0.44938207258434,0.3488833175673525,0.02466977596947347,0.442395310979843
7,"[2, -2]",-2.876889912840852,56.401920689074295,1250.0,5.890486225480862,0.47709982329503203,0.3493865076538556,0.024705356881712687,0.49481969667091585
7,"[2, -2]",-2.876889912840852,56.401920689074295,1375.0,0.0,0.5233793488846082,0.353678354070133,0.02500883625218878,0.5171794396013032
7,"[2, -2]",-2.876889912840852,56.401920689074295,1375.0,0.39269908169872414,0.5350305078020231,0.36044804233361494,0.025487525499951487,0.5619982791771503
7,"[2, -2]",-2.876889912840852,56.401920689074295,1375.0,0.7853981633974483,0.6192310895991376,0.3342960910027091,0.023638303287217076,0.597242896870431
7,"[2, -2]",-2.876889912840852,56.401920689074295,1375.0,1.1780972450961724,0.6073747405382548,0.3497751912858795,0.02473284096490672,0.6175476191305982
7,"[2, -2]",-2.876889912840852,56.401920689074295,1375.0,1.5707963267948966,0.6250457508391754,0.3294975272768361,0.023298993592165022,0.6198212360563071
7,"[2, -2]",-2.876889912840852,56.401920689074295,1375.0,1.9634954084936207,0.6238396212135183,0.3334931084777254,0.02358152384835805,0.6037176100810072
7,"[2, -2]",-2.876889912840852,56.401920689074295,1375.0,2.356194490192345,0.5590372130794955,0.34546176198088546,0.024427835453733712,0.571688372279705
7,"[2, -2]",-2.876889912840852,56.401920689074295,1375.0,2.748893571891069,0.5344009877718068,0.3447254950541194,0.024375773520065747,0.5286096837618852
7,"[2, -2]",-2.876889912840852,56.401920689074295,1375.0,3.141592653589793,0.4549098967826973,0.36166830716682385,0.025573811253792038,0.4810398843451018
7,"[2, -2]",-2.876889912840852,56.401920689074295,1375.0,3.5342917352885173,0.4404375123893072,0.35596909897425794,0.025170816377756308,0.43622104476925466
7,"[2, -2]",-2.876889912840852,56.401920689074295,1375.0,3.9269908169872414,0.4125726976305433,0.3572944452576521,0.025264532512197145,0.40097642707597403
7,"[2, -2]",-2.876889912840852,56.401920689074295,1375.0,4.319689898685965,0.3639817229696503,0.3241658502642145,0.022921987095092907,0.3806717048158068
7,"[2, -2]",-2.876889912840852,56.401920689074295,1375.0,4.71238898038469,0.37864197592500604,0.3325070949563742,0.023511802163629147,0.3783980878900979
7,"[2, -2]",-2.876889912840852,56.401920689074295,1375.0,5.105088062083414,0.4443297667058407,0.34498749398825407,0.024394299642364774,0.39450171386539773
7,"[2, -2]",-2.876889912840852,56.401920689074295,1375.0,5.497787143782138,0.40565861327489094,0.34371236640877406,0.024304134506531943,0.42653095166669985
7,"[2, -2]",-2.876889912840852,56.401920689074295,1375.0,5.890486225480862,0.45310647904168627,0.34695802288707195,0.024533637077052594,0.46960964018451967
7,"[2, -2]",-2.876889912840852,56.401920689074295,1500.0,0.0,0.414644721502814,0.33867855913967587,0.023948190581015397,0.4487940682182999
7,"[2, -2]",-2.876889912840852,56.401920689074295,1500.0,0.39269908169872414,0.48850974750668785,0.36121186337777766,0.025541535803945532,0.47955221107656687
7,"[2, -2]",-2.876889912840852,56.401920689074295,1500.0,0.7853981633974483,0.5575826526281777,0.32942037978408184,0.023293538440637213,0.5131805102226066
7,"[2, -2]",-2.876889912840852,56.401920689074295,1500.0,1.1780972450961724,0.5539541537280233,0.36348263386888763,0.025702103525223747,0.5445593619527254
7,"[2, -2]",-2.876889912840852,56.401920689074295,1500.0,1.5707963267948966,0.5755382962045801,0.34733518575670064,0.024560306519325215,0.5689116205410121
7,"[2, -2]",-2.876889912840852,56.401920689074295,1500.0,1.9634954084936207,0.5725018519429712,0.34424054250591696,0.024341482196526983,0.5825298753711737
7,"[2, -2]",-2.876889912840852,56.401920689074295,1500.0,2.356194490192345,0.5512570766360024,0.34922136291494216,0.02469367938523639,0.5833408705951056
7,"[2, -2]",-2.876889912840852,56.401920689074295,1500.0,2.748893571891069,0.5715210407974533,0.3607498447589434,0.025508866154104318,0.5712211395416543
7,"[2, -2]",-2.876889912840852,56.401920689074295,1500.0,3.141592653589793,0.5349604692123513,0.34873920774832495,0.024659585866446475,0.548015801398072
7,"[2, -2]",-2.876889912840852,56.401920689074295,1500.0,3.5342917352885173,0.5154773047085728,0.3530084659037403,0.024961468005679492,0.5172576585398051
7,"[2, -2]",-2.876889912840852,56.401920689074295,1500.0,3.9269908169872414,0.5346253977752847,0.3607228981286798,0.025506960739605365,0.48362935939376545
7,"[2, -2]",-2.876889912840852,56.401920689074295,1500.0,4.319689898685965,0.43329381317477755,0.3568290435664636,0.025231623643015642,0.4522505076636466
7,"[2, -2]",-2.876889912840852,56.401920689074295,1500.0,4.71238898038469,0.4397119005152501,0.3395772288162689,0.024011736123251963,0.4278982490753599
7,"[2, -2]",-2.876889912840852,56.401920689074295,1500.0,5.105088062083414,0.43109162217381025,0.35677563724413597,0.02522784724574803,0.41427999424519824
7,"[2, -2]",-2.876889912840852,56.401920689074295,1500.0,5.497787143782138,0.3912669277082994,0.33418382000227,0.02363036452864297,0.4134689990212663
7,"[2, -2]",-2.876889912840852,56.401920689074295,1500.0,5.890486225480862,0.4123319959822856,0.3353759612363821,0.023714661643720245,0.42558873007471765
7,"[2, -2]",-2.876889912840852,56.401920689074295,1625.0,0.0,0.4502448628241343,0.3658042421828695,0.025866266023431315,0.4394636132212561
7,"[2, -2]",-2.876889912840852,56.401920689074295,1625.0,0.39269908169872414,0.4693212621256937,0.34926750840396137,0.024696942364057055,0.4535835425142053
7,"[2, -2]",-2.876889912840852,56.401920689074295,1625.0,0.7853981633974483,0.4597282054631729,0.3393690262265597,0.023997013976947562,0.474555374486384
7,"[2, -2]",-2.876889912840852,56.401920689074295,1625.0,1.1780972450961724,0.4745668545824053,0.3535597034964587,0.025000446389665105,0.4991863378301582
7,"[2, -2]",-2.876889912840852,56.401920689074295,1625.0,1.5707963267948966,0.5720019555951714,0.35300060093359253,0.02496091186830696,0.5237265916566769
7,"[2, -2]",-2.876889912840852,56.401920689074295,1625.0,1.9634954084936207,0.534426548551418,0.35227883375975716,0.024909875222001276,0.5444401047788077
7,"[2, -2]",-2.876889912840852,56.401920689074295,1625.0,2.356194490192345,0.5333524553677573,0.3510783445978753,0.024824987819290514,0.5581734325921701
7,"[2, -2]",-2.876889912840852,56.401920689074295,1625.0,2.748893571891069,0.5590663879391353,0.3444304529849785,0.02435491089528326,0.5628358004301063
7,"[2, -2]",-2.876889912840852,56.401920689074295,1625.0,3.141592653589793,0.5651838397133437,0.34037651442571343,0.024068254150706268,0.5577174050537603
7,"[2, -2]",-2.876889912840852,56.401920689074295,1625.0,3.5342917352885173,0.5548048802708875,0.34169161374770074,0.02416124571555737,0.5435974757608111
7,"[2, -2]",-2.876889912840852,56.401920689074295,1625.0,3.9269908169872414,0.5216115966544331,0.35854188395407677,0.025352739748332787,0.5226256437886324
7,"[2, -2]",-2.876889912840852,56.401920689074295,1625.0,4.319689898685965,0.4966286695105413,0.3490366509462863,0.0246806182766761,0.49799468044485823
7,"[2, -2]",-2.876889912840852,56.401920689074295,1625.0,4.71238898038469,0.49117736163194836,0.3560407004496446,0.025175879366635193,0.4734544266183394
7,"[2, -2]",-2.876889912840852,56.401920689074295,1625.0,5.105088062083414,0.42789660842995614,0.34362694862930265,0.024298094557422132,0.45274091349620865
7,"[2, -2]",-2.876889912840852,56.401920689074295,1625.0,5.497787143782138,0.43119979539012476,0.34953084882234287,0.02471556334361686,0.43900758568284626
7,"[2, -2]",-2.876889912840852,56.401920689074295,1625.0,5.890486225480862,0.43857105345671543,0.3440467649878685,0.024327780056821628,0.43434521784491004
7,"[2, -2]",-2.876889912840852,56.401920689074295,1750.0,0.0,0.44857082346771276,0.3554088894940391,0.025131203585521535,0.4331701818256992
7,"[2, -2]",-2.876889912840852,56.401920689074295,1750.0,0.39269908169872414,0.4132302396582242,0.335192419404627,0.023701683276333707,0.4393148100426655
7,"[2, -2]",-2.876889912840852,56.401920689074295,1750.0,0.7853981633974483,0.48313718199860334,0.3526873525412967,0.02493876186206814,0.4552439209267788
7,"[2, -2]",-2.876889912840852,56.401920689074295,1750.0,1.1780972450961724,0.46920421626285763,0.3688320433457698,0.026080363896868446,0.4785324517436827
7,"[2, -2]",-2.876889912840852,56.401920689074295,1750.0,1.5707963267948966,0.4987037625470493,0.34452910690019145,0.02436188678052703,0.5056349347875612
7,"[2, -2]",-2.876889912840852,56.401920689074295,1750.0,1.9634954084936207,0.5331683553677028,0.36160217366459546,0.025569134909003106,0.5324252626996041
7,"[2, -2]",-2.876889912840852,56.401920689074295,1750.0,2.356194490192345,0.5730908318086163,0.3479119761379533,0.02460109175831591,0.5548248509101306
7,"[2, -2]",-2.876889912840852,56.401920689074295,1750.0,2.748893571891069,0.5564086134760257,0.353962729150512,0.02502894460696243,0.5694235651668603
7,"[2, -2]",-2.876889912840852,56.401920689074295,1750.0,3.141592653589793,0.5606970615568251,0.34574132486226444,0.024447603534652827,0.5739988835618808
7,"[2, -2]",-2.876889912840852,56.401920689074295,1750.0,3.5342917352885173,0.5728953182672977,0.33974016743944724,0.024023257623788624,0.5678542553449145
7,"[2, -2]",-2.876889912840852,56.401920689074295,1750.0,3.9269908169872414,0.5737828477704366,0.33548580988656856,0.02372242911626535,0.5519251444608012
7,"[2, -2]",-2.876889912840852,56.401920689074295,1750.0,4.319689898685965,0.5027935064085315,0.3656824002128617,0.02585765049510875,0.5286366136438974
7,"[2, -2]",-2.876889912840852,56.401920689074295,1750.0,4.71238898038469,0.4989827434632714,0.36385521147487976,0.025728448740395277,0.501534130600019
7,"[2, -2]",-2.876889912840852,56.401920689074295,1750.0,5.105088062083414,0.5070456314077891,0.35455556137989835,0.02507086417591293,0.47474380268797584
7,"[2, -2]",-2.876889912840852,56.401920689074295,1750.0,5.497787143782138,0.4174367765864083,0.3493800147901018,0.024704897766913723,0.4523442144774495
7,"[2, -2]",-2.876889912840852,56.401920689074295,1750.0,5.890486225480862,0.4465929196288513,0.3430098732235294,0.024254460737029557,0.4377455002207197
7,"[2, -2]",-2.876889912840852,56.401920689074295,1875.0,0.0,0.48888309664213,0.34773966247953264,0.024588907342679878,0.48020225120342125
7,"[2, -2]",-2.876889912840852,56.401920689074295,1875.0,0.39269908169872414,0.47784883068949013,0.3446542837182628,0.02437073811821759,0.4768417208903098
7,"[2, -2]",-2.876889912840852,56.401920689074295,1875.0,0.7853981633974483,0.5223586105929363,0.3679617822395078,0.02601882714390437,0.4771714705262822
7,"[2, -2]",-2.876889912840852,56.401920689074295,1875.0,1.1780972450961724,0.43417679015497224,0.3451717721574893,0.02440733007667386,0.4811412987184497
7,"[2, -2]",-2.876889912840852,56.401920689074295,1875.0,1.5707963267948966,0.47468264820919465,0.350389334968048,0.024776267481135143,0.4881468351111368
7,"[2, -2]",-2.876889912840852,56.401920689074295,1875.0,1.9634954084936207,0.507899818196785,0.3567464654492523,0.02522578448834987,0.4971215502939026
7,"[2, -2]",-2.876889912840852,56.401920689074295,1875.0,2.356194490192345,0.5246220533966415,0.3558534237571667,0.025162636904714264,0.5066991252361666
7,"[2, -2]",-2.876889912840852,56.401920689074295,1875.0,2.748893571891069,0.5315111804354627,0.3606369148485476,0.02550088080356035,0.5154214609739022
7,"[2, -2]",-2.876889912840852,56.401920689074295,1875.0,3.141592653589793,0.5153524333952032,0.34788409484940847,0.02459912025349608,0.5219606609592095
7,"[2, -2]",-2.876889912840852,56.401920689074295,1875.0,3.5342917352885173,0.5058725235889535,0.3497796862023415,0.024733158803497836,0.525321191272321
7,"[2, -2]",-2.876889912840852,56.401920689074295,1875.0,3.9269908169872414,0.5317489258145002,0.33726780588159744,0.02384843526147857,0.5249914416363486
7,"[2, -2]",-2.876889912840852,56.401920689074295,1875.0,4.319689898685965,0.5118270872251991,0.33900907031186756,0.023971561250126863,0.5210216134441811
7,"[2, -2]",-2.876889912840852,56.401920689074295,1875.0,4.71238898038469,0.5133085093197676,0.34349645400567225,0.024288867194094385,0.5140160770514939
7,"[2, -2]",-2.876889912840852,56.401920689074295,1875.0,5.105088062083414,0.5230473635253494,0.3629292744331048,0.02566297510427619,0.5050413618687282
7,"[2, -2]",-2.876889912840852,56.401920689074295,1875.0,5.497787143782138,0.5050867137986643,0.3649788895276287,0.025807904777492202,0.4954637869264642
7,"[2, -2]",-2.876889912840852,56.401920689074295,1875.0,5.890486225480862,0.45662549829138727,0.3627457236337399,0.025649996102783876,0.4867414511887286
7,"[2, -2]",-2.876889912840852,56.401920689074295,2000.0,0.0,0.5189225140946994,0.33959736127837353,0.024013159703299577,0.4762213116250248
7,"[2, -2]",-2.876889912840852,56.401920689074295,2000.0,0.39269908169872414,0.4399068874368528,0.3558198204351136,0.02516026079102485,0.4662655950815531
7,"[2, -2]",-2.876889912840852,56.401920689074295,2000.0,0.7853981633974483,0.4635494738733756,0.35060716851759405,0.024791670639140537,0.45960368172451793
7,"[2, -2]",-2.876889912840852,56.401920689074295,2000.0,1.1780972450961724,0.4561948172196525,0.35920629010406474,0.02539972035774464,0.45724978747213296
7,"[2, -2]",-2.876889912840852,56.401920689074295,2000.0,1.5707963267948966,0.4417496998966078,0.3552949852507269,0.025123149339236334,0.4595622713862193
7,"[2, -2]",-2.876889912840852,56.401920689074295,2000.0,1.9634954084936207,0.4816242655581182,0.33922932798214595,0.02398713581935308,0.4661890787535762
7,"[2, -2]",-2.876889912840852,56.401920689074295,2000.0,2.356194490192345,0.4859345608235206,0.3666533381042495,0.025926306171819877,0.47612133822468183
7,"[2, -2]",-2.876889912840852,56.401920689074295,2000.0,2.748893571891069,0.5043621378966637,0.3530281779387299,0.024962861857040705,0.4878469533312168
7,"[2, -2]",-2.876889912840852,56.401920689074295,2000.0,3.141592653589793,0.47344767028896745,0.36534774320129326,0.02583398667088358,0.4995808054661767
7,"[2, -2]",-2.876889912840852,56.401920689074295,2000.0,3.5342917352885173,0.49260691503163456,0.3548039684272027,0.02508842920667727,0.5095365220096485
7,"[2, -2]",-2.876889912840852,56.401920689074295,2000.0,3.9269908169872414,0.5214525929315402,0.3576442572897036,0.025289267958197574,0.5161984353666836
7,"[2, -2]",-2.876889912840852,56.401920689074295,2000.0,4.319689898685965,0.5186377051441503,0.3370504267031132,0.023833064232359074,0.5185523296190686
7,"[2, -2]",-2.876889912840852,56.401920689074295,2000.0,4.71238898038469,0.5529095325757376,0.35891568652810674,0.025379171581824945,0.5162398457049823
7,"[2, -2]",-2.876889912840852,56.401920689074295,2000.0,5.105088062083414,0.49290471562135674,0.3507122466931308,0.02479910078818821,0.5096130383376254
7,"[2, -2]",-2.876889912840852,56.401920689074295,2000.0,5.497787143782138,0.4913815247855846,0.34141448439598204,0.024141649711170762,0.49968077886651974
7,"[2, -2]",-2.876889912840852,56.401920689074295,2000.0,5.890486225480862,0.4660045354132116,0.35548057570356123,0.0251362725660086,0.48795516375998477
1,"[4, -2]",-3.42018057358473,19.12,0.0,0.0,0.9960802868346428,0.005221976671408309,0.0003692495115550771,0.995724577926264
1,"[4, -2]",-3.42018057358473,19.12,0.0,0.39269908169872414,0.9573904423790711,0.00720124090617503,0.0005092046277714322,0.9578494318770217
1,"[4, -2]",-3.42018057358473,19.12,0.0,0.7853981633974483,0.8496422987160923,0.008600681757218608,0.0006081600393356708,0.8499559525994369
1,"[4, -2]",-3.42018057358473,19.12,0.0,1.1780972450961724,0.6883212329150035,0.01180367480649212,0.0008346458498591386,0.6884699442566969
1,"[4, -2]",-3.42018057358473,19.12,0.0,1.5707963267948966,0.49761198313969257,0.01151643785255287,0.0008143351300653575,0.49797618774467245
1,"[4, -2]",-3.42018057358473,19.12,0.0,1.9634954084936207,0.3073569208350249,0.00919382085510632,0.0006501013071659981,0.307475630662117
1,"[4, -2]",-3.42018057358473,19.12,0.0,2.356194490192345,0.14624986373118987,0.006342863985277809,0.0004485082136133868,0.14597025593299878
1,"[4, -2]",-3.42018057358473,19.12,0.0,2.748893571891069,0.03852272601063004,0.004479688831334871,0.0003167618350242527,0.0380477928099589
1,"[4, -2]",-3.42018057358473,19.12,0.0,3.141592653589793,0.00013696095249093594,0.0002475246769906883,1.7502637761112546e-05,0.00013845798391537434
1,"[4, -2]",-3.42018057358473,19.12,0.0,3.5342917352885173,0.038074299066644716,0.004033739370812533,0.00028522844626406997,0.038013604033157566
1,"[4, -2]",-3.42018057358473,19.12,0.0,3.9269908169872414,0.1455579195269304,0.006933706437284206,0.0004902870840560479,0.14590708331074242
1,"[4, -2]",-3.42018057358473,19.12,0.0,4.319689898685965,0.30667551404227267,0.00903002043912673,0.0006385188686759635,0.30739309165348233
1,"[4, -2]",-3.42018057358473,19.12,0.0,4.71238898038469,0.49942776164098573,0.010149613334358801,0.0007176860415146513,0.4978868481655068
1,"[4, -2]",-3.42018057358473,19.12,0.0,5.105088062083414,0.6889328296255124,0.010397371280460513,0.0007352051738927886,0.6883874052480626
1,"[4, -2]",-3.42018057358473,19.12,0.0,5.497787143782138,0.8494628009450688,0.008483671081732164,0.0005998861351249026,0.8498927799771805
1,"[4, -2]",-3.42018057358473,19.12,0.0,5.890486225480862,0.9577023130073722,0.006571869782336728,0.000464701368816526,0.9578152431002205
1,"[4, -2]",-3.42018057358473,19.12,125.0,0.0,0.9821418997116973,0.024175872785145918,0.0017094923587479983,0.983453640868915
1,"[4, -2]",-3.42018057358473,19.12,125.0,0.39269908169872414,0.9451739258459113,0.048849593605395564,0.0034541878896582213,0.9474166760964715
1,"[4, -2]",-3.42018057358473,19.12,125.0,0.7853981633974483,0.84639768208818,0.06716660537143264,0.00474939621274208,0.8428715087697376
1,"[4, -2]",-3.42018057358473,19.12,125.0,1.1780972450961724,0.692028167502863,0.09601468596959728,0.00678926355425991,0.6857341929099067
1,"[4, -2]",-3.42018057358473,19.12,125.0,1.5707963267948966,0.4996257127523893,0.10514566395827044,0.007434921199725499,0.49992746040332253
1,"[4, -2]",-3.42018057358473,19.12,125.0,1.9634954084936207,0.3145298992490834,0.0962549747359758,0.00680625453587483,0.31373870193188813
1,"[4, -2]",-3.42018057358473,19.12,125.0,2.356194490192345,0.15156974490840655,0.07595709353763754,0.0053709775919684385,0.15551346816758088
1,"[4, -2]",-3.42018057358473,19.12,125.0,2.748893571891069,0.05070980188241915,0.04488561026101832,0.003173891939326253,0.04934011663570076
1,"[4, -2]",-3.42018057358473,19.12,125.0,3.141592653589793,0.010936905002182425,0.02568521783947683,0.001816219171054775,0.011382577643148317
1,"[4, -2]",-3.42018057358473,19.12,125.0,3.5342917352885173,0.04931453337294212,0.05315821697329269,0.003758853569760109,0.0474195424155916
1,"[4, -2]",-3.42018057358473,19.12,125.0,3.9269908169872414,0.15168418431411826,0.07678629456287757,0.0054296109587598455,0.15196470974232562
1,"[4, -2]",-3.42018057358473,19.12,125.0,4.319689898685965,0.3068305493071262,0.09749373892087684,0.006893848391418285,0.3091020256021563
1,"[4, -2]",-3.42018057358473,19.12,125.0,4.71238898038469,0.48394339807490766,0.10776269920401159,0.007619973536612276,0.4949087581087407
1,"[4, -2]",-3.42018057358473,19.12,125.0,5.105088062083414,0.6848522793822924,0.10438584703244119,0.007381194029654081,0.6810975165801753
1,"[4, -2]",-3.42018057358473,19.12,125.0,5.497787143782138,0.8447872336035046,0.07718908646838342,0.005458092647538869,0.8393227503444823
1,"[4, -2]",-3.42018057358473,19.12,125.0,5.890486225480862,0.9482252638321139,0.04080083034899241,0.002885054381781442,0.9454961018763623
1,"[4, -2]",-3.42018057358473,19.12,250.0,0.0,0.9509321257005305,0.07697072424239712,0.005442652106463879,0.9539372697126989
1,"[4, -2]",-3.42018057358473,19.12,250.0,0.39269908169872414,0.9228086656563994,0.09621307259782219,0.006803291607271366,0.920775234610701
1,"[4, -2]",-3.42018057358473,19.12,250.0,0.7853981633974483,0.8156313791698304,0.17041350877054612,0.012050054765744635,0.8238296718821354
1,"[4, -2]",-3.42018057358473,19.12,250.0,1.1780972450961724,0.686632490798811,0.16131597601190079,0.011406762055174147,0.6778596646387117
1,"[4, -2]",-3.42018057358473,19.12,250.0,1.5707963267948966,0.5107753681124734,0.18154441188781192,0.012837128473239548,0.5050878232618307
1,"[4, -2]",-3.42018057358473,19.12,250.0,1.9634954084936207,0.3422123042796785,0.18278709871260648,0.012924999701309888,0.33181709442048013
1,"[4, -2]",-3.42018057358473,19.12,250.0,2.356194490192345,0.1852141081712469,0.15057368154220996,0.010647167128672034,0.18442637587768734
1,"[4, -2]",-3.42018057358473,19.12,250.0,2.748893571891069,0.08367990998041766,0.10322233350212448,0.007298921198925157,0.08535456843140193
1,"[4, -2]",-3.42018057358473,19.12,250.0,3.141592653589793,0.045363416944266,0.08737293242652211,0.006178199301094777,0.04968445667714988
1,"[4, -2]",-3.42018057358473,19.12,250.0,3.5342917352885173,0.07897752037891635,0.11430112813693495,0.008082310280289919,0.08284649177914788
1,"[4, -2]",-3.42018057358473,19.12,250.0,3.9269908169872414,0.18361934916360448,0.14722996872376756,0.010410730927845934,0.1797920545077133
1,"[4, -2]",-3.42018057358473,19.12,250.0,4.319689898685965,0.3392133642072322,0.20124767302586233,0.01423035942946003,0.325762061751137
1,"[4, -2]",-3.42018057358473,19.12,250.0,4.71238898038469,0.5189302944298837,0.1862093899003647,0.013166992231915768,0.49853390312801826
1,"[4, -2]",-3.42018057358473,19.12,250.0,5.105088062083414,0.6675390925524073,0.18293940496644742,0.012935769379800694,0.671804631969369
1,"[4, -2]",-3.42018057358473,19.12,250.0,5.497787143782138,0.814487974357052,0.1396873658952608,0.009877388367062537,0.8191953505121612
1,"[4, -2]",-3.42018057358473,19.12,250.0,5.890486225480862,0.9183106958594341,0.08951841014394712,0.006329907485382364,0.9182671579584468
1,"[4, -2]",-3.42018057358473,19.12,375.0,0.0,0.9020959009783237,0.1426670606367463,0.010088084602819567,0.900546301287688
1,"[4, -2]",-3.42018057358473,19.12,375.0,0.39269908169872414,0.8781916072838627,0.17242594793240898,0.012192355703552494,0.872121428950595
1,"[4, -2]",-3.42018057358473,19.12,375.0,0.7853981633974483,0.792744662149139,0.18351184520962033,0.012976247017577857,0.7868605081470779
1,"[4, -2]",-3.42018057358473,19.12,375.0,1.1780972450961724,0.6353561142613704,0.23324177830510476,0.016492684309554893,0.6577437411773008
1,"[4, -2]",-3.42018057358473,19.12,375.0,1.5707963267948966,0.5060067675796722,0.23499447816147082,0.016616618904937007,0.5044279853660047
1,"[4, -2]",-3.42018057358473,19.12,375.0,1.9634954084936207,0.3374563385330991,0.22612848142988115,0.015989698263848523,0.3502541747246725
1,"[4, -2]",-3.42018057358473,19.12,375.0,2.356194490192345,0.2192223433059496,0.1749625624870701,0.012371721438838232,0.2186938743343731
1,"[4, -2]",-3.42018057358473,19.12,375.0,2.748893571891069,0.134504984909902,0.17494858091551058,0.012370732792432095,0.12977594733243675
1,"[4, -2]",-3.42018057358473,19.12,375.0,3.141592653589793,0.10386282439144788,0.1669938567819189,0.011808248854698998,0.0970373420618928
1,"[4, -2]",-3.42018057358473,19.12,375.0,3.5342917352885173,0.13454449850239583,0.18206923265245858,0.012874238905398464,0.12546221439898592
1,"[4, -2]",-3.42018057358473,19.12,375.0,3.9269908169872414,0.20351429007872085,0.21163335897531102,0.014964738325672931,0.21072313520250274
1,"[4, -2]",-3.42018057358473,19.12,375.0,4.319689898685965,0.3113145519065504,0.2091671097057387,0.014790348167411836,0.33983990217228
1,"[4, -2]",-3.42018057358473,19.12,375.0,4.71238898038469,0.5228063475923023,0.24240934674005105,0.01714092929028912,0.49315565798357613
1,"[4, -2]",-3.42018057358473,19.12,375.0,5.105088062083414,0.6286425135798345,0.22246093968539576,0.01573036390006749,0.6473294686249086
1,"[4, -2]",-3.42018057358473,19.12,375.0,5.497787143782138,0.7878061809244667,0.19095702782310006,0.013502700928894228,0.7788897690152077
1,"[4, -2]",-3.42018057358473,19.12,375.0,5.890486225480862,0.865599697682602,0.1764872263959867,0.012479531457740764,0.8678076960171441
1,"[4, -2]",-3.42018057358473,19.12,500.0,0.0,0.84403360278513,0.20464029770248285,0.014470254220945947,0.866249251737258
1,"[4, -2]",-3.42018057358473,19.12,500.0,0.39269908169872414,0.846629637678206,0.19462478703316352,0.013762050669813756,0.8459656167039374
1,"[4, -2]",-3.42018057358473,19.12,500.0,0.7853981633974483,0.7983597939437722,0.21738477195020986,0.015371424637268457,0.7736985646990318
1,"[4, -2]",-3.42018057358473,19.12,500.0,1.1780972450961724,0.667116111724681,0.2663132717666961,0.018831192038620676,0.6604500992878302
1,"[4, -2]",-3.42018057358473,19.12,500.0,1.5707963267948966,0.5036613890184286,0.27933050435294304,0.019751649382022445,0.5234612727292928
1,"[4, -2]",-3.42018057358473,19.12,500.0,1.9634954084936207,0.37138971338034493,0.26553679722368956,0.01877628699714281,0.3835873920601516
1,"[4, -2]",-3.42018057358473,19.12,500.0,2.356194490192345,0.2707941386128014,0.2780887844332404,0.01966384652446683,0.26212298765239783
1,"[4, -2]",-3.42018057358473,19.12,500.0,2.748893571891069,0.16331788150899762,0.2251057638917921,0.015917381213206405,0.17755991399954418
1,"[4, -2]",-3.42018057358473,19.12,500.0,3.141592653589793,0.15295451159664883,0.2207095272778457,0.015606520341064198,0.1427721324990659
1,"[4, -2]",-3.42018057358473,19.12,500.0,3.5342917352885173,0.1699240818693176,0.21704475699056247,0.015347381948901303,0.16305576753238643
1,"[4, -2]",-3.42018057358473,19.12,500.0,3.9269908169872414,0.2339748090840833,0.23199868097857343,0.016404784054628377,0.235322819537292
1,"[4, -2]",-3.42018057358473,19.12,500.0,4.319689898685965,0.3511026301099021,0.27482470008907506,0.019433040907054413,0.34857128494849343
1,"[4, -2]",-3.42018057358473,19.12,500.0,4.71238898038469,0.4833601962319864,0.3011393416207502,0.021293767054208476,0.48556011150703104
1,"[4, -2]",-3.42018057358473,19.12,500.0,5.105088062083414,0.6236820830086643,0.27657600904227986,0.019556877150730796,0.6254339921761723
1,"[4, -2]",-3.42018057358473,19.12,500.0,5.497787143782138,0.7329583253330253,0.25321220620834095,0.01790480680891243,0.746898396583926
1,"[4, -2]",-3.42018057358473,19.12,500.0,5.890486225480862,0.8463633622251033,0.1944602057420454,0.01375041301511315,0.8314614702367795
1,"[4, -2]",-3.42018057358473,19.12,625.0,0.0,0.809410662795959,0.21099217283065608,0.014919399618584094,0.810323823774553
1,"[4, -2]",-3.42018057358473,19.12,625.0,0.39269908169872414,0.8093796236594639,0.24327414797405894,0.017202079971983666,0.7991467783894654
1,"[4, -2]",-3.42018057358473,19.12,625.0,0.7853981633974483,0.737831720901196,0.2616160006117179,0.018499044809944968,0.7417741187809592
1,"[4, -2]",-3.42018057358473,19.12,625.0,1.1780972450961724,0.6727124654189274,0.2779133095819564,0.019651438578739768,0.6469403122899748
1,"[4, -2]",-3.42018057358473,19.12,625.0,1.5707963267948966,0.5298320789609172,0.32203434919466034,0.02277126720905409,0.5290829462841687
1,"[4, -2]",-3.42018057358473,19.12,625.0,1.9634954084936207,0.3855813376532813,0.29673551296705475,0.020982369343787312,0.4061447363582408
1,"[4, -2]",-3.42018057358473,19.12,625.0,2.356194490192345,0.28654271964596156,0.29026620591208746,0.020524920254972778,0.29684191053576603
1,"[4, -2]",-3.42018057358473,19.12,625.0,2.748893571891069,0.2377400842668399,0.26708086056028707,0.018885468762731773,0.21781483321563233
1,"[4, -2]",-3.42018057358473,19.12,625.0,3.141592653589793,0.17969895148362672,0.23060429715774997,0.016306186229100267,0.1810946605375906
1,"[4, -2]",-3.42018057358473,19.12,625.0,3.5342917352885173,0.17295494742999779,0.21485585321285383,0.015192603078443041,0.19227170592267828
1,"[4, -2]",-3.42018057358473,19.12,625.0,3.9269908169872414,0.2680427820014917,0.2625830618117482,0.01856742636318135,0.24964436553118444
1,"[4, -2]",-3.42018057358473,19.12,625.0,4.319689898685965,0.34006707886093396,0.27237135415138647,0.019259563152140807,0.34447817202216846
1,"[4, -2]",-3.42018057358473,19.12,625.0,4.71238898038469,0.4789460997190305,0.30022125697054725,0.0212288486660223,0.4623355380279749
1,"[4, -2]",-3.42018057358473,19.12,625.0,5.105088062083414,0.6035300467286012,0.2944128324805323,0.020818131031532343,0.5852737479539029
1,"[4, -2]",-3.42018057358473,19.12,625.0,5.497787143782138,0.6923942322556182,0.2794744371691907,0.019761826969062844,0.6945765737763776
1,"[4, -2]",-3.42018057358473,19.12,625.0,5.890486225480862,0.740717966683098,0.2593532281895143,0.01833904263754276,0.7736036510965112
1,"[4, -2]",-3.42018057358473,19.12,750.0,0.0,0.7682216598196514,0.26013275606771624,0.018394163582422816,0.7580208098526908
1,"[4, -2]",-3.42018057358473,19.12,750.0,0.39269908169872414,0.7329177508585265,0.2803602777118754,0.019824465354541077,0.7520386324428674
1,"[4, -2]",-3.42018057358473,19.12,750.0,0.7853981633974483,0.7317103553539833,0.2852150400909651,0.020167748894471444,0.7081789726087758
1,"[4, -2]",-3.42018057358473,19.12,750.0,1.1780972450961724,0.6158841566945112,0.3177976075095569,0.022471684331486854,0.6331190659713504
1,"[4, -2]",-3.42018057358473,19.12,750.0,1.5707963267948966,0.5032800530139729,0.32140848122153776,0.022727011660261847,0.5382861028963909
1,"[4, -2]",-3.42018057358473,19.12,750.0,1.9634954084936207,0.45961840510652563,0.31589323914696366,0.022337025153180173,0.43811754234910893
1,"[4, -2]",-3.42018057358473,19.12,750.0,2.356194490192345,0.3839862834527843,0.3135940754809112,0.022174449731247835,0.34786313964256577
1,"[4, -2]",-3.42018057358473,19.12,750.0,2.748893571891069,0.26580956534178973,0.28777036497106034,0.020348437649556447,0.2812633094306347
1,"[4, -2]",-3.42018057358473,19.12,750.0,3.141592653589793,0.2526899468321303,0.280158307044521,0.01981018387169237,0.24845727213411778
1,"[4, -2]",-3.42018057358473,19.12,750.0,3.5342917352885173,0.2545127428264555,0.27696354643289417,0.01958428018241747,0.2544394495439413
1,"[4, -2]",-3.42018057358473,19.12,750.0,3.9269908169872414,0.268253698993461,0.2774804634209727,0.019620831733175553,0.2982991093780328
1,"[4, -2]",-3.42018057358473,19.12,750.0,4.319689898685965,0.38101906085943554,0.3250217008058303,0.022982504867258776,0.3733590160154582
1,"[4, -2]",-3.42018057358473,19.12,750.0,4.71238898038469,0.5046290517907476,0.3295221895496075,0.023300737478196634,0.46819197909041776
1,"[4, -2]",-3.42018057358473,19.12,750.0,5.105088062083414,0.5612252315729893,0.3260629593342512,0.02305613296390025,0.5683605396376998
1,"[4, -2]",-3.42018057358473,19.12,750.0,5.497787143782138,0.6505512874794468,0.30242433648650124,0.021384629912544726,0.6586149423442429
1,"[4, -2]",-3.42018057358473,19.12,750.0,5.890486225480862,0.7251298489205888,0.3129687355227419,0.02213023151875099,0.725214772556174
1,"[4, -2]",-3.42018057358473,19.12,875.0,0.0,0.7248425169457624,0.28779592461082676,0.0203502449890168,0.7111202163182091
1,"[4, -2]",-3.42018057358473,19.12,875.0,0.39269908169872414,0.7073681657431468,0.28935709238302415,0.020460636220845867,0.7155234453387919
1,"[4, -2]",-3.42018057358473,19.12,875.0,0.7853981633974483,0.7147703425984817,0.2904082628680339,0.02053496519865922,0.6869207792925321
1,"[4, -2]",-3.42018057358473,19.12,875.0,1.1780972450961724,0.6051265496303626,0.3370577640110369,0.023833583058377922,0.6296667148011594
1,"[4, -2]",-3.42018057358473,19.12,875.0,1.5707963267948966,0.5718227838724167,0.33131465253779996,0.023427483751594314,0.5524776641740985
1,"[4, -2]",-3.42018057358473,19.12,875.0,1.9634954084936207,0.44530260528200477,0.34464994868678944,0.024370431585202443,0.46710496064883256
1,"[4, -2]",-3.42018057358473,19.12,875.0,2.356194490192345,0.3996972013824845,0.3256605638356525,0.023027679305322443,0.3865458244315991
1,"[4, -2]",-3.42018057358473,19.12,875.0,2.748893571891069,0.3033067099914194,0.29943318923177653,0.02117312386181039,0.3230646537410834
1,"[4, -2]",-3.42018057358473,19.12,875.0,3.141592653589793,0.2754399939708407,0.2820242781043804,0.019942127950684813,0.2863258813566713
1,"[4, -2]",-3.42018057358473,19.12,875.0,3.5342917352885173,0.2941431814438842,0.3009138288444146,0.021277820892869368,0.2819226523360885
1,"[4, -2]",-3.42018057358473,19.12,875.0,3.9269908169872414,0.34394832594599867,0.33097587507339,0.023403528567354566,0.3105253183823482
1,"[4, -2]",-3.42018057358473,19.12,875.0,4.319689898685965,0.36932181550384924,0.32164564838171944,0.022743781910985767,0.3677793828737207
1,"[4, -2]",-3.42018057358473,19.12,875.0,4.71238898038469,0.4238812690945797,0.33891032178653063,0.023964578674937072,0.44496843350078186
1,"[4, -2]",-3.42018057358473,19.12,875.0,5.105088062083414,0.5384916137255054,0.3423020463387059,0.024204409818013077,0.5303411370260478
1,"[4, -2]",-3.42018057358473,19.12,875.0,5.497787143782138,0.5964790765700232,0.31581678988784695,0.022331619374226366,0.6109002732432812
1,"[4, -2]",-3.42018057358473,19.12,875.0,5.890486225480862,0.6612938662891829,0.30761536051776817,0.02175169074192584,0.6743814439337968
1,"[4, -2]",-3.42018057358473,19.12,1000.0,0.0,0.6665779444856145,0.3080486202296088,0.021782326829951588,0.6656167120926421
1,"[4, -2]",-3.42018057358473,19.12,1000.0,0.39269908169872414,0.6923146204623211,0.2937780482691821,0.020773245009488753,0.6830564084506048
1,"[4, -2]",-3.42018057358473,19.12,1000.0,0.7853981633974483,0.6645866956538279,0.32006208880521664,0.022631807339489964,0.6724967013725806
1,"[4, -2]",-3.42018057358473,19.12,1000.0,1.1780972450961724,0.5952492665286155,0.35644505931349013,0.025204471856101,0.6355452105372157
1,"[4, -2]",-3.42018057358473,19.12,1000.0,1.5707963267948966,0.6062366673372739,0.32287281495632275,0.022830555691640515,0.5778274654580959
1,"[4, -2]",-3.42018057358473,19.12,1000.0,1.9634954084936207,0.5088978555392218,0.3481220430272553,0.02461594573050873,0.5081304696108551
1,"[4, -2]",-3.42018057358473,19.12,1000.0,2.356194490192345,0.42782767208121086,0.34318021051038966,0.02426650540209234,0.43706495880839513
1,"[4, -2]",-3.42018057358473,19.12,1000.0,2.748893571891069,0.38544131659494096,0.3265669375057808,0.023091769602166107,0.37545001285993074
1,"[4, -2]",-3.42018057358473,19.12,1000.0,3.141592653589793,0.32737572135297605,0.3144598329484702,0.02223566802886522,0.3326659487452399
1,"[4, -2]",-3.42018057358473,19.12,1000.0,3.5342917352885173,0.3181475926042148,0.3266865125041661,0.023100224831387968,0.31522625238727725
1,"[4, -2]",-3.42018057358473,19.12,1000.0,3.9269908169872414,0.3557113203524341,0.3218698249909249,0.02275963359104103,0.3257859594653014
1,"[4, -2]",-3.42018057358473,19.12,1000.0,4.319689898685965,0.33400839606196087,0.3149193460062732,0.022268160508786845,0.3627374503006662
1,"[4, -2]",-3.42018057358473,19.12,1000.0,4.71238898038469,0.38318043245901573,0.3220452379168137,0.022772037157981404,0.42045519537978604
1,"[4, -2]",-3.42018057358473,19.12,1000.0,5.105088062083414,0.5068503676125925,0.3361355218853687,0.023768370692282336,0.4901521912270269
1,"[4, -2]",-3.42018057358473,19.12,1000.0,5.497787143782138,0.6109591398289453,0.33566450827307676,0.023735065000354053,0.5612177020294868
1,"[4, -2]",-3.42018057358473,19.12,1000.0,5.890486225480862,0.6013427126289761,0.3125123778318212,0.022097962156961325,0.6228326479779511
1,"[4, -2]",-3.42018057358473,19.12,1125.0,0.0,0.6013285574022764,0.3339113994623338,0.02361110148753063,0.588571188145913
1,"[4, -2]",-3.42018057358473,19.12,1125.0,0.39269908169872414,0.6181041050567291,0.3124733674087877,0.02209520370349493,0.6199774611627533
1,"[4, -2]",-3.42018057358473,19.12,1125.0,0.7853981633974483,0.6401624024969363,0.3137174145747914,0.022183171122214643,0.6332474778551328
1,"[4, -2]",-3.42018057358473,19.12,1125.0,1.1780972450961724,0.6310872306879399,0.3350819167069068,0.023693869555643968,0.6263609984746374
1,"[4, -2]",-3.42018057358473,19.12,1125.0,1.5707963267948966,0.5860964108451231,0.33654540650167436,0.023797353911451713,0.6003664270808566
1,"[4, -2]",-3.42018057358473,19.12,1125.0,1.9634954084936207,0.5407705948104141,0.35112398956950797,0.024828215406187366,0.5592212015271172
1,"[4, -2]",-3.42018057358473,19.12,1125.0,2.356194490192345,0.5069590780638146,0.362385960512599,0.02562455700852592,0.5091893094215773
1,"[4, -2]",-3.42018057358473,19.12,1125.0,2.748893571891069,0.4629113223642139,0.3549983220926933,0.025102172086158957,0.45788765279707416
1,"[4, -2]",-3.42018057358473,19.12,1125.0,3.141592653589793,0.43938254330346527,0.3351553817260295,0.023699064316964134,0.41312644382401303
1,"[4, -2]",-3.42018057358473,19.12,1125.0,3.5342917352885173,0.36108319870545885,0.34320961819731033,0.024268584839576404,0.3817201708071727
1,"[4, -2]",-3.42018057358473,19.12,1125.0,3.9269908169872414,0.38343444107093416,0.33065531756084904,0.023380861728266766,0.3684501541147932
1,"[4, -2]",-3.42018057358473,19.12,1125.0,4.319689898685965,0.38959686930197507,0.3396800431432824,0.024019006194035398,0.37533663349528856
1,"[4, -2]",-3.42018057358473,19.12,1125.0,4.71238898038469,0.38061853212102226,0.3458231411718304,0.0244533888213834,0.4013312048890693
1,"[4, -2]",-3.42018057358473,19.12,1125.0,5.105088062083414,0.4163274390852996,0.3451146475650667,0.02440329075800641,0.4424764304428089
1,"[4, -2]",-3.42018057358473,19.12,1125.0,5.497787143782138,0.495254825465767,0.3629264731630022,0.02566277702456764,0.4925083225483487
1,"[4, -2]",-3.42018057358473,19.12,1125.0,5.890486225480862,0.5553518036915335,0.34339611468657294,0.02428177213279891,0.5438099791728518
1,"[4, -2]",-3.42018057358473,19.12,1250.0,0.0,0.5371303262371729,0.34820961483033147,0.024622137992088317,0.5335756641395896
1,"[4, -2]",-3.42018057358473,19.12,1250.0,0.39269908169872414,0.5596908572266739,0.3386329221415373,0.02394496355792972,0.5684557376984347
1,"[4, -2]",-3.42018057358473,19.12,1250.0,0.7853981633974483,0.5978160700089622,0.3354774160228663,0.02372183558047093,0.5920469825146119
1,"[4, -2]",-3.42018057358473,19.12,1250.0,1.1780972450961724,0.5861505188639748,0.3344547620798144,0.023649523026677013,0.6007578454200246
1,"[4, -2]",-3.42018057358473,19.12,1250.0,1.5707963267948966,0.5753464422728272,0.3466339285394489,0.024510720145957746,0.5932621765014929
1,"[4, -2]",-3.42018057358473,19.12,1250.0,1.9634954084936207,0.5884716690296038,0.35072995627479664,0.024800353044717,0.5707011234034551
1,"[4, -2]",-3.42018057358473,19.12,1250.0,2.356194490192345,0.547963123385457,0.351011486495803,0.024820260237555253,0.5365094019436321
1,"[4, -2]",-3.42018057358473,19.12,1250.0,2.748893571891069,0.49521970548983874,0.3410726395590463,0.024117477630939674,0.49589239176555483
1,"[4, -2]",-3.42018057358473,19.12,1250.0,3.141592653589793,0.47571053972089766,0.3455898165931251,0.0244368902822014,0.4550336644747215
1,"[4, -2]",-3.42018057358473,19.12,1250.0,3.5342917352885173,0.4287191510041264,0.34630810735544476,0.02448768110909139,0.42015359091587634
1,"[4, -2]",-3.42018057358473,19.12,1250.0,3.9269908169872414,0.3447903891449162,0.32648572921643576,0.023086027308957664,0.3965623460996992
1,"[4, -2]",-3.42018057358473,19.12,1250.0,4.319689898685965,0.3893379121668052,0.3347519073757868,0.02367053437205499,0.3878514831942865
1,"[4, -2]",-3.42018057358473,19.12,1250.0,4.71238898038469,0.4139195509755208,0.3423283605051968,0.024206270510569776,0.3953471521128182
1,"[4, -2]",-3.42018057358473,19.12,1250.0,5.105088062083414,0.42405851841059417,0.34993054365139614,0.02474382603601974,0.4179082052108559
1,"[4, -2]",-3.42018057358473,19.12,1250.0,5.497787143782138,0.4555218326109784,0.3500604124096164,0.024753009143979918,0.452099926670679
1,"[4, -2]",-3.42018057358473,19.12,1250.0,5.890486225480862,0.497129011573562,0.3542504944233159,0.02504929268454139,0.4927169368487561
1,"[4, -2]",-3.42018057358473,19.12,1375.0,0.0,0.4936909621787844,0.34893051989356366,0.02467311367796864,0.4779812241704122
1,"[4, -2]",-3.42018057358473,19.12,1375.0,0.39269908169872414,0.5038806738764127,0.35302760263860844,0.024962821177178993,0.5120978710175154
1,"[4, -2]",-3.42018057358473,19.12,1375.0,0.7853981633974483,0.5374539182912591,0.3318387851002185,0.023464545520507,0.5437828150869911
1,"[4, -2]",-3.42018057358473,19.12,1375.0,1.1780972450961724,0.5444017865265942,0.367268347514354,0.02596979390425772,0.5682123108689952
1,"[4, -2]",-3.42018057358473,19.12,1375.0,1.5707963267948966,0.6151610823653177,0.33881371392482745,0.023957747467524448,0.581667189084648
1,"[4, -2]",-3.42018057358473,19.12,1375.0,1.9634954084936207,0.5806861055059039,0.3424250951533348,0.02421311068313718,0.5820990664943914
1,"[4, -2]",-3.42018057358473,19.12,1375.0,2.356194490192345,0.5459073037113951,0.346771710543978,0.024520462804930542,0.5694421936775701
1,"[4, -2]",-3.42018057358473,19.12,1375.0,2.748893571891069,0.5770404860534428,0.35148782593425565,0.0248539425222629,0.5456234647857077
1,"[4, -2]",-3.42018057358473,19.12,1375.0,3.141592653589793,0.5154561144302601,0.3282138551844216,0.023208224268028398,0.5142690653752748
1,"[4, -2]",-3.42018057358473,19.12,1375.0,3.5342917352885173,0.44989630584710255,0.34898199636107446,0.02467675361389348,0.4801524185281717
1,"[4, -2]",-3.42018057358473,19.12,1375.0,3.9269908169872414,0.451126783483419,0.35182363697893787,0.024877687948952114,0.44846747445869595
1,"[4, -2]",-3.42018057358473,19.12,1375.0,4.319689898685965,0.43615891505922816,0.3321646779883124,0.023487589627618162,0.4240379786766919
1,"[4, -2]",-3.42018057358473,19.12,1375.0,4.71238898038469,0.40873894419170737,0.35770472575671114,0.025293543724504472,0.410583100461039
1,"[4, -2]",-3.42018057358473,19.12,1375.0,5.105088062083414,0.3908574306267463,0.3494927545161217,0.024712869669391502,0.41015122305129575
1,"[4, -2]",-3.42018057358473,19.12,1375.0,5.497787143782138,0.4632140737686909,0.35027109445956933,0.02476790661459952,0.42280809586811696
1,"[4, -2]",-3.42018057358473,19.12,1375.0,5.890486225480862,0.4214298109167716,0.33974305611646805,0.02402346188409963,0.44662682475997945
1,"[4, -2]",-3.42018057358473,19.12,1500.0,0.0,0.4437690521806262,0.36154934736728034,0.025565399525697453,0.4643442382863692
1,"[4, -2]",-3.42018057358473,19.12,1500.0,0.39269908169872414,0.4708791874196163,0.3585442399731637,0.025352906344040086,0.4805073763265475
1,"[4, -2]",-3.42018057358473,19.12,1500.0,0.7853981633974483,0.5214253088905099,0.35615218811724636,0.025183762735213184,0.5001381434128124
1,"[4, -2]",-3.42018057358473,19.12,1500.0,1.1780972450961724,0.5221198021706565,0.34742703336900316,0.024566801126274705,0.5202479332096267
1,"[4, -2]",-3.42018057358473,19.12,1500.0,1.5707963267948966,0.5194335926333754,0.3441529282730388,0.02433528693470732,0.5377752125161241
1,"[4, -2]",-3.42018057358473,19.12,1500.0,1.9634954084936207,0.5538549545282545,0.34657223475534116,0.02450635773664778,0.550051611943073
1,"[4, -2]",-3.42018057358473,19.12,1500.0,2.356194490192345,0.5612460239960966,0.3483740404441807,0.02463376463874367,0.5552081609635581
1,"[4, -2]",-3.42018057358473,19.12,1500.0,2.748893571891069,0.556946044453345,0.33432256653215453,0.023640175389857715,0.5524598217334439
1,"[4, -2]",-3.42018057358473,19.12,1500.0,3.141592653589793,0.5560155957623062,0.3563413067849155,0.025197135444448963,0.5422250039867582
1,"[4, -2]",-3.42018057358473,19.12,1500.0,3.5342917352885173,0.4932943487588332,0.3710117442227132,0.02623449202397294,0.5260618659465799
1,"[4, -2]",-3.42018057358473,19.12,1500.0,3.9269908169872414,0.5058355197032562,0.34539276336055336,0.024422956514500778,0.5064310988603151
1,"[4, -2]",-3.42018057358473,19.12,1500.0,4.319689898685965,0.5040206837156262,0.3489958983150769,0.024677736630488164,0.4863213090635007
1,"[4, -2]",-3.42018057358473,19.12,1500.0,4.71238898038469,0.4632255802659795,0.3616306957028105,0.025571151721666616,0.46879402975700324
1,"[4, -2]",-3.42018057358473,19.12,1500.0,5.105088062083414,0.44718528303375993,0.3433629309761634,0.024279425690133357,0.45651763033005444
1,"[4, -2]",-3.42018057358473,19.12,1500.0,5.497787143782138,0.4630058396071341,0.34662674594658266,0.02451021225994552,0.45136108130956937
1,"[4, -2]",-3.42018057358473,19.12,1500.0,5.890486225480862,0.4665813702646646,0.36004090804683897,0.025458736758448203,0.4541094205396835
1,"[4, -2]",-3.42018057358473,19.12,1625.0,0.0,0.4789846794342978,0.355320122086792,0.025124926781960256,0.4461921090554156
1,"[4, -2]",-3.42018057358473,19.12,1625.0,0.39269908169872414,0.4252420895422325,0.3564257901200782,0.02520310931836804,0.45155025215042555
1,"[4, -2]",-3.42018057358473,19.12,1625.0,0.7853981633974483,0.43103685966170274,0.3430878360434449,0.024259973540893827,0.46410239539583503
1,"[4, -2]",-3.42018057358473,19.12,1625.0,1.1780972450961724,0.4552721891232882,0.34000398987972297,0.024041912687443438,0.4819375887679924
1,"[4, -2]",-3.42018057358473,19.12,1625.0,1.5707963267948966,0.5421978230100284,0.34750208415670275,0.024572108018366283,0.5023405857524171
1,"[4, -2]",-3.42018057358473,19.12,1625.0,1.9634954084936207,0.5330322926272025,0.31778139880186335,0.022470538202774417,0.5222052150118589
1,"[4, -2]",-3.42018057358473,19.12,1625.0,2.356194490192345,0.5257855788393226,0.3634934129816279,0.02570286572359513,0.5385072668148803
1,"[4, -2]",-3.42018057358473,19.12,1625.0,2.748893571891069,0.5434615656639663,0.34771549262212437,0.024587198275672507,0.5487649015529388
1,"[4, -2]",-3.42018057358473,19.12,1625.0,3.141592653589793,0.6045016435462158,0.342514597886519,0.02421943948209411,0.5514164873228555
1,"[4, -2]",-3.42018057358473,19.12,1625.0,3.5342917352885173,0.5306530374872331,0.3458225106947398,0.024453344239920786,0.5460583442278456
1,"[4, -2]",-3.42018057358473,19.12,1625.0,3.9269908169872414,0.48167234463916814,0.34623284388451914,0.024482359178024674,0.5335062009824361
1,"[4, -2]",-3.42018057358473,19.12,1625.0,4.319689898685965,0.5150875817266208,0.3518487651524385,0.02487946477914023,0.5156710076102787
1,"[4, -2]",-3.42018057358473,19.12,1625.0,4.71238898038469,0.49421810657818555,0.34994790602973497,0.02474505374156583,0.49526801062585396
1,"[4, -2]",-3.42018057358473,19.12,1625.0,5.105088062083414,0.4823773496924524,0.3523982573454247,0.024918319744727187,0.47540338136641225
1,"[4, -2]",-3.42018057358473,19.12,1625.0,5.497787143782138,0.4913058093604715,0.3564437995949389,0.025204382780548002,0.4591013295633909
1,"[4, -2]",-3.42018057358473,19.12,1625.0,5.890486225480862,0.445362572538175,0.36701438373511475,0.025951835953210135,0.4488436948253324
1,"[4, -2]",-3.42018057358473,19.12,1750.0,0.0,0.4571778086685492,0.3546098036072124,0.025074699680588973,0.46831086066082495
1,"[4, -2]",-3.42018057358473,19.12,1750.0,0.39269908169872414,0.5003145845766475,0.35516656941630464,0.025114068968503166,0.4681147415017228
1,"[4, -2]",-3.42018057358473,19.12,1750.0,0.7853981633974483,0.44331704433308283,0.3423043159221034,0.02420457030179416,0.47376155800116787
1,"[4, -2]",-3.42018057358473,19.12,1750.0,1.1780972450961724,0.46135294462359155,0.35378760875413817,0.025016561724982424,0.48439163353563874
1,"[4, -2]",-3.42018057358473,19.12,1750.0,1.5707963267948966,0.5284632957258151,0.3652277048772932,0.02582549867959331,0.49838663546688683
1,"[4, -2]",-3.42018057358473,19.12,1750.0,1.9634954084936207,0.4933033564101428,0.3646368023913965,0.025783715564113557,0.513615951615888
1,"[4, -2]",-3.42018057358473,19.12,1750.0,2.356194490192345,0.5484260671254941,0.35807384839416906,0.025319644636508067,0.5277610566530517
1,"[4, -2]",-3.42018057358473,19.12,1750.0,2.748893571891069,0.5587632078582868,0.34471388034411155,0.02437495223604494,0.538668486562166
1,"[4, -2]",-3.42018057358473,19.12,1750.0,3.141592653589793,0.5260064094493739,0.3494836713200625,0.02471222739043867,0.5446776840156667
1,"[4, -2]",-3.42018057358473,19.12,1750.0,3.5342917352885173,0.5514789918780579,0.3486693462207812,0.02465464591045945,0.5448738031747689
1,"[4, -2]",-3.42018057358473,19.12,1750.0,3.9269908169872414,0.5230538579526538,0.3495390792132346,0.024716145320137998,0.5392269866753239
1,"[4, -2]",-3.42018057358473,19.12,1750.0,4.319689898685965,0.49983925440236343,0.36069977504313094,0.02550532569054601,0.5285969111408529
1,"[4, -2]",-3.42018057358473,19.12,1750.0,4.71238898038469,0.5543140616465368,0.35155924491180196,0.024858992606595742,0.5146019092096049
1,"[4, -2]",-3.42018057358473,19.12,1750.0,5.105088062083414,0.4947651669039675,0.34150551304173377,0.024148086408440086,0.4993725930606036
1,"[4, -2]",-3.42018057358473,19.12,1750.0,5.497787143782138,0.47834804201326164,0.35377849898845254,0.025015917567273293,0.48522748802344
1,"[4, -2]",-3.42018057358473,19.12,1750.0,5.890486225480862,0.4873616099643974,0.3624302933724043,0.02562769181510569,0.47432005811432565
1,"[4, -2]",-3.42018057358473,19.12,1875.0,0.0,0.49903411609019116,0.3426986287631264,0.02423245243017379,0.48637404410557467
1,"[4, -2]",-3.42018057358473,19.12,1875.0,0.39269908169872414,0.46571026396714144,0.35997023060218464,0.025453739108409,0.47395359615274385
1,"[4, -2]",-3.42018057358473,19.12,1875.0,0.7853981633974483,0.4785269505080349,0.35390151407965964,0.025024616047791375,0.46314184036559286
1,"[4, -2]",-3.42018057358473,19.12,1875.0,1.1780972450961724,0.4420405969646999,0.3327585505136218,0.02352958275659883,0.4555847685539053
1,"[4, -2]",-3.42018057358473,19.12,1875.0,1.5707963267948966,0.4712046086862667,0.33761364440037034,0.023872889737660552,0.45243287639598384
1,"[4, -2]",-3.42018057358473,19.12,1875.0,1.9634954084936207,0.4452815540545106,0.34198659766613465,0.024182104228463935,0.45416601090089864
1,"[4, -2]",-3.42018057358473,19.12,1875.0,2.356194490192345,0.4311050319948666,0.3685424851340515,0.02605988903936302,0.46052031805117977
1,"[4, -2]",-3.42018057358473,19.12,1875.0,2.748893571891069,0.48221909297795684,0.35991271348615006,0.025449672034130767,0.47052841218513464
1,"[4, -2]",-3.42018057358473,19.12,1875.0,3.141592653589793,0.5064168467731014,0.34613793958514844,0.024475648430659795,0.48266665169446793
1,"[4, -2]",-3.42018057358473,19.12,1875.0,3.5342917352885173,0.48713134823765186,0.33614790073048784,0.023769246008815036,0.49508709964729875
1,"[4, -2]",-3.42018057358473,19.12,1875.0,3.9269908169872414,0.47354790872704383,0.3679755452119251,0.026019800333016926,0.5058988554344497
1,"[4, -2]",-3.42018057358473,19.12,1875.0,4.319689898685965,0.5531289112554849,0.3471389082273534,0.024546427602125616,0.5134559272461373
1,"[4, -2]",-3.42018057358473,19.12,1875.0,4.71238898038469,0.5165020750998365,0.36676153101844183,0.02593395656615005,0.5166078194040588
1,"[4, -2]",-3.42018057358473,19.12,1875.0,5.105088062083414,0.4819992592850788,0.36055003672035113,0.0254947375922019,0.5148746848991439
1,"[4, -2]",-3.42018057358473,19.12,1875.0,5.497787143782138,0.523109609093995,0.34110262643063516,0.02411959802296438,0.5085203777488628
1,"[4, -2]",-3.42018057358473,19.12,1875.0,5.890486225480862,0.485915556500058,0.3604777415764888,0.02548962555355471,0.49851228361490796
1,"[4, -2]",-3.42018057358473,19.12,2000.0,0.0,0.5551381059475939,0.33153957952922325,0.023443388491685042,0.528562283281749
1,"[4, -2]",-3.42018057358473,19.12,2000.0,0.39269908169872414,0.5468959193771127,0.3611105560663902,0.025534372295258945,0.5174850388949755
1,"[4, -2]",-3.42018057358473,19.12,2000.0,0.7853981633974483,0.5080243343254797,0.34256499649954536,0.024223003202197443,0.5046008537418591
1,"[4, -2]",-3.42018057358473,19.12,2000.0,1.1780972450961724,0.4685453383601254,0.3423271282162092,0.02420618337457982,0.4918712282165324
1,"[4, -2]",-3.42018057358473,19.12,2000.0,1.5707963267948966,0.44810467820246996,0.34913622989350235,0.02468765957156009,0.48123413241088375
1,"[4, -2]",-3.42018057358473,19.12,2000.0,1.9634954084936207,0.4570963229873972,0.34458464499673125,0.02436581391699478,0.47430896773580955
1,"[4, -2]",-3.42018057358473,19.12,2000.0,2.356194490192345,0.47627464612551307,0.3484193420883786,0.024636967948724796,0.4721500277363157
1,"[4, -2]",-3.42018057358473,19.12,2000.0,2.748893571891069,0.502342545535571,0.3517412849665732,0.02487186478231337,0.47508599145648533
1,"[4, -2]",-3.42018057358473,19.12,2000.0,3.141592653589793,0.5154937814688931,0.3489710089578446,0.024675976687160334,0.48266988503450003
1,"[4, -2]",-3.42018057358473,19.12,2000.0,3.5342917352885173,0.4787971533943619,0.35063491124390833,0.024793632346131078,0.4937471294212735
1,"[4, -2]",-3.42018057358473,19.12,2000.0,3.9269908169872414,0.5229264359845817,0.35493263769447253,0.025097527497818954,0.50663131457439
1,"[4, -2]",-3.42018057358473,19.12,2000.0,4.319689898685965,0.493579389816191,0.3463508520079649,0.024490703612457032,0.5193609400997166
1,"[4, -2]",-3.42018057358473,19.12,2000.0,4.71238898038469,0.5321891731667373,0.3312663419050211,0.023424067673990176,0.5299980359053653
1,"[4, -2]",-3.42018057358473,19.12,2000.0,5.105088062083414,0.5072224399893034,0.36788974440353056,0.02601373329967222,0.5369232005804395
1,"[4, -2]",-3.42018057358473,19.12,2000.0,5.497787143782138,0.5236978431071557,0.35890091200777563,0.025378126865473454,0.5390821405799334
1,"[4, -2]",-3.42018057358473,19.12,2000.0,5.890486225480862,0.5520136515251781,0.36127521832817644,0.025546015675450402,0.5361461768597637
